ts,cents
1282089600,7
1282176000,7
1282262400,7
1282348800,7
1282435200,7
1282521600,7
1282608000,7
1282694400,7
1282780800,7
1282867200,7
1282953600,7
1283040000,6
1283126400,7
1283212800,7
1283299200,6
1283385600,6
1283472000,6
1283558400,6
1283644800,6
1283731200,6
1283817600,6
1283904000,6
1283990400,6
1284076800,6
1284163200,6
1284249600,6
1284336000,6
1284422400,6
1284508800,9
1284595200,15
1284681600,6
1284768000,6
1284854400,6
1284940800,6
1285027200,6
1285113600,6
1285200000,6
1285286400,6
1285372800,6
1285459200,6
1285545600,6
1285632000,6
1285718400,6
1285804800,6
1285891200,6
1285977600,6
1286064000,6
1286150400,6
1286236800,6
1286323200,6
1286409600,6
1286496000,7
1286582400,10
1286668800,12
1286755200,12
1286841600,12
1286928000,10
1287014400,10
1287100800,11
1287187200,12
1287273600,11
1287360000,10
1287446400,10
1287532800,10
1287619200,10
1287705600,11
1287792000,11
1287878400,13
1287964800,18
1288051200,16
1288137600,19
1288224000,19
1288310400,19
1288396800,19
1288483200,19
1288569600,20
1288656000,20
1288742400,21
1288828800,27
1288915200,24
1289001600,25
1289088000,34
1289174400,47
1289260800,36
1289347200,32
1289433600,26
1289520000,24
1289606400,26
1289692800,30
1289779200,30
1289865600,28
1289952000,28
1290038400,28
1290124800,29
1290211200,28
1290297600,29
1290384000,29
1290470400,28
1290556800,29
1290643200,28
1290729600,28
1290816000,29
1290902400,28
1290988800,28
1291075200,28
1291161600,26
1291248000,23
1291334400,25
1291420800,26
1291507200,25
1291593600,23
1291680000,23
1291766400,23
1291852800,25
1291939200,23
1292025600,21
1292112000,23
1292198400,23
1292284800,23
1292371200,23
1292457600,25
1292544000,25
1292630400,25
1292716800,25
1292803200,26
1292889600,27
1292976000,27
1293062400,26
1293148800,25
1293235200,25
1293321600,25
1293408000,27
1293494400,27
1293580800,29
1293667200,30
1293753600,30
1293840000,30
1293926400,30
1294012800,30
1294099200,30
1294185600,30
1294272000,30
1294358400,30
1294444800,32
1294531200,32
1294617600,32
1294704000,33
1294790400,33
1294876800,36
1294963200,42
1295049600,44
1295136000,40
1295222400,40
1295308800,40
1295395200,38
1295481600,35
1295568000,38
1295654400,44
1295740800,43
1295827200,44
1295913600,44
1296000000,43
1296086400,42
1296172800,43
1296259200,45
1296345600,45
1296432000,48
1296518400,61
1296604800,92
1296691200,82
1296777600,78
1296864000,89
1296950400,92
1297036800,92
1297123200,90
1297209600,91
1297296000,97
1297382400,108
1297468800,103
1297555200,109
1297641600,108
1297728000,108
1297814400,108
1297900800,105
1297987200,105
1298073600,104
1298160000,100
1298246400,94
1298332800,88
1298419200,89
1298505600,95
1298592000,96
1298678400,100
1298764800,98
1298851200,96
1298937600,95
1299024000,97
1299110400,95
1299196800,94
1299283200,93
1299369600,92
1299456000,91
1299542400,91
1299628800,90
1299715200,88
1299801600,89
1299888000,93
1299974400,92
1300060800,91
1300147200,90
1300233600,90
1300320000,89
1300406400,87
1300492800,84
1300579200,82
1300665600,79
1300752000,79
1300838400,81
1300924800,86
1301011200,90
1301097600,89
1301184000,90
1301270400,89
1301356800,84
1301443200,80
1301529600,80
1301616000,80
1301702400,80
1301788800,80
1301875200,80
1301961600,77
1302048000,72
1302134400,75
1302220800,78
1302307200,79
1302393600,77
1302480000,76
1302566400,81
1302652800,92
1302739200,99
1302825600,98
1302912000,109
1302998400,109
1303084800,111
1303171200,120
1303257600,119
1303344000,120
1303430400,123
1303516800,138
1303603200,165
1303689600,189
1303776000,171
1303862400,178
1303948800,212
1304035200,266
1304121600,305
1304208000,414
1304294400,395
1304380800,349
1304467200,351
1304553600,356
1304640000,352
1304726400,362
1304812800,375
1304899200,391
1304985600,424
1305072000,541
1305158400,604
1305244800,655
1305331200,856
1305417600,882
1305504000,854
1305590400,847
1305676800,827
1305763200,775
1305849600,728
1305936000,698
1306022400,661
1306108800,681
1306195200,739
1306281600,727
1306368000,795
1306454400,923
1306540800,888
1306627200,868
1306713600,862
1306800000,912
1306886400,947
1306972800,967
1307059200,1146
1307145600,1505
1307232000,1779
1307318400,1905
1307404800,1919
1307491200,2214
1307577600,3181
1307664000,3234
1307750400,3380
1307836800,2880
1307923200,2487
1308009600,2366
1308096000,2075
1308182400,1999
1308268800,1982
1308355200,1887
1308441600,1760
1308528000,1851
1308614400,1691
1308700800,1539
1308787200,1528
1308873600,1618
1308960000,1695
1309046400,1758
1309132800,1763
1309219200,1789
1309305600,1747
1309392000,1735
1309478400,1738
1309564800,1688
1309651200,1630
1309737600,1574
1309824000,1565
1309910400,1536
1309996800,1644
1310083200,1610
1310169600,1549
1310256000,1516
1310342400,1556
1310428800,1507
1310515200,1452
1310601600,1414
1310688000,1415
1310774400,1425
1310860800,1407
1310947200,1390
1311033600,1393
1311120000,1454
1311206400,1402
1311292800,1394
1311379200,1393
1311465600,1393
1311552000,1416
1311638400,1466
1311724800,1434
1311811200,1410
1311897600,1395
1311984000,1380
1312070400,1406
1312156800,1458
1312243200,1353
1312329600,1337
1312416000,1271
1312502400,1150
1312588800,1142
1312675200,1071
1312761600,958
1312848000,966
1312934400,1176
1313020800,1065
1313107200,1035
1313193600,993
1313280000,1034
1313366400,1140
1313452800,1177
1313539200,1136
1313625600,1139
1313712000,1170
1313798400,1181
1313884800,1175
1313971200,1157
1314057600,1150
1314144000,1147
1314230400,1130
1314316800,1081
1314403200,1001
1314489600,920
1314576000,948
1314662400,940
1314748800,911
1314835200,887
1314921600,846
1315008000,855
1315094400,869
1315180800,856
1315267200,827
1315353600,764
1315440000,753
1315526400,723
1315612800,676
1315699200,649
1315785600,732
1315872000,688
1315958400,619
1316044800,592
1316131200,558
1316217600,518
1316304000,502
1316390400,514
1316476800,589
1316563200,667
1316649600,618
1316736000,580
1316822400,570
1316908800,562
1316995200,549
1317081600,538
1317168000,510
1317254400,495
1317340800,494
1317427200,534
1317513600,527
1317600000,514
1317686400,506
1317772800,503
1317859200,500
1317945600,491
1318032000,479
1318118400,454
1318204800,436
1318291200,423
1318377600,416
1318464000,426
1318550400,437
1318636800,410
1318723200,401
1318809600,387
1318896000,355
1318982400,284
1319068800,259
1319155200,249
1319241600,286
1319328000,331
1319414400,332
1319500800,316
1319587200,300
1319673600,292
1319760000,310
1319846400,339
1319932800,378
1320019200,359
1320105600,338
1320192000,337
1320278400,341
1320364800,328
1320451200,322
1320537600,317
1320624000,304
1320710400,307
1320796800,319
1320883200,309
1320969600,300
1321056000,303
1321142400,311
1321228800,308
1321315200,295
1321401600,267
1321488000,260
1321574400,255
1321660800,237
1321747200,235
1321833600,245
1321920000,230
1322006400,236
1322092800,240
1322179200,248
1322265600,255
1322352000,252
1322438400,251
1322524800,264
1322611200,298
1322697600,300
1322784000,314
1322870400,314
1322956800,310
1323043200,298
1323129600,296
1323216000,306
1323302400,309
1323388800,309
1323475200,304
1323561600,312
1323648000,337
1323734400,333
1323820800,329
1323907200,326
1323993600,320
1324080000,323
1324166400,323
1324252800,336
1324339200,389
1324425600,441
1324512000,408
1324598400,398
1324684800,395
1324771200,406
1324857600,437
1324944000,425
1325030400,409
1325116800,422
1325203200,432
1325289600,447
1325376000,504
1325462400,527
1325548800,545
1325635200,537
1325721600,580
1325808000,660
1325894400,717
1325980800,706
1326067200,720
1326153600,713
1326240000,695
1326326400,710
1326412800,696
1326499200,683
1326585600,681
1326672000,704
1326758400,714
1326844800,697
1326931200,679
1327017600,637
1327104000,657
1327190400,651
1327276800,641
1327363200,647
1327449600,650
1327536000,639
1327622400,608
1327708800,570
1327795200,575
1327881600,572
1327968000,561
1328054400,565
1328140800,577
1328227200,619
1328313600,611
1328400000,599
1328486400,592
1328572800,577
1328659200,574
1328745600,584
1328832000,583
1328918400,594
1329004800,596
1329091200,582
1329177600,569
1329264000,543
1329350400,484
1329436800,474
1329523200,470
1329609600,446
1329696000,438
1329782400,450
1329868800,446
1329955200,463
1330041600,499
1330128000,517
1330214400,505
1330300800,502
1330387200,508
1330473600,498
1330560000,492
1330646400,499
1330732800,494
1330819200,481
1330905600,493
1330992000,504
1331078400,505
1331164800,505
1331251200,499
1331337600,495
1331424000,495
1331510400,498
1331596800,507
1331683200,542
1331769600,545
1331856000,544
1331942400,540
1332028800,540
1332115200,536
1332201600,523
1332288000,495
1332374400,487
1332460800,487
1332547200,481
1332633600,473
1332720000,470
1332806400,474
1332892800,477
1332979200,485
1333065600,485
1333152000,486
1333238400,494
1333324800,497
1333411200,506
1333497600,500
1333584000,496
1333670400,495
1333756800,496
1333843200,494
1333929600,480
1334016000,482
1334102400,490
1334188800,491
1334275200,497
1334361600,497
1334448000,502
1334534400,498
1334620800,499
1334707200,506
1334793600,518
1334880000,519
1334966400,524
1335052800,544
1335139200,530
1335225600,521
1335312000,519
1335398400,516
1335484800,517
1335571200,513
1335657600,509
1335744000,501
1335830400,500
1335916800,504
1336003200,518
1336089600,518
1336176000,515
1336262400,514
1336348800,510
1336435200,510
1336521600,510
1336608000,510
1336694400,510
1336780800,502
1336867200,500
1336953600,501
1337040000,505
1337126400,509
1337212800,510
1337299200,513
1337385600,513
1337472000,514
1337558400,515
1337644800,514
1337731200,513
1337817600,518
1337904000,521
1337990400,515
1338076800,515
1338163200,515
1338249600,516
1338336000,516
1338422400,518
1338508800,521
1338595200,527
1338681600,528
1338768000,527
1338854400,533
1338940800,549
1339027200,548
1339113600,556
1339200000,567
1339286400,568
1339372800,560
1339459200,558
1339545600,576
1339632000,596
1339718400,600
1339804800,627
1339891200,658
1339977600,651
1340064000,648
1340150400,656
1340236800,669
1340323200,680
1340409600,676
1340496000,664
1340582400,656
1340668800,645
1340755200,648
1340841600,658
1340928000,667
1341014400,667
1341100800,669
1341187200,671
1341273600,675
1341360000,671
1341446400,660
1341532800,676
1341619200,674
1341705600,678
1341792000,688
1341878400,698
1341964800,724
1342051200,727
1342137600,746
1342224000,785
1342310400,768
1342396800,780
1342483200,858
1342569600,947
1342656000,937
1342742400,927
1342828800,935
1342915200,953
1343001600,905
1343088000,914
1343174400,891
1343260800,880
1343347200,891
1343433600,895
1343520000,892
1343606400,895
1343692800,922
1343779200,946
1343865600,960
1343952000,1012
1344038400,1116
1344124800,1127
1344211200,1121
1344297600,1123
1344384000,1107
1344470400,1135
1344556800,1190
1344643200,1160
1344729600,1164
1344816000,1179
1344902400,1194
1344988800,1230
1345075200,1295
1345161600,1421
1345248000,1537
1345334400,1448
1345420800,1164
1345507200,1045
1345593600,1029
1345680000,1026
1345766400,1025
1345852800,1025
1345939200,1062
1346025600,1099
1346112000,1197
1346198400,1134
1346284800,1114
1346371200,1091
1346457600,1074
1346544000,1036
1346630400,1026
1346716800,1052
1346803200,1059
1346889600,1072
1346976000,1120
1347062400,1127
1347148800,1119
1347235200,1114
1347321600,1114
1347408000,1124
1347494400,1138
1347580800,1148
1347667200,1176
1347753600,1184
1347840000,1198
1347926400,1199
1348012800,1221
1348099200,1263
1348185600,1266
1348272000,1254
1348358400,1240
1348444800,1228
1348531200,1228
1348617600,1224
1348704000,1232
1348790400,1246
1348876800,1246
1348963200,1249
1349049600,1248
1349136000,1258
1349222400,1288
1349308800,1295
1349395200,1307
1349481600,1297
1349568000,1286
1349654400,1258
1349740800,1214
1349827200,1230
1349913600,1216
1350000000,1218
1350086400,1215
1350172800,1210
1350259200,1201
1350345600,1202
1350432000,1199
1350518400,1198
1350604800,1196
1350691200,1194
1350777600,1184
1350864000,1180
1350950400,1186
1351036800,1196
1351123200,1179
1351209600,1156
1351296000,1104
1351382400,1078
1351468800,1069
1351555200,1093
1351641600,1092
1351728000,1117
1351814400,1126
1351900800,1106
1351987200,1062
1352073600,1073
1352160000,1090
1352246400,1097
1352332800,1119
1352419200,1109
1352505600,1104
1352592000,1095
1352678400,1100
1352764800,1117
1352851200,1111
1352937600,1107
1353024000,1128
1353110400,1180
1353196800,1181
1353283200,1182
1353369600,1181
1353456000,1183
1353542400,1190
1353628800,1232
1353715200,1243
1353801600,1246
1353888000,1261
1353974400,1262
1354060800,1250
1354147200,1245
1354233600,1261
1354320000,1266
1354406400,1269
1354492800,1268
1354579200,1275
1354665600,1309
1354752000,1355
1354838400,1369
1354924800,1365
1355011200,1355
1355097600,1353
1355184000,1357
1355270400,1364
1355356800,1380
1355443200,1382
1355529600,1387
1355616000,1375
1355702400,1363
1355788800,1347
1355875200,1340
1355961600,1348
1356048000,1370
1356134400,1363
1356220800,1356
1356307200,1348
1356393600,1345
1356480000,1344
1356566400,1342
1356652800,1351
1356739200,1365
1356825600,1365
1356912000,1357
1356998400,1358
1357084800,1352
1357171200,1342
1357257600,1347
1357344000,1350
1357430400,1354
1357516800,1353
1357603200,1361
1357689600,1384
1357776000,1399
1357862400,1432
1357948800,1431
1358035200,1434
1358121600,1431
1358208000,1434
1358294400,1453
1358380800,1486
1358467200,1553
1358553600,1595
1358640000,1585
1358726400,1615
1358812800,1713
1358899200,1759
1358985600,1797
1359072000,1910
1359158400,1854
1359244800,1771
1359331200,1811
1359417600,1877
1359504000,1978
1359590400,2011
1359676800,2140
1359763200,2125
1359849600,2100
1359936000,2077
1360022400,2099
1360108800,2092
1360195200,2153
1360281600,2215
1360368000,2340
1360454400,2383
1360540800,2397
1360627200,2465
1360713600,2515
1360800000,2430
1360886400,2720
1360972800,2727
1361059200,2739
1361145600,2691
1361232000,2698
1361318400,2948
1361404800,2979
1361491200,2975
1361577600,3052
1361664000,2980
1361750400,2987
1361836800,3040
1361923200,3120
1362009600,3127
1362096000,3336
1362182400,3450
1362268800,3425
1362355200,3425
1362441600,3640
1362528000,4065
1362614400,4200
1362700800,4315
1362787200,4400
1362873600,4693
1362960000,4560
1363046400,4820
1363132800,4432
1363219200,4707
1363305600,4686
1363392000,4690
1363478400,4725
1363564800,4738
1363651200,5212
1363737600,5953
1363824000,6593
1363910400,7025
1363996800,7025
1364083200,6401
1364169600,7193
1364256000,7410
1364342400,7879
1364428800,8880
1364515200,8750
1364601600,9005
1364688000,9250
1364774400,9325
1364860800,10400
1364947200,11734
1365033600,13100
1365120000,13300
1365206400,14210
1365292800,14361
1365379200,16330
1365465600,18696
1365552000,23105
1365638400,15988
1365724800,12490
1365811200,12260
1365897600,10000
1365984000,10000
1366070400,6810
1366156800,6800
1366243200,9390
1366329600,11100
1366416000,11892
1366502400,12750
1366588800,11900
1366675200,12700
1366761600,14250
1366848000,15507
1366934400,14199
1367020800,13700
1367107200,12850
1367193600,13444
1367280000,14454
1367366400,13900
1367452800,11700
1367539200,10330
1367625600,9680
1367712000,11310
1367798400,11598
1367884800,11230
1367971200,11170
1368057600,11335
1368144000,11269
1368230400,11720
1368316800,11568
1368403200,11510
1368489600,11799
1368576000,11200
1368662400,11422
1368748800,11741
1368835200,12332
1368921600,12330
1369008000,12199
1369094400,12202
1369180800,12270
1369267200,12300
1369353600,12670
1369440000,13349
1369526400,13199
1369612800,13350
1369699200,12976
1369785600,12900
1369872000,13230
1369958400,12888
1370044800,12902
1370131200,12930
1370217600,12242
1370304000,12203
1370390400,12142
1370476800,12190
1370563200,11897
1370649600,11150
1370736000,10799
1370822400,10020
1370908800,10610
1370995200,10900
1371081600,10810
1371168000,10390
1371254400,9998
1371340800,9969
1371427200,9990
1371513600,10195
1371600000,10739
1371686400,10768
1371772800,11112
1371859200,10987
1371945600,10835
1372032000,10798
1372118400,10298
1372204800,10389
1372291200,10400
1372377600,10177
1372464000,9465
1372550400,9499
1372636800,9725
1372723200,8700
1372809600,9105
1372896000,7811
1372982400,8004
1373068800,6886
1373155200,7027
1373241600,7500
1373328000,7649
1373414400,7670
1373500800,8790
1373587200,8890
1373673600,9399
1373760000,9800
1373846400,9469
1373932800,9840
1374019200,9705
1374105600,9880
1374192000,9010
1374278400,9200
1374364800,8939
1374451200,9076
1374537600,9199
1374624000,9556
1374710400,9451
1374796800,9700
1374883200,9602
1374969600,9412
1375056000,9870
1375142400,10148
1375228800,10780
1375315200,10620
1375401600,10462
1375488000,10450
1375574400,10495
1375660800,10554
1375747200,10672
1375833600,10656
1375920000,10599
1376006400,10301
1376092800,10280
1376179200,10300
1376265600,10500
1376352000,10664
1376438400,10935
1376524800,9919
1376611200,9808
1376697600,9825
1376784000,9971
1376870400,9930
1376956800,10285
1377043200,10488
1377129600,11043
1377216000,10971
1377302400,10765
1377388800,10904
1377475200,11328
1377561600,11179
1377648000,11772
1377734400,11792
1377820800,11850
1377907200,12484
1377993600,12852
1378080000,13067
1378166400,13009
1378252800,12913
1378339200,12227
1378425600,12263
1378512000,11761
1378598400,11992
1378684800,11818
1378771200,12052
1378857600,12202
1378944000,12654
1379030400,12707
1379116800,12714
1379203200,12405
1379289600,12535
1379376000,12620
1379462400,13915
1379548800,12712
1379635200,12418
1379721600,12304
1379808000,12342
1379894400,12293
1379980800,12265
1380067200,12375
1380153600,12340
1380240000,12465
1380326400,12670
1380412800,12654
1380499200,12701
1380585600,12625
1380672000,12754
1380758400,10385
1380844800,11757
1380931200,12194
1381017600,12120
1381104000,12249
1381190400,12380
1381276800,12412
1381363200,12590
1381449600,12680
1381536000,12741
1381622400,12759
1381708800,13262
1381795200,13517
1381881600,14102
1381968000,13819
1382054400,14394
1382140800,16820
1382227200,18318
1382313600,18612
1382400000,17980
1382486400,18975
1382572800,20370
1382659200,19533
1382745600,18685
1382832000,17956
1382918400,19406
1383004800,20690
1383091200,21600
1383177600,20601
1383264000,20354
1383350400,20300
1383436800,20486
1383523200,20980
1383609600,22995
1383696000,25259
1383782400,26510
1383868800,29102
1383955200,33400
1384041600,33000
1384128000,32800
1384214400,34361
1384300800,35490
1384387200,39300
1384473600,41500
1384560000,41203
1384646400,43724
1384732800,47500
1384819200,66020
1384905600,54700
1384992000,59798
1385078400,71677
1385164800,79500
1385251200,82999
1385337600,80750
1385424000,81456
1385510400,91779
1385596800,96500
1385683200,101410
1385769600,113395
1385856000,111920
1385942400,95501
1386028800,104398
1386115200,105021
1386201600,113690
1386288000,103500
1386374400,80000
1386460800,70591
1386547200,78660
1386633600,89400
1386720000,97876
1386806400,87688
1386892800,87472
1386979200,88500
1387065600,85081
1387152000,86298
1387238400,69000
1387324800,67362
1387411200,52200
1387497600,68530
1387584000,61387
1387670400,59991
1387756800,61411
1387843200,65999
1387929600,65300
1388016000,67902
1388102400,74700
1388188800,72398
1388275200,71500
1388361600,72819
1388448000,73650
1388534400,73200
1388620800,74927
1388707200,78123
1388793600,80739
1388880000,82874
1388966400,90498
1389052800,91569
1389139200,79000
1389225600,82330
1389312000,82628
1389398400,85399
1389484800,89500
1389571200,84404
1389657600,82300
1389744000,81600
1389830400,84183
1389916800,81715
1390003200,79200
1390089600,81120
1390176000,84110
1390262400,82781
1390348800,82478
1390435200,81962
1390521600,81122
1390608000,78002
1390694400,80500
1390780800,81421
1390867200,74757
1390953600,78560
1391040000,79400
1391126400,80000
1391212800,80300
1391299200,81708
1391385600,81434
1391472000,80850
1391558400,80299
1391644800,78100
1391731200,76397
1391817600,71001
1391904000,68080
1391990400,68737
1392076800,68868
1392163200,67510
1392249600,65291
1392336000,61000
1392422400,67029
1392508800,65571
1392595200,62388
1392681600,62996
1392768000,62959
1392854400,62485
1392940800,56300
1393027200,57950
1393113600,61248
1393200000,61105
1393286400,54268
1393372800,55952
1393459200,58521
1393545600,58305
1393632000,55300
1393718400,56748
1393804800,56100
1393891200,68196
1393977600,67328
1394064000,67070
1394150400,66900
1394236800,63199
1394323200,62238
1394409600,63990
1394496000,62933
1394582400,63210
1394668800,63495
1394755200,64101
1394841600,63042
1394928000,63724
1395014400,63499
1395100800,62471
1395187200,61549
1395273600,61120
1395360000,58560
1395446400,57289
1395532800,56301
1395619200,55954
1395705600,58558
1395792000,58579
1395878400,57850
1395964800,47420
1396051200,49960
1396137600,49000
1396224000,45866
1396310400,45749
1396396800,47900
1396483200,43912
1396569600,44872
1396656000,45200
1396742400,46300
1396828800,45800
1396915200,44999
1397001600,45300
1397088000,44193
1397174400,36900
1397260800,42340
1397347200,42337
1397433600,41758
1397520000,45964
1397606400,52300
1397692800,52629
1397779200,49820
1397865600,48211
1397952000,50380
1398038400,50154
1398124800,49838
1398211200,48852
1398297600,49199
1398384000,50215
1398470400,46313
1398556800,46148
1398643200,43880
1398729600,44244
1398816000,44800
1398902400,45203
1398988800,46097
1399075200,45490
1399161600,44000
1399248000,43675
1399334400,43300
1399420800,42801
1399507200,44088
1399593600,43761
1399680000,44900
1399766400,45700
1399852800,43781
1399939200,44245
1400025600,43912
1400112000,44465
1400198400,44653
1400284800,44912
1400371200,44866
1400457600,44689
1400544000,44802
1400630400,48812
1400716800,49397
1400803200,52832
1400889600,52110
1400976000,52791
1401062400,56993
1401148800,58488
1401235200,57270
1401321600,58100
1401408000,56901
1401494400,62130
1401580800,62650
1401667200,63071
1401753600,66200
1401840000,67014
1401926400,64286
1402012800,66148
1402099200,64900
1402185600,65712
1402272000,65711
1402358400,64881
1402444800,64855
1402531200,62497
1402617600,57485
1402704000,59155
1402790400,57228
1402876800,59289
1402963200,58600
1403049600,60800
1403136000,60800
1403222400,59515
1403308800,59348
1403395200,59096
1403481600,59876
1403568000,58825
1403654400,57498
1403740800,56076
1403827200,57734
1403913600,59900
1404000000,59000
1404086400,59999
1404172800,63899
1404259200,63925
1404345600,65049
1404432000,64535
1404518400,62616
1404604800,63100
1404691200,63374
1404777600,62435
1404864000,62497
1404950400,62195
1405036800,61680
1405123200,63400
1405209600,63618
1405296000,63043
1405382400,62121
1405468800,62407
1405555200,61741
1405641600,62580
1405728000,63185
1405814400,63000
1405900800,62700
1405987200,62223
1406073600,62000
1406160000,62043
1406246400,60396
1406332800,60290
1406419200,59590
1406505600,59368
1406592000,58994
1406678400,58550
1406764800,56335
1406851200,58204
1406937600,59576
1407024000,58959
1407110400,58381
1407196800,58850
1407283200,58196
1407369600,58273
1407456000,58502
1407542400,58898
1407628800,58960
1407715200,59074
1407801600,57401
1407888000,56901
1407974400,54998
1408060800,50451
1408147200,50039
1408233600,52388
1408320000,49817
1408406400,47495
1408492800,49000
1408579200,51882
1408665600,52112
1408752000,51569
1408838400,49527
1408924800,50803
1409011200,50155
1409097600,51392
1409184000,51177
1409270400,50661
1409356800,50930
1409443200,50100
1409529600,47887
1409616000,47636
1409702400,47353
1409788800,47450
1409875200,48887
1409961600,48591
1410048000,47959
1410134400,47653
1410220800,46785
1410307200,47335
1410393600,47774
1410480000,47773
1410566400,47462
1410652800,47692
1410739200,47435
1410825600,47083
1410912000,46340
1410998400,45390
1411084800,42556
1411171200,39567
1411257600,41171
1411344000,40115
1411430400,39995
1411516800,44003
1411603200,42368
1411689600,41019
1411776000,40471
1411862400,40039
1411948800,37524
1412035200,37387
1412121600,39018
1412208000,38404
1412294400,37578
1412380800,35890
1412467200,32839
1412553600,32394
1412640000,32761
1412726400,33406
1412812800,35700
1412899200,36361
1412985600,36090
1413072000,36195
1413158400,38080
1413244800,39198
1413331200,40250
1413417600,39484
1413504000,38385
1413590400,38314
1413676800,39100
1413763200,38944
1413849600,38146
1413936000,38589
1414022400,38407
1414108800,35720
1414195200,35849
1414281600,34700
1414368000,35530
1414454400,35090
1414540800,35579
1414627200,33533
1414713600,34530
1414800000,33779
1414886400,32451
1414972800,32436
1415059200,32649
1415145600,33023
1415232000,33863
1415318400,34996
1415404800,34219
1415491200,34694
1415577600,36594
1415664000,36580
1415750400,36941
1415836800,42019
1415923200,41999
1416009600,39911
1416096000,37699
1416182400,38987
1416268800,38887
1416355200,37492
1416441600,37905
1416528000,35647
1416614400,35025
1416700800,35304
1416787200,36712
1416873600,37458
1416960000,37616
1417046400,36686
1417132800,36997
1417219200,37698
1417305600,37559
1417392000,37603
1417478400,37742
1417564800,37962
1417651200,37603
1417737600,36873
1417824000,37600
1417910400,37505
1417996800,37601
1418083200,36299
1418169600,35182
1418256000,34879
1418342400,34897
1418428800,35221
1418515200,35177
1418601600,35780
1418688000,34796
1418774400,32984
1418860800,32134
1418947200,31226
1419033600,31859
1419120000,33152
1419206400,32000
1419292800,33198
1419379200,33695
1419465600,32368
1419552000,31981
1419638400,32994
1419724800,31609
1419811200,31741
1419897600,31340
1419984000,31100
1420070400,32097
1420156800,31481
1420243200,31651
1420329600,28509
1420416000,26317
1420502400,27428
1420588800,28732
1420675200,29799
1420761600,28449
1420848000,29081
1420934400,27597
1421020800,26968
1421107200,26702
1421193600,22200
1421280000,17200
1421366400,21021
1421452800,20813
1421539200,19977
1421625600,21198
1421712000,21601
1421798400,21071
1421884800,22459
1421971200,23351
1422057600,23371
1422144000,24932
1422230400,25432
1422316800,27443
1422403200,26352
1422489600,23620
1422576000,23599
1422662400,22697
1422748800,21925
1422835200,22698
1422921600,23797
1423008000,22753
1423094400,22671
1423180800,21698
1423267200,22236
1423353600,22930
1423440000,22393
1423526400,21993
1423612800,22036
1423699200,21960
1423785600,22233
1423872000,23690
1423958400,25750
1424044800,23418
1424131200,23450
1424217600,24529
1424304000,23744
1424390400,24139
1424476800,24578
1424563200,24541
1424649600,23598
1424736000,23890
1424822400,23994
1424908800,23797
1424995200,23659
1425081600,25211
1425168000,25350
1425254400,25705
1425340800,27587
1425427200,27947
1425513600,27006
1425600000,27311
1425686400,27234
1425772800,27666
1425859200,27500
1425945600,28701
1426032000,29000
1426118400,29656
1426204800,29490
1426291200,28503
1426377600,28220
1426464000,28679
1426550400,28928
1426636800,28448
1426723200,25699
1426809600,26139
1426896000,26210
1426982400,25999
1427068800,26775
1427155200,26599
1427241600,24500
1427328000,24708
1427414400,24923
1427500800,24757
1427587200,25296
1427673600,24234
1427760000,24800
1427846400,24363
1427932800,24649
1428019200,25328
1428105600,25430
1428192000,25367
1428278400,26052
1428364800,25518
1428451200,25390
1428537600,24500
1428624000,24300
1428710400,23600
1428796800,23636
1428883200,23650
1428969600,22301
1429056000,21623
1429142400,22255
1429228800,22750
1429315200,22264
1429401600,22341
1429488000,22261
1429574400,22429
1429660800,23585
1429747200,23359
1429833600,23598
1429920000,23116
1430006400,22629
1430092800,21952
1430179200,22701
1430265600,22520
1430352000,22562
1430438400,23597
1430524800,23097
1430611200,23377
1430697600,23947
1430784000,23825
1430870400,23587
1430956800,22899
1431043200,23716
1431129600,24324
1431216000,24219
1431302400,23911
1431388800,24095
1431475200,24110
1431561600,23597
1431648000,23710
1431734400,23737
1431820800,23663
1431907200,23583
1431993600,23281
1432080000,23140
1432166400,23411
1432252800,23500
1432339200,23880
1432425600,23776
1432512000,23955
1432598400,23559
1432684800,23568
1432771200,23531
1432857600,23644
1432944000,23572
1433030400,23230
1433116800,22834
1433203200,22352
1433289600,22519
1433376000,22540
1433462400,22288
1433548800,22476
1433635200,22499
1433721600,22228
1433808000,22766
1433894400,22888
1433980800,22780
1434067200,22903
1434153600,22960
1434240000,23150
1434326400,23207
1434412800,23600
1434499200,24998
1434585600,24745
1434672000,24826
1434758400,24385
1434844800,24475
1434931200,24355
1435017600,24677
1435104000,24386
1435190400,24020
1435276800,24208
1435363200,24298
1435449600,25121
1435536000,24857
1435622400,25605
1435708800,26243
1435795200,25778
1435881600,25468
1435968000,25612
1436054400,26033
1436140800,27134
1436227200,26853
1436313600,26583
1436400000,27031
1436486400,26900
1436572800,28492
1436659200,29164
1436745600,31055
1436832000,29194
1436918400,28792
1437004800,28566
1437091200,27778
1437177600,27943
1437264000,27674
1437350400,27547
1437436800,27901
1437523200,27676
1437609600,27797
1437696000,27659
1437782400,28900
1437868800,28878
1437955200,29282
1438041600,29393
1438128000,29392
1438214400,29020
1438300800,28845
1438387200,28431
1438473600,28095
1438560000,28226
1438646400,28112
1438732800,28500
1438819200,28100
1438905600,27708
1438992000,27932
1439078400,26222
1439164800,26505
1439251200,26447
1439337600,27098
1439424000,26753
1439510400,26448
1439596800,26593
1439683200,26143
1439769600,25611
1439856000,25666
1439942400,22211
1440028800,22625
1440115200,23531
1440201600,23349
1440288000,23100
1440374400,22814
1440460800,21096
1440547200,22213
1440633600,22504
1440720000,22511
1440806400,23152
1440892800,22963
1440979200,22839
1441065600,23025
1441152000,22797
1441238400,22926
1441324800,22724
1441411200,23073
1441497600,23574
1441584000,24020
1441670400,24047
1441756800,24421
1441843200,23830
1441929600,23881
1442016000,23994
1442102400,23473
1442188800,23000
1442275200,22971
1442361600,22954
1442448000,22833
1442534400,23217
1442620800,23252
1442707200,23025
1442793600,23016
1442880000,22627
1442966400,23042
1443052800,22942
1443139200,23400
1443225600,23522
1443312000,23399
1443398400,23241
1443484800,23914
1443571200,23694
1443657600,23617
1443744000,23803
1443830400,23777
1443916800,23909
1444003200,23840
1444089600,24060
1444176000,24680
1444262400,24301
1444348800,24301
1444435200,24449
1444521600,24572
1444608000,24804
1444694400,24550
1444780800,24998
1444867200,25247
1444953600,25450
1445040000,26226
1445126400,27004
1445212800,26104
1445299200,26359
1445385600,27075
1445472000,26797
1445558400,27435
1445644800,27862
1445731200,28271
1445817600,28280
1445904000,28669
1445990400,29535
1446076800,30479
1446163200,31481
1446249600,32817
1446336000,31018
1446422400,32579
1446508800,36154
1446595200,40450
1446681600,40800
1446768000,38604
1446854400,37369
1446940800,38702
1447027200,37108
1447113600,38062
1447200000,33629
1447286400,30898
1447372800,34081
1447459200,33699
1447545600,33206
1447632000,31897
1447718400,33072
1447804800,33601
1447891200,33366
1447977600,32590
1448064000,32212
1448150400,32631
1448236800,32378
1448323200,32348
1448409600,31964
1448496000,32890
1448582400,35633
1448668800,35800
1448755200,35640
1448841600,37100
1448928000,37727
1449014400,36258
1449100800,35908
1449187200,36147
1449273600,36378
1449360000,38695
1449446400,38730
1449532800,39487
1449619200,41360
1449705600,41649
1449792000,41515
1449878400,45087
1449964800,43620
1450051200,43339
1450137600,44378
1450224000,46398
1450310400,45547
1450396800,45658
1450483200,46300
1450569600,46175
1450656000,44254
1450742400,43835
1450828800,43528
1450915200,44254
1451001600,45600
1451088000,45550
1451174400,41711
1451260800,42242
1451347200,42097
1451433600,43323
1451520000,42823
1451606400,43089
1451692800,43475
1451779200,43276
1451865600,43078
1451952000,43417
1452038400,43243
1452124800,42926
1452211200,45866
1452297600,45264
1452384000,44847
1452470400,44843
1452556800,44798
1452643200,43700
1452729600,43263
1452816000,42955
1452902400,36375
1452988800,38787
1453075200,38016
1453161600,38549
1453248000,37741
1453334400,42035
1453420800,40962
1453507200,38150
1453593600,38509
1453680000,40319
1453766400,39092
1453852800,39166
1453939200,39436
1454025600,37982
1454112000,37818
1454198400,37660
1454284800,36786
1454371200,37199
1454457600,37305
1454544000,36846
1454630400,38800
1454716800,38407
1454803200,37529
1454889600,37500
1454976000,37155
1455062400,37346
1455148800,37914
1455235200,37802
1455321600,38262
1455408000,38988
1455494400,40508
1455580800,39921
1455667200,40700
1455753600,41487
1455840000,42053
1455926400,41998
1456012800,43519
1456099200,43800
1456185600,43676
1456272000,41925
1456358400,42379
1456444800,42346
1456531200,43000
1456617600,43159
1456704000,43189
1456790400,43675
1456876800,43366
1456963200,42250
1457049600,42006
1457136000,40840
1457222400,39917
1457308800,40569
1457395200,41237
1457481600,41215
1457568000,41284
1457654400,41600
1457740800,42011
1457827200,40990
1457913600,41285
1458000000,41499
1458086400,41570
1458172800,41664
1458259200,41849
1458345600,40796
1458432000,40911
1458518400,41181
1458604800,41195
1458691200,41639
1458777600,41796
1458864000,41517
1458950400,41598
1459036800,41696
1459123200,42500
1459209600,42286
1459296000,41583
1459382400,41374
1459468800,41483
1459555200,41631
1459641600,41913
1459728000,41851
1459814400,41971
1459900800,42166
1459987200,42160
1460073600,41995
1460160000,41786
1460246400,41858
1460332800,42075
1460419200,42263
1460505600,42569
1460592000,42387
1460678400,42438
1460764800,42945
1460851200,43058
1460937600,42731
1461024000,42742
1461110400,43595
1461196800,44182
1461283200,45100
1461369600,44770
1461456000,45192
1461542400,46003
1461628800,46250
1461715200,46755
1461801600,44529
1461888000,44998
1461974400,45597
1462060800,44884
1462147200,45300
1462233600,44384
1462320000,45061
1462406400,44684
1462492800,44937
1462579200,45898
1462665600,45902
1462752000,45831
1462838400,46066
1462924800,45078
1463011200,45284
1463097600,45426
1463184000,45582
1463270400,45631
1463356800,45734
1463443200,45400
1463529600,45308
1463616000,45299
1463702400,43605
1463788800,44252
1463875200,44321
1463961600,43847
1464048000,44299
1464134400,44410
1464220800,44870
1464307200,45205
1464393600,46998
1464480000,52664
1464566400,51130
1464652800,52642
1464739200,53197
1464825600,53837
1464912000,53800
1464998400,56788
1465084800,57385
1465171200,57391
1465257600,58372
1465344000,57807
1465430400,58310
1465516800,57432
1465603200,57795
1465689600,60801
1465776000,66585
1465862400,70450
1465948800,68519
1466035200,69388
1466121600,76500
1466208000,74663
1466294400,75196
1466380800,75935
1466467200,72404
1466553600,66446
1466640000,59281
1466726400,62208
1466812800,66500
1466899200,66044
1466985600,63019
1467072000,65185
1467158400,64515
1467244800,63599
1467331200,66795
1467417600,67563
1467504000,70141
1467590400,65697
1467676800,68198
1467763200,66800
1467849600,67376
1467936000,63850
1468022400,66300
1468108800,64741
1468195200,64835
1468281600,64933
1468368000,66450
1468454400,65287
1468540800,65912
1468627200,66319
1468713600,66132
1468800000,67958
1468886400,67346
1468972800,67495
1469059200,66750
1469145600,66400
1469232000,64975
1469318400,65553
1469404800,66148
1469491200,65498
1469577600,65116
1469664000,65537
1469750400,65554
1469836800,65488
1469923200,65468
1470009600,62391
1470096000,60556
1470182400,53074
1470268800,56401
1470355200,57744
1470441600,57272
1470528000,58950
1470614400,59256
1470700800,59169
1470787200,58498
1470873600,59150
1470960000,58601
1471046400,58591
1471132800,58334
1471219200,56734
1471305600,56569
1471392000,57494
1471478400,57092
1471564800,57030
1471651200,57284
1471737600,57752
1471824000,57724
1471910400,58330
1471996800,58198
1472083200,57875
1472169600,57575
1472256000,57777
1472342400,56720
1472428800,57320
1472515200,57150
1472601600,57597
1472688000,57076
1472774400,57100
1472860800,57200
1472947200,59501
1473033600,60395
1473120000,60499
1473206400,60816
1473292800,61533
1473379200,62506
1473465600,62200
1473552000,62165
1473638400,60402
1473724800,60801
1473811200,60882
1473897600,60899
1473984000,60672
1474070400,60704
1474156800,60409
1474243200,60731
1474329600,60866
1474416000,60550
1474502400,59546
1474588800,59408
1474675200,60070
1474761600,59933
1474848000,59898
1474934400,60679
1475020800,60426
1475107200,60385
1475193600,60413
1475280000,60838
1475366400,61298
1475452800,60860
1475539200,61298
1475625600,60718
1475712000,60800
1475798400,60941
1475884800,61474
1475971200,61446
1476057600,61306
1476144000,61477
1476230400,63830
1476316800,63516
1476403200,63402
1476489600,63820
1476576000,63686
1476662400,63897
1476748800,63554
1476835200,63595
1476921600,62772
1477008000,62889
1477094400,62900
1477180800,65325
1477267200,64969
1477353600,64393
1477440000,65145
1477526400,67463
1477612800,68500
1477699200,68591
1477785600,71200
1477872000,69723
1477958400,69701
1478044800,72660
1478131200,74112
1478217600,68369
1478304000,70271
1478390400,70348
1478476800,70996
1478563200,70323
1478649600,70815
1478736000,72150
1478822400,71448
1478908800,71620
1478995200,70228
1479081600,70038
1479168000,70503
1479254400,71173
1479340800,73942
1479427200,73684
1479513600,74898
1479600000,75071
1479686400,72709
1479772800,73697
1479859200,74926
1479945600,74017
1480032000,73564
1480118400,73707
1480204800,72991
1480291200,72731
1480377600,72945
1480464000,73002
1480550400,74205
1480636800,75081
1480723200,76999
1480809600,76297
1480896000,76200
1480982400,75059
1481068800,75899
1481155200,76648
1481241600,76728
1481328000,76908
1481414400,77228
1481500800,76819
1481587200,77799
1481673600,77849
1481760000,77709
1481846400,77588
1481932800,78132
1482019200,78728
1482105600,78867
1482192000,79103
1482278400,80151
1482364800,83497
1482451200,86018
1482537600,91393
1482624000,89260
1482710400,89099
1482796800,89682
1482883200,93034
1482969600,97589
1483056000,97035
1483142400,95812
1483228800,96484
1483315200,99736
1483401600,101342
1483488000,103783
1483574400,110916
1483660800,99965
1483747200,89195
1483833600,90616
1483920000,91049
1484006400,89692
1484092800,90366
1484179200,78092
1484265600,80552
1484352000,82500
1484438400,81955
1484524800,82201
1484611200,83056
1484697600,90660
1484784000,88544
1484870400,90310
1484956800,89564
1485043200,92199
1485129600,92233
1485216000,91997
1485302400,88359
1485388800,89314
1485475200,91505
1485561600,91801
1485648000,91862
1485734400,91219
1485820800,92000
1485907200,96410
1485993600,98342
1486080000,100867
1486166400,101565
1486252800,103407
1486339200,101108
1486425600,102396
1486512000,105284
1486598400,105070
1486684800,98534
1486771200,99759
1486857600,101246
1486944000,100074
1487030400,100120
1487116800,100708
1487203200,101125
1487289600,103520
1487376000,105455
1487462400,105600
1487548800,105087
1487635200,108406
1487721600,112500
1487808000,113001
1487894400,118741
1487980800,118014
1488067200,115037
1488153600,118046
1488240000,119417
1488326400,119089
1488412800,122498
1488499200,125760
1488585600,128700
1488672000,126220
1488758400,127104
1488844800,127950
1488931200,123388
1489017600,115511
1489104000,119209
1489190400,110494
1489276800,117659
1489363200,122768
1489449600,124072
1489536000,124672
1489622400,125700
1489708800,117020
1489795200,106830
1489881600,96769
1489968000,101099
1490054400,103150
1490140800,111300
1490227200,103020
1490313600,102999
1490400000,92793
1490486400,96181
1490572800,95947
1490659200,104104
1490745600,104277
1490832000,103977
1490918400,103474
1491004800,107309
1491091200,108281
1491177600,107999
1491264000,114698
1491350400,114123
1491436800,113353
1491523200,119373
1491609600,119022
1491696000,118403
1491782400,120618
1491868800,120999
1491955200,121909
1492041600,121217
1492128000,117443
1492214400,117036
1492300800,119050
1492387200,116110
1492473600,117697
1492560000,120120
1492646400,120500
1492732800,123663
1492819200,124361
1492905600,123324
1492992000,124084
1493078400,125357
1493164800,127267
1493251200,128802
1493337600,133033
1493424000,133070
1493510400,133300
1493596800,135480
1493683200,139086
1493769600,144755
1493856000,150100
1493942400,153723
1494028800,151875
1494115200,155404
1494201600,155874
1494288000,165110
1494374400,172026
1494460800,177452
1494547200,182900
1494633600,169288
1494720000,177080
1494806400,178000
1494892800,171791
1494979200,170899
1495065600,178398
1495152000,187999
1495238400,195738
1495324800,200884
1495411200,201755
1495497600,209998
1495584000,225632
1495670400,242149
1495756800,227701
1495843200,227982
1495929600,204776
1496016000,217738
1496102400,229002
1496188800,220489
1496275200,229801
1496361600,240993
1496448000,248898
1496534400,254129
1496620800,252953
1496707200,269912
1496793600,287230
1496880000,268303
1496966400,280901
1497052800,282514
1497139200,289863
1497225600,295496
1497312000,265697
1497398400,270600
1497484800,244500
1497571200,242480
1497657600,247794
1497744000,262976
1497830400,252200
1497916800,260000
1498003200,274000
1498089600,265869
1498176000,271348
1498262400,268505
1498348800,255700
1498435200,250203
1498521600,243000
1498608000,255811
1498694400,255830
1498780800,254169
1498867200,247663
1498953600,242126
1499040000,251271
1499126400,254993
1499212800,259889
1499299200,260000
1499385600,259967
1499472000,250286
1499558400,255514
1499644800,250958
1499731200,232709
1499817600,231093
1499904000,238800
1499990400,233849
1500076800,221610
1500163200,197229
1500249600,191096
1500336000,222007
1500422400,230001
1500508800,226521
1500595200,284000
1500681600,267295
1500768000,282551
1500854400,274836
1500940800,275958
1501027200,256430
1501113600,251693
1501200000,265653
1501286400,278480
1501372800,270453
1501459200,273892
1501545600,286290
1501632000,273134
1501718400,269939
1501804800,279000
1501891200,285652
1501977600,325077
1502064000,321020
1502150400,338050
1502236800,340875
1502323200,334028
1502409600,341341
1502496000,365000
1502582400,386852
1502668800,407376
1502755200,431566
1502841600,417997
1502928000,437580
1503014400,427979
1503100800,410471
1503187200,414609
1503273600,405460
1503360000,398628
1503446400,409089
1503532800,413367
1503619200,433177
1503705600,435777
1503792000,433982
1503878400,433905
1503964800,437666
1504051200,459454
1504137600,458252
1504224000,473287
1504310400,490841
1504396800,458557
1504483200,460354
1504569600,420291
1504656000,438502
1504742400,461212
1504828800,461384
1504915200,431226
1505001600,433087
1505088000,423293
1505174400,419859
1505260800,416994
1505347200,386522
1505433600,321643
1505520000,370750
1505606400,368911
1505692800,367853
1505779200,409207
1505865600,389935
1505952000,389448
1506038400,360092
1506124800,360479
1506211200,377762
1506297600,366631
1506384000,393198
1506470400,388100
1506556800,420451
1506643200,418938
1506729600,416427
1506816000,435416
1506902400,440501
1506988800,439407
1507075200,430833
1507161600,421155
1507248000,431858
1507334400,436957
1507420800,443946
1507507200,460566
1507593600,477384
1507680000,477650
1507766400,482217
1507852800,543575
1507939200,563624
1508025600,582599
1508112000,569169
1508198400,576424
1508284800,559466
1508371200,557192
1508457600,569716
1508544000,598644
1508630400,601265
1508716800,598249
1508803200,590059
1508889600,551076
1508976000,573235
1509062400,588982
1509148800,576989
1509235200,572865
1509321600,613649
1509408000,613316
1509494400,641607
1509580800,675198
1509667200,702456
1509753600,721304
1509840000,736599
1509926400,739251
1510012800,696058
1510099200,712864
1510185600,746844
1510272000,709242
1510358400,656922
1510444800,634089
1510531200,589008
1510617600,649363
1510704000,659273
1510790400,727978
1510876800,786877
1510963200,771820
1511049600,779130
1511136000,804972
1511222400,824281
1511308800,809588
1511395200,823672
1511481600,804331
1511568000,821278
1511654400,876880
1511740800,931170
1511827200,971732
1511913600,991900
1512000000,964635
1512086400,998819
1512172800,1087988
1512259200,1091287
1512345600,1117952
1512432000,1159122
1512518400,1166041
1512604800,1384393
1512691200,1686088
1512777600,1587527
1512864000,1465237
1512950400,1506895
1513036800,1673272
1513123200,1691680
1513209600,1625231
1513296000,1640815
1513382400,1750786
1513468800,1927990
1513555200,1890526
1513641600,1891179
1513728000,1738294
1513814400,1635724
1513900800,1552107
1513987200,1377661
1514073600,1412153
1514160000,1355431
1514246400,1374094
1514332800,1567799
1514419200,1542219
1514505600,1421401
1514592000,1441354
1514678400,1261254
1514764800,1379600
1514851200,1337498
1514937600,1479346
1515024000,1503924
1515110400,1516966
1515196800,1691473
1515283200,1715595
1515369600,1619291
1515456000,1496263
1515542400,1443742
1515628800,1488286
1515715200,1328555
1515801600,1379119
1515888000,1424618
1515974400,1358383
1516060800,1355414
1516147200,1130727
1516233600,1109126
1516320000,1117482
1516406400,1150651
1516492800,1274458
1516579200,1151342
1516665600,1077049
1516752000,1083149
1516838400,1139203
1516924800,1115079
1517011200,1109424
1517097600,1143137
1517184000,1174233
1517270400,1118612
1517356800,1008252
1517443200,1020400
1517529600,909827
1517616000,885273
1517702400,922462
1517788800,820206
1517875200,692546
1517961600,771237
1518048000,758517
1518134400,824508
1518220800,868886
1518307200,856100
1518393600,806802
1518480000,889572
1518566400,852787
1518652800,947164
1518739200,1003377
1518825600,1017856
1518912000,1108583
1518998400,1039246
1519084800,1117178
1519171200,1124598
1519257600,1048578
1519344000,985078
1519430400,1017130
1519516800,969976
1519603200,958229
1519689600,1031946
1519776000,1062861
1519862400,1033214
1519948800,1093112
1520035200,1104053
1520121600,1145334
1520208000,1151683
1520294400,1144248
1520380800,1072769
1520467200,992046
1520553600,932450
1520640000,926280
1520726400,877737
1520812800,953893
1520899200,913000
1520985600,915354
1521072000,821499
1521158400,826334
1521244800,829789
1521331200,788508
1521417600,821446
1521504000,860564
1521590400,890995
1521676800,890926
1521763200,872537
1521849600,891748
1521936000,853376
1522022400,845796
1522108800,814650
1522195200,779725
1522281600,795061
1522368000,709917
1522454400,685419
1522540800,693756
1522627200,682754
1522713600,706529
1522800000,742648
1522886400,681071
1522972800,678666
1523059200,663468
1523145600,691012
1523232000,702971
1523318400,678441
1523404800,684930
1523491200,695536
1523577600,794146
1523664000,789525
1523750400,801391
1523836800,836810
1523923200,806903
1524009600,790719
1524096000,817596
1524182400,828812
1524268800,887651
1524355200,893060
1524441600,881276
1524528000,895268
1524614400,965811
1524700800,887014
1524787200,929467
1524873600,892855
1524960000,934941
1525046400,939840
1525132800,923955
1525219200,907498
1525305600,922076
1525392000,975335
1525478400,969613
1525564800,983792
1525651200,963144
1525737600,936916
1525824000,918669
1525910400,931037
1525996800,901588
1526083200,839683
1526169600,846352
1526256000,869146
1526342400,867151
1526428800,847106
1526515200,834327
1526601600,806386
1526688000,823908
1526774400,824207
1526860800,852059
1526947200,839663
1527033600,798738
1527120000,751191
1527206400,757678
1527292800,746512
1527379200,733471
1527465600,734456
1527552000,710606
1527638400,745702
1527724800,738672
1527811200,748966
1527897600,751867
1527984000,763714
1528070400,771385
1528156800,749547
1528243200,761943
1528329600,765396
1528416000,768737
1528502400,761554
1528588800,749710
1528675200,676210
1528761600,687931
1528848000,655300
1528934400,629989
1529020800,663741
1529107200,639116
1529193600,648868
1529280000,644579
1529366400,671250
1529452800,674341
1529539200,676083
1529625600,671979
1529712000,605930
1529798400,617046
1529884800,615704
1529971200,624962
1530057600,609746
1530144000,614397
1530230400,587814
1530316800,622328
1530403200,640891
1530489600,636566
1530576000,662644
1530662400,651897
1530748800,660232
1530835200,655551
1530921600,662859
1531008000,677838
1531094400,672404
1531180800,668268
1531267200,632927
1531353600,640318
1531440000,623947
1531526400,622010
1531612800,624884
1531699200,634809
1531785600,673281
1531872000,732162
1531958400,737111
1532044800,747390
1532131200,733499
1532217600,740899
1532304000,740666
1532390400,771510
1532476800,841811
1532563200,817165
1532649600,793981
1532736000,817833
1532822400,821992
1532908800,822091
1532995200,817149
1533081600,773528
1533168000,760770
1533254400,753588
1533340800,741477
1533427200,701128
1533513600,703230
1533600000,693723
1533686400,671823
1533772800,627759
1533859200,653236
1533945600,613896
1534032000,622785
1534118400,631342
1534204800,625213
1534291200,618997
1534377600,627067
1534464000,631275
1534550400,657774
1534636800,639418
1534723200,648658
1534809600,626264
1534896000,647241
1534982400,635457
1535068800,652596
1535155200,669139
1535241600,673827
1535328000,670796
1535414400,690126
1535500800,707819
1535587200,703213
1535673600,698654
1535760000,701878
1535846400,719743
1535932800,729184
1536019200,726508
1536105600,735919
1536192000,669532
1536278400,650119
1536364800,639985
1536451200,618406
1536537600,624098
1536624000,630659
1536710400,628354
1536796800,632604
1536883200,647960
1536969600,648712
1537056000,652239
1537142400,649737
1537228800,625399
1537315200,634239
1537401600,638930
1537488000,649602
1537574400,675612
1537660800,671870
1537747200,670566
1537833600,658345
1537920000,643271
1538006400,645935
1538092800,668608
1538179200,662866
1538265600,659264
1538352000,661102
1538438400,658658
1538524800,652131
1538611200,648373
1538697600,656814
1538784000,662063
1538870400,657362
1538956800,658893
1539043200,664133
1539129600,662685
1539216000,658107
1539302400,620779
1539388800,624700
1539475200,626590
1539561600,626516
1539648000,659917
1539734400,661645
1539820800,659551
1539907200,650961
1539993600,646358
1540080000,650492
1540166400,650478
1540252800,649389
1540339200,647685
1540425600,648977
1540512000,646629
1540598400,647217
1540684800,645721
1540771200,644937
1540857600,630751
1540944000,630161
1541030400,633878
1541116800,637308
1541203200,639042
1541289600,636130
1541376000,645400
1541462400,643776
1541548800,647784
1541635200,653683
1541721600,644497
1541808000,637740
1541894400,638846
1541980800,640853
1542067200,638475
1542153600,635825
1542240000,575677
1542326400,565873
1542412800,559258
1542499200,557244
1542585600,561629
1542672000,484878
1542758400,449198
1542844800,461644
1542931200,431231
1543017600,435298
1543104000,386201
1543190400,401072
1543276800,379335
1543363200,382845
1543449600,425655
1543536000,427877
1543622400,401352
1543708800,418809
1543795200,414060
1543881600,389421
1543968000,395694
1544054400,374498
1544140800,348494
1544227200,342569
1544313600,345366
1544400000,358844
1544486400,347298
1544572800,340728
1544659200,348773
1544745600,330811
1544832000,324242
1544918400,323191
1545004800,324664
1545091200,355654
1545177600,371409
1545264000,373455
1545350400,413519
1545436800,389983
1545523200,403185
1545609600,399517
1545696000,407515
1545782400,382152
1545868800,384821
1545955200,363890
1546041600,392319
1546128000,377036
1546214400,386526
1546300800,373791
1546387200,385588
1546473600,393131
1546560000,382287
1546646400,385662
1546732800,383194
1546819200,407177
1546905600,403225
1546992000,402097
1547078400,401692
1547164800,364625
1547251200,365690
1547337600,363731
1547424000,353196
1547510400,368248
1547596800,360016
1547683200,362143
1547769600,365841
1547856000,362573
1547942400,370398
1548028800,354898
1548115200,354002
1548201600,358735
1548288000,356640
1548374400,358625
1548460800,357779
1548547200,357630
1548633600,355450
1548720000,344858
1548806400,342160
1548892800,347000
1548979200,344481
1549065600,347533
1549152000,350622
1549238400,345602
1549324800,345235
1549411200,346734
1549497600,340570
1549584000,339476
1549670400,366108
1549756800,366438
1549843200,368629
1549929600,362947
1550016000,363242
1550102400,361450
1550188800,360031
1550275200,360820
1550361600,361955
1550448000,367074
1550534400,391080
1550620800,392653
1550707200,398718
1550793600,394488
1550880000,398348
1550966400,413960
1551052800,376689
1551139200,384833
1551225600,383145
1551312000,383323
1551398400,385008
1551484800,383462
1551571200,383144
1551657600,381458
1551744000,373098
1551830400,387225
1551916800,387685
1552003200,388682
1552089600,387596
1552176000,395056
1552262400,392817
1552348800,388109
1552435200,389251
1552521600,387777
1552608000,388521
1552694400,393650
1552780800,401595
1552867200,399492
1552953600,399877
1553040000,402911
1553126400,405640
1553212800,399234
1553299200,399906
1553385600,401192
1553472000,399411
1553558400,393589
1553644800,394774
1553731200,404851
1553817600,403737
1553904000,411555
1553990400,411444
1554076800,411416
1554163200,415253
1554249600,488288
1554336000,495981
1554422400,491124
1554508800,502877
1554595200,505352
1554681600,518939
1554768000,526871
1554854400,517581
1554940800,531018
1555027200,503502
1555113600,507285
1555200000,506462
1555286400,515251
1555372800,503618
1555459200,519665
1555545600,522037
1555632000,527631
1555718400,527704
1555804800,530928
1555891200,528183
1555977600,537719
1556064000,551816
1556150400,543419
1556236800,519561
1556323200,529283
1556409600,528019
1556496000,530129
1556582400,526065
1556668800,526979
1556755200,532667
1556841600,539016
1556928000,565714
1557014400,577108
1557100800,571766
1557187200,568447
1557273600,575572
1557360000,593672
1557446400,614691
1557532800,634802
1557619200,724831
1557705600,697863
1557792000,782311
1557878400,799269
1557964800,820690
1558051200,788596
1558137600,736222
1558224000,726505
1558310400,819370
1558396800,800703
1558483200,795250
1558569600,762593
1558656000,788029
1558742400,800326
1558828800,807145
1558915200,874442
1559001600,877006
1559088000,871988
1559174400,866298
1559260800,827246
1559347200,855381
1559433600,855480
1559520000,873903
1559606400,813492
1559692800,767580
1559779200,778604
1559865600,780323
1559952000,799829
1560038400,793134
1560124800,764061
1560211200,802038
1560297600,791758
1560384000,817306
1560470400,823788
1560556800,869360
1560643200,885947
1560729600,897899
1560816000,932748
1560902400,907618
1560988800,928170
1561075200,953135
1561161600,1020938
1561248000,1066863
1561334400,1081448
1561420800,1101750
1561507200,1176640
1561593600,1293255
1561680000,1113285
1561766400,1237435
1561852800,1189038
1561939200,1073773
1562025600,1057872
1562112000,1080540
1562198400,1198476
1562284800,1116049
1562371200,1095516
1562457600,1123204
1562544000,1147701
1562630400,1231308
1562716800,1258678
1562803200,1209990
1562889600,1135287
1562976000,1180397
1563062400,1138910
1563148800,1018696
1563235200,1087350
1563321600,939772
1563408000,967428
1563494400,1063856
1563580800,1053575
1563667200,1076490
1563753600,1058741
1563840000,1032362
1563926400,984430
1564012800,977217
1564099200,987517
1564185600,984865
1564272000,947399
1564358400,953000
1564444800,950133
1564531200,958913
1564617600,1008470
1564704000,1040717
1564790400,1052955
1564876800,1081457
1564963200,1098023
1565049600,1178799
1565136000,1146567
1565222400,1196082
1565308800,1199641
1565395200,1185664
1565481600,1128222
1565568000,1156684
1565654400,1138626
1565740800,1085812
1565827200,1001696
1565913600,1030217
1566000000,1035944
1566086400,1021452
1566172800,1031760
1566259200,1091726
1566345600,1076056
1566432000,1012940
1566518400,1011198
1566604800,1040581
1566691200,1014380
1566777600,1013506
1566864000,1036028
1566950400,1017195
1567036800,971782
1567123200,948455
1567209600,957799
1567296000,960090
1567382400,976979
1567468800,1038664
1567555200,1062129
1567641600,1058416
1567728000,1057780
1567814400,1031747
1567900800,1048721
1567987200,1040631
1568073600,1031366
1568160000,1010103
1568246400,1015932
1568332800,1042016
1568419200,1036390
1568505600,1036133
1568592000,1031043
1568678400,1026563
1568764800,1019036
1568851200,1015759
1568937600,1027588
1569024000,1017311
1569110400,997949
1569196800,1003305
1569283200,968338
1569369600,855361
1569456000,843223
1569542400,805564
1569628800,819390
1569715200,822500
1569801600,805674
1569888000,830774
1569974400,832292
1570060800,838203
1570147200,823617
1570233600,815548
1570320000,814769
1570406400,786974
1570492800,821202
1570579200,819000
1570665600,858792
1570752000,858690
1570838400,826973
1570924800,830801
1571011200,828376
1571097600,835354
1571184000,816216
1571270400,800251
1571356800,807678
1571443200,795415
1571529600,796004
1571616000,823106
1571702400,822252
1571788800,802676
1571875200,746956
1571961600,743188
1572048000,866679
1572134400,925980
1572220800,955154
1572307200,921876
1572393600,943335
1572480000,916462
1572566400,914798
1572652800,925299
1572739200,930118
1572825600,920616
1572912000,941805
1572998400,931019
1573084800,934334
1573171200,920424
1573257600,876604
1573344000,880941
1573430400,903712
1573516800,871781
1573603200,880152
1573689600,876242
1573776000,863232
1573862400,845769
1573948800,848270
1574035200,850393
1574121600,817599
1574208000,812080
1574294400,808181
1574380800,761707
1574467200,728635
1574553600,732403
1574640000,690740
1574726400,713025
1574812800,716363
1574899200,752383
1574985600,743100
1575072000,775747
1575158400,755772
1575244800,740269
1575331200,730959
1575417600,729677
1575504000,719285
1575590400,739597
1575676800,754719
1575763200,750483
1575849600,752239
1575936000,733742
1576022400,722076
1576108800,720231
1576195200,718916
1576281600,725187
1576368000,706774
1576454400,711114
1576540800,687954
1576627200,661212
1576713600,728429
1576800000,715086
1576886400,719017
1576972800,714320
1577059200,751441
1577145600,732208
1577232000,725069
1577318400,719272
1577404800,719440
1577491200,724393
1577577600,730107
1577664000,738536
1577750400,721960
1577836800,716831
1577923200,717568
1578009600,694433
1578096000,732635
1578182400,734789
1578268800,735157
1578355200,775924
1578441600,816547
1578528000,804265
1578614400,781792
1578700800,818466
1578787200,802149
1578873600,817397
1578960000,810524
1579046400,884242
1579132800,881389
1579219200,872203
1579305600,890034
1579392000,891085
1579478400,870336
1579564800,862647
1579651200,872226
1579737600,865894
1579824000,838811
1579910400,842817
1579996800,832736
1580083200,858842
1580169600,889578
1580256000,938569
1580342400,927981
1580428800,950237
1580515200,933377
1580601600,937809
1580688000,931456
1580774400,928451
1580860800,916214
1580947200,961490
1581033600,975566
1581120000,980754
1581206400,990712
1581292800,1016241
1581379200,985479
1581465600,1027538
1581552000,1035430
1581638400,1024243
1581724800,1036853
1581811200,990417
1581897600,993767
1581984000,970393
1582070400,1018065
1582156800,960472
1582243200,960686
1582329600,969658
1582416000,966963
1582502400,998939
1582588800,966375
1582675200,930915
1582761600,878552
1582848000,880472
1582934400,871235
1583020800,853142
1583107200,853417
1583193600,891282
1583280000,875434
1583366400,875890
1583452800,906739
1583539200,915589
1583625600,889863
1583712000,803938
1583798400,793194
1583884800,788546
1583971200,793665
1584057600,483021
1584144000,560903
1584230400,516626
1584316800,534844
1584403200,502635
1584489600,535761
1584576000,541023
1584662400,619520
1584748800,622644
1584835200,618985
1584921600,582262
1585008000,650216
1585094400,676849
1585180800,669846
1585267200,676375
1585353600,636909
1585440000,626095
1585526400,588541
1585612800,640529
1585699200,642828
1585785600,665287
1585872000,680911
1585958400,674167
1586044800,687169
1586131200,677744
1586217600,734320
1586304000,720555
1586390400,736503
1586476800,729369
1586563200,687324
1586649600,689160
1586736000,691537
1586822400,685766
1586908800,687195
1586995200,662380
1587081600,711227
1587168000,703489
1587254400,725936
1587340800,713004
1587427200,684024
1587513600,685252
1587600000,713099
1587686400,747760
1587772800,750708
1587859200,754952
1587945600,769927
1588032000,779066
1588118400,776533
1588204800,877763
1588291200,862877
1588377600,882466
1588464000,897382
1588550400,890395
1588636800,888593
1588723200,903096
1588809600,917079
1588896000,1000248
1588982400,982180
1589068800,952739
1589155200,875446
1589241600,861725
1589328000,881453
1589414400,930593
1589500800,979031
1589587200,930359
1589673600,938570
1589760000,966940
1589846400,971937
1589932800,978574
1590019200,951067
1590105600,905757
1590192000,916726
1590278400,917832
1590364800,873073
1590451200,889966
1590537600,884285
1590624000,919754
1590710400,956921
1590796800,942598
1590883200,969810
1590969600,945084
1591056000,1020423
1591142400,952557
1591228800,965804
1591315200,979456
1591401600,962375
1591488000,967043
1591574400,975385
1591660800,978259
1591747200,977515
1591833600,989213
1591920000,928642
1592006400,945997
1592092800,947350
1592179200,933007
1592265600,942670
1592352000,952600
1592438400,945481
1592524800,938003
1592611200,930015
1592697600,935743
1592784000,928478
1592870400,969190
1592956800,962149
1593043200,927658
1593129600,924085
1593216000,915445
1593302400,900423
1593388800,912747
1593475200,918535
1593561600,913397
1593648000,923638
1593734400,908798
1593820800,907242
1593907200,913131
1593993600,908909
1594080000,934891
1594166400,925623
1594252800,944007
1594339200,923804
1594425600,928740
1594512000,923596
1594598400,929590
1594684800,923813
1594771200,925452
1594857600,919351
1594944000,913100
1595030400,915419
1595116800,917471
1595203200,921466
1595289600,916387
1595376000,939266
1595462400,953740
1595548800,961311
1595635200,955128
1595721600,970750
1595808000,993883
1595894400,1104240
1595980800,1093494
1596067200,1110267
1596153600,1111493
1596240000,1134388
1596326400,1182369
1596412800,1107777
1596499200,1124257
1596585600,1119425
1596672000,1175028
1596758400,1177294
1596844800,1160560
1596931200,1176760
1597017600,1168406
1597104000,1189303
1597190400,1139243
1597276800,1157311
1597363200,1177743
1597449600,1177438
1597536000,1187398
1597622400,1191401
1597708800,1229372
1597795200,1196953
1597881600,1173400
1597968000,1186582
1598054400,1152280
1598140800,1168344
1598227200,1165302
1598313600,1176393
1598400000,1133740
1598486400,1146737
1598572800,1130201
1598659200,1153475
1598745600,1148164
1598832000,1170778
1598918400,1165957
1599004800,1192325
1599091200,1139744
1599177600,1018751
1599264000,1046789
1599350400,1015962
1599436800,1025493
1599523200,1036774
1599609600,1012152
1599696000,1022783
1599782400,1035266
1599868800,1039544
1599955200,1044644
1600041600,1033077
1600128000,1067464
1600214400,1078562
1600300800,1094843
1600387200,1094389
1600473600,1093179
1600560000,1108143
1600646400,1091965
1600732800,1043046
1600819200,1053222
1600905600,1023448
1600992000,1073243
1601078400,1069284
1601164800,1073240
1601251200,1077424
1601337600,1069233
1601424000,1084080
1601510400,1077792
1601596800,1061924
1601683200,1057506
1601769600,1055177
1601856000,1067346
1601942400,1078856
1602028800,1060374
1602115200,1067080
1602201600,1092330
1602288000,1106319
1602374400,1130267
1602460800,1137661
1602547200,1154004
1602633600,1142824
1602720000,1143132
1602806400,1150373
1602892800,1132757
1602979200,1136651
1603065600,1150820
1603152000,1175816
1603238400,1192546
1603324800,1283156
1603411200,1299025
1603497600,1294452
1603584000,1312846
1603670400,1303677
1603756800,1307637
1603843200,1365147
1603929600,1328900
1604016000,1345866
1604102400,1356472
1604188800,1381032
1604275200,1375888
1604361600,1357517
1604448000,1402331
1604534400,1415559
1604620800,1559139
1604707200,1559577
1604793600,1483984
1604880000,1549060
1604966400,1532853
1605052800,1531704
1605139200,1570865
1605225600,1629557
1605312000,1633933
1605398400,1609107
1605484800,1596816
1605571200,1672515
1605657600,1767972
1605744000,1779845
1605830400,1782057
1605916800,1868745
1606003200,1869975
1606089600,1842228
1606176000,1839891
1606262400,1917252
1606348800,1873980
1606435200,1715144
1606521600,1713887
1606608000,1773242
1606694400,1819160
1606780800,1970973
1606867200,1879252
1606953600,1922697
1607040000,1945454
1607126400,1867049
1607212800,1915506
1607299200,1937766
1607385600,1918141
1607472000,1831887
1607558400,1855415
1607644800,1824776
1607731200,1802936
1607817600,1880344
1607904000,1916448
1607990400,1927659
1608076800,1943975
1608163200,2137948
1608249600,2284746
1608336000,2315079
1608422400,2386992
1608508800,2349058
1608595200,2274548
1608681600,2382499
1608768000,2325337
1608854400,2371553
1608940800,2469358
1609027200,2644321
1609113600,2624658
1609200000,2703669
1609286400,2737637
1609372800,2885659
1609459200,2898256
1609545600,2939375
1609632000,3219546
1609718400,3300078
1609804800,3203503
1609891200,3404667
1609977600,3686041
1610064000,3948604
1610150400,4067025
1610236800,4024072
1610323200,3824009
1610409600,3554494
1610496000,3401182
1610582400,3739313
1610668800,3915847
1610755200,3682852
1610841600,3606520
1610928000,3579301
1611014400,3663235
1611100800,3602013
1611187200,3553898
1611273600,3079788
1611360000,3300238
1611446400,3209974
1611532800,3227684
1611619200,3224326
1611705600,3254180
1611792000,3041917
1611878400,3340317
1611964800,3431426
1612051200,3431810
1612137600,3313646
1612224000,3352290
1612310400,3552966
1612396800,3767625
1612483200,3700209
1612569600,3827861
1612656000,3932326
1612742400,3892810
1612828800,4636430
1612915200,4658958
1613001600,4487817
1613088000,4801338
1613174400,4747140
1613260800,4718519
1613347200,4872037
1613433600,4795185
1613520000,4916010
1613606400,5211823
1613692800,5160815
1613779200,5591650
1613865600,5600120
1613952000,5748786
1614038400,5412340
1614124800,4888043
1614211200,5062484
1614297600,4680042
1614384000,4634031
1614470400,4615587
1614556800,4511392
1614643200,4961843
1614729600,4835604
1614816000,5047770
1614902400,4844891
1614988800,4886138
1615075200,4888159
1615161600,5116970
1615248000,5229933
1615334400,5488152
1615420800,5599723
1615507200,5776400
1615593600,5725328
1615680000,6125873
1615766400,5913347
1615852800,5575472
1615939200,5687238
1616025600,5891300
1616112000,5766590
1616198400,5807510
1616284800,5808580
1616371200,5741117
1616457600,5420496
1616544000,5447746
1616630400,5250823
1616716800,5141592
1616803200,5507447
1616889600,5586393
1616976000,5578371
1617062400,5762767
1617148800,5873013
1617235200,5873525
1617321600,5873692
1617408000,5903132
1617494400,5707649
1617580800,5820655
1617667200,5905410
1617753600,5802046
1617840000,5594727
1617926400,5804859
1618012800,5810258
1618099200,5977400
1618185600,5996487
1618272000,5983474
1618358400,6355444
1618444800,6296912
1618531200,6325263
1618617600,6145598
1618704000,6008709
1618790400,5625148
1618876800,5570314
1618963200,5650791
1619049600,5380880
1619136000,5173171
1619222400,5115313
1619308800,5011053
1619395200,4907558
1619481600,5405664
1619568000,5507146
1619654400,5488410
1619740800,5358415
1619827200,5779662
1619913600,5785750
1620000000,5661046
1620086400,5721333
1620172800,5324172
1620259200,5747323
1620345600,5642816
1620432000,5738027
1620518400,5892881
1620604800,5828073
1620691200,5588350
1620777600,5675000
1620864000,4900709
1620950400,4970227
1621036800,4992252
1621123200,4673658
1621209600,4644164
1621296000,4359624
1621382400,4291219
1621468800,3696427
1621555200,4078432
1621641600,3728035
1621728000,3752830
1621814400,3475454
1621900800,3872859
1621987200,3841050
1622073600,3926604
1622160000,3844529
1622246400,3568962
1622332800,3464767
1622419200,3568459
1622505600,3731054
1622592000,3666264
1622678400,3758524
1622764800,3918859
1622851200,3688551
1622937600,3553038
1623024000,3581617
1623110400,3351487
1623196800,3345019
1623283200,3733836
1623369600,3670457
1623456000,3731318
1623542400,3549490
1623628800,3906682
1623715200,4052580
1623801600,4018856
1623888000,3832487
1623974400,3806804
1624060800,3572982
1624147200,3552417
1624233600,3559235
1624320000,3168655
1624406400,3244759
1624492800,3367466
1624579200,3463938
1624665600,3164058
1624752000,3216091
1624838400,3464445
1624924800,3445667
1625011200,3584770
1625097600,3504736
1625184000,3353688
1625270400,3385686
1625356800,3468898
1625443200,3530930
1625529600,3374797
1625616000,3421101
1625702400,3383904
1625788800,3287741
1625875200,3381852
1625961600,3351557
1626048000,3422764
1626134400,3315825
1626220800,3268656
1626307200,3281461
1626393600,3173859
1626480000,3142125
1626566400,3152066
1626652800,3178349
1626739200,3081594
1626825600,2979024
1626912000,3211806
1626998400,3229789
1627084800,3358163
1627171200,3427934
1627257600,3536520
1627344000,3731814
1627430400,3940595
1627516800,4000253
1627603200,4000593
1627689600,4221415
1627776000,4165906
1627862400,4000046
1627948800,3919394
1628035200,3813800
1628121600,3975014
1628208000,4088200
1628294400,4282595
1628380800,4463413
1628467200,4381614
1628553600,4633346
1628640000,4560837
1628726400,4561146
1628812800,4441778
1628899200,4783398
1628985600,4711219
1629072000,4705641
1629158400,4598255
1629244800,4464857
1629331200,4477786
1629417600,4673465
1629504000,4932775
1629590400,4893202
1629676800,4933568
1629763200,4952350
1629849600,4774458
1629936000,4897209
1630022400,4696280
1630108800,4905686
1630195200,4889765
1630281600,4880678
1630368000,4707477
1630454400,4715587
1630540800,4886276
1630627200,4932901
1630713600,5003533
1630800000,4994738
1630886400,5176906
1630972800,5267740
1631059200,4680917
1631145600,4607838
1631232000,4636869
1631318400,4484748
1631404800,4514479
1631491200,4605912
1631577600,4496876
1631664000,4707212
1631750400,4816785
1631836800,4778526
1631923200,4726360
1632009600,4825945
1632096000,4724938
1632182400,4290156
1632268800,4061927
1632355200,4360476
1632441600,4488896
1632528000,4281556
1632614400,4274201
1632700800,4318263
1632787200,4223820
1632873600,4101116
1632960000,4152238
1633046400,4375781
1633132800,4814011
1633219200,4772710
1633305600,4820572
1633392000,4914395
1633478400,5150583
1633564800,5534376
1633651200,5380110
1633737600,5386730
1633824000,5512259
1633910400,5462574
1633996800,5745201
1634083200,5624294
1634169600,5740669
1634256000,5739774
1634342400,6164117
1634428800,6094878
1634515200,6154621
1634601600,6197159
1634688000,6428764
1634774400,6606356
1634860800,6235486
1634947200,6069706
1635033600,6127728
1635120000,6088418
1635206400,6307054
1635292800,6034517
1635379200,5853849
1635465600,6058709
1635552000,6224918
1635638400,6173129
1635724800,6137344
1635811200,6102950
1635897600,6324111
1635984000,6295486
1636070400,6144183
1636156800,6107232
1636243200,6151631
1636329600,6329322
1636416000,6756217
1636502400,6695411
1636588800,6497673
1636675200,6483881
1636761600,6425467
1636848000,6442094
1636934400,6546875
1637020800,6358425
1637107200,6017226
1637193600,6038135
1637280000,5692134
1637366400,5813302
1637452800,5977798
1637539200,5875590
1637625600,5630152
1637712000,5757822
1637798400,5718754
1637884800,5893545
1637971200,5358821
1638057600,5480115
1638144000,5729228
1638230400,5782845
1638316800,5702579
1638403200,5722976
1638489600,5650848
1638576000,5371384
1638662400,4925386
1638748800,4938043
1638835200,5056463
1638921600,5064541
1639008000,5051112
1639094400,4765968
1639180800,4713746
1639267200,4937967
1639353600,5011725
1639440000,4675709
1639526400,4839279
1639612800,4888466
1639699200,4765838
1639785600,4617351
1639872000,4686367
1639958400,4668928
1640044800,4691013
1640131200,4893457
1640217600,4862835
1640304000,5078569
1640390400,5081492
1640476800,5047089
1640563200,5080111
1640649600,5069230
1640736000,4760126
1640822400,4640887
1640908800,4713296
1640995200,4624956
1641081600,4776333
1641168000,4732787
1641254400,4644199
1641340800,4586298
1641427200,4343617
1641513600,4312063
1641600000,4152804
1641686400,4169093
1641772800,4186444
1641859200,4184900
1641945600,4272337
1642032000,4392600
1642118400,4254644
1642204800,4309937
1642291200,4314653
1642377600,4310244
1642464000,4224835
1642550400,4238148
1642636800,4170785
1642723200,4068442
1642809600,3648085
1642896000,3507143
1642982400,3628082
1643068800,3667882
1643155200,3694881
1643241600,3682350
1643328000,3714685
1643414400,3777015
1643500800,3818649
1643587200,3791862
1643673600,3852179
1643760000,3873974
1643846400,3691268
1643932800,3709240
1644019200,4158419
1644105600,4143543
1644192000,4245098
1644278400,4383402
1644364800,4413328
1644451200,4439730
1644537600,4353111
1644624000,4240127
1644710400,4224556
1644796800,4210489
1644883200,4258094
1644969600,4453620
1645056000,4394881
1645142400,4056569
1645228800,4001455
1645315200,4011505
1645401600,3838232
1645488000,3703108
1645574400,3826217
1645660800,3729148
1645747200,3834478
1645833600,3922260
1645920000,3910391
1646006400,3770456
1646092800,4322636
1646179200,4441883
1646265600,4393485
1646352000,4246440
1646438400,3914125
1646524800,3939958
1646611200,3840769
1646697600,3803250
1646784000,3875310
1646870400,4195653
1646956800,3943789
1647043200,3874104
1647129600,3880918
1647216000,3782039
1647302400,3968060
1647388800,3932082
1647475200,4113308
1647561600,4094678
1647648000,4179577
1647734400,4222232
1647820800,4125083
1647907200,4107141
1647993600,4237267
1648080000,4290506
1648166400,4400447
1648252800,4433433
1648339200,4454239
1648425600,4685853
1648512000,4711593
1648598400,4744801
1648684800,4706416
1648771200,4553922
1648857600,4628256
1648944000,4582536
1649030400,4642552
1649116800,4661126
1649203200,4550816
1649289600,4319018
1649376000,4346432
1649462400,4227894
1649548800,4278769
1649635200,4214423
1649721600,3948862
1649808000,4010220
1649894400,4114806
1649980800,3993990
1650067200,4056620
1650153600,4038878
1650240000,3971145
1650326400,4080572
1650412800,4150730
1650499200,4137579
1650585600,4051401
1650672000,3972765
1650758400,3942901
1650844800,3946557
1650931200,4047270
1651017600,3811494
1651104000,3924928
1651190400,3977004
1651276800,3859628
1651363200,3766119
1651449600,3847548
1651536000,3851065
1651622400,3772719
1651708800,3967489
1651795200,3654990
1651881600,3601303
1651968000,3547142
1652054400,3408221
1652140800,3017571
1652227200,3100393
1652313600,2890715
1652400000,2893114
1652486400,2923406
1652572800,3007461
1652659200,3127743
1652745600,2983409
1652832000,3040669
1652918400,2868097
1653004800,3028987
1653091200,2915950
1653177600,2940992
1653264000,3027894
1653350400,2907433
1653436800,2963457
1653523200,2951859
1653609600,2919392
1653696000,2857889
1653782400,2901369
1653868800,2944874
1653955200,3171558
1654041600,3177627
1654128000,2978081
1654214400,3042988
1654300800,2968176
1654387200,2984523
1654473600,2990135
1654560000,3134982
1654646400,3111783
1654732800,3018925
1654819200,3008346
1654905600,2905941
1654992000,2834450
1655078400,2659330
1655164800,2243122
1655251200,2218929
1655337600,2255079
1655424000,2035048
1655510400,2043475
1655596800,1897751
1655683200,2054038
1655769600,2058229
1655856000,2070351
1655942400,1995371
1656028800,2108830
1656115200,2119468
1656201600,2148138
1656288000,2102004
1656374400,2070223
1656460800,2025661
1656547200,2008593
1656633600,1986570
1656720000,1922670
1656806400,1922475
1656892800,1928897
1656979200,2020845
1657065600,2018191
1657152000,2054561
1657238400,2163344
1657324800,2163645
1657411200,2158260
1657497600,2083461
1657584000,1994631
1657670400,1929299
1657756800,2022369
1657843200,2056890
1657929600,2083561
1658016000,2119710
1658102400,2077423
1658188800,2253808
1658275200,2340329
1658361600,2322722
1658448000,2315409
1658534400,2268708
1658620800,2246170
1658707200,2258240
1658793600,2130072
1658880000,2126733
1658966400,2295029
1659052800,2385625
1659139200,2379200
1659225600,2364799
1659312000,2332649
1659398400,2329894
1659484800,2298177
1659571200,2283185
1659657600,2260830
1659744000,2329514
1659830400,2294719
1659916800,2317425
1660003200,2381632
1660089600,2315631
1660176000,2395992
1660262400,2395377
1660348800,2441838
1660435200,2444713
1660521600,2431489
1660608000,2409619
1660694400,2387629
1660780800,2333209
1660867200,2319399
1660953600,2084322
1661040000,2115033
1661126400,2152051
1661212800,2140293
1661299200,2151602
1661385600,2137751
1661472000,2159793
1661558400,2023332
1661644800,2003559
1661731200,1955007
1661817600,2029041
1661904000,1979302
1661990400,2004768
1662076800,2013052
1662163200,1995291
1662249600,1983494
1662336000,1999465
1662422400,1978987
1662508800,1880670
1662595200,1928008
1662681600,1932753
1662768000,2138758
1662854400,2167303
1662940800,2179452
1663027200,2239271
1663113600,2017256
1663200000,2021955
1663286400,1969469
1663372800,1978761
1663459200,2012271
1663545600,1941586
1663632000,1954220
1663718400,1887996
1663804800,1850736
1663891200,1940863
1663977600,1928058
1664064000,1893179
1664150400,1880771
1664236800,1922726
1664323200,1910489
1664409600,1953071
1664496000,1959886
1664582400,1942720
1664668800,1931469
1664755200,1904972
1664841600,1963261
1664928000,2034225
1665014400,2016779
1665100800,1995649
1665187200,1954482
1665273600,1941773
1665360000,1944188
1665446400,1913252
1665532800,1904964
1665619200,1915621
1665705600,1938333
1665792000,1918471
1665878400,1906310
1665964800,1926553
1666051200,1954897
1666137600,1933074
1666224000,1912565
1666310400,1904683
1666396800,1917134
1666483200,1920545
1666569600,1956591
1666656000,1933890
1666742400,2010127
1666828800,2077236
1666915200,2028852
1667001600,2060163
1667088000,2081616
1667174400,2062850
1667260800,2049929
1667347200,2048626
1667433600,2015399
1667520000,2020816
1667606400,2115293
1667692800,2129267
1667779200,2092033
1667865600,2059844
1667952000,1854011
1668038400,1585695
1668124800,1755023
1668211200,1699026
1668297600,1677640
1668384000,1631030
1668470400,1658796
1668556800,1687356
1668643200,1666224
1668729600,1668244
1668816000,1668322
1668902400,1668780
1668988800,1626041
1669075200,1575961
1669161600,1619475
1669248000,1660677
1669334400,1659267
1669420800,1650744
1669507200,1645347
1669593600,1642020
1669680000,1620896
1669766400,1643273
1669852800,1717062
1669939200,1697157
1670025600,1709123
1670112000,1689423
1670198400,1711757
1670284800,1696702
1670371200,1708545
1670457600,1683605
1670544000,1723458
1670630400,1712855
1670716800,1712499
1670803200,1709861
1670889600,1720687
1670976000,1777103
1671062400,1780244
1671148800,1735747
1671235200,1663760
1671321600,1678360
1671408000,1674599
1671494400,1643989
1671580800,1690464
1671667200,1681362
1671753600,1681868
1671840000,1677971
1671926400,1683810
1672012800,1682686
1672099200,1691570
1672185600,1669900
1672272000,1653928
1672358400,1663049
1672444800,1659969
1672531200,1652678
1672617600,1661371
1672704000,1667154
1672790400,1666960
1672876800,1685063
1672963200,1682641
1673049600,1695197
1673136000,1694520
1673222400,1710841
1673308800,1719207
1673395200,1744368
1673481600,1793460
1673568000,1885932
1673654400,1993336
1673740800,2095515
1673827200,2088099
1673913600,2119049
1674000000,2114518
1674086400,2067278
1674172800,2108776
1674259200,2269345
1674345600,2277250
1674432000,2272423
1674518400,2292437
1674604800,2263447
1674691200,2308974
1674777600,2300829
1674864000,2307581
1674950400,2303223
1675036800,2375585
1675123200,2283609
1675209600,2313391
1675296000,2372202
1675382400,2345441
1675468800,2344009
1675555200,2332824
1675641600,2293695
1675728000,2276374
1675814400,2325479
1675900800,2296487
1675987200,2179405
1676073600,2163855
1676160000,2186184
1676246400,2178725
1676332800,2178799
1676419200,2221180
1676505600,2434073
1676592000,2354467
1676678400,2457297
1676764800,2464194
1676851200,2429018
1676937600,2483481
1677024000,2443810
1677110400,2418567
1677196800,2394639
1677283200,2319202
1677369600,2317676
1677456000,2356311
1677542400,2349762
1677628800,2312830
1677715200,2364168
1677801600,2346736
1677888000,2235172
1677974400,2234851
1678060800,2242756
1678147200,2241062
1678233600,2219749
1678320000,2169833
1678406400,2036336
1678492800,2022485
1678579200,2065678
1678665600,2220532
1678752000,2421374
1678838400,2476746
1678924800,2437639
1679011200,2505364
1679097600,2746277
1679184000,2697539
1679270400,2804584
1679356800,2779089
1679443200,2819153
1679529600,2730632
1679616000,2833242
1679702400,2749620
1679788800,2749606
1679875200,2799984
1679961600,2714123
1680048000,2727472
1680134400,2835592
1680220800,2803306
1680307200,2847975
1680393600,2846504
1680480000,2818520
1680566400,2780223
1680652800,2816950
1680739200,2818040
1680825600,2803994
1680912000,2792555
1680998400,2795601
1681084800,2833618
1681171200,2965624
1681257600,3023498
1681344000,2989924
1681430400,3040760
1681516800,3048605
1681603200,3031932
1681689600,3031539
1681776000,2944710
1681862400,3039364
1681948800,2882957
1682035200,2824302
1682121600,2726799
1682208000,2781618
1682294400,2759055
1682380800,2751648
1682467200,2830171
1682553600,2842972
1682640000,2948035
1682726400,2932963
1682812800,2924468
1682899200,2926414
1682985600,2808665
1683072000,2867829
1683158400,2900766
1683244800,2885184
1683331200,2953538
1683417600,2890341
1683504000,2845684
1683590400,2769141
1683676800,2764009
1683763200,2761714
1683849600,2699320
1683936000,2680305
1684022400,2678594
1684108800,2692617
1684195200,2719197
1684281600,2703639
1684368000,2739827
1684454400,2683327
1684540800,2688960
1684627200,2712448
1684713600,2675657
1684800000,2684997
1684886400,2722319
1684972800,2632738
1685059200,2647729
1685145600,2671974
1685232000,2687318
1685318400,2808270
1685404800,2774466
1685491200,2770400
1685577600,2721371
1685664000,2681477
1685750400,2725193
1685836800,2707327
1685923200,2712502
1686009600,2574720
1686096000,2724364
1686182400,2635220
1686268800,2650733
1686355200,2648352
1686441600,2585282
1686528000,2593306
1686614400,2590432
1686700800,2592142
1686787200,2512704
1686873600,2557569
1686960000,2632623
1687046400,2650982
1687132800,2633708
1687219200,2684880
1687305600,2832680
1687392000,2999298
1687478400,2990373
1687564800,3069280
1687651200,3054859
1687737600,3045897
1687824000,3026670
1687910400,3069911
1687996800,3008359
1688083200,3044916
1688169600,3047150
1688256000,3059153
1688342400,3061825
1688428800,3115092
1688515200,3077487
1688601600,3050255
1688688000,2991804
1688774400,3034453
1688860800,3021455
1688947200,3021455
1689033600,3041171
1689120000,3062270
1689206400,3039164
1689292800,3148537
1689379200,3033022
1689465600,3029167
1689552000,3024028
1689638400,3014420
1689724800,2985924
1689811200,2991248
1689897600,2980229
1689984000,2990788
1690070400,2977436
1690156800,3008188
1690243200,2917842
1690329600,2922618
1690416000,2934456
1690502400,2921394
1690588800,2931612
1690675200,2935989
1690761600,2927494
1690848000,2922849
1690934400,2968361
1691020800,2915245
1691107200,2918341
1691193600,2907500
1691280000,2904801
1691366400,2904101
1691452800,2918171
1691539200,2976829
1691625600,2956582
1691712000,2943398
1691798400,2939918
1691884800,2941284
1691971200,2928384
1692057600,2941380
1692144000,2916909
1692230400,2870148
1692316800,2666205
1692403200,2604705
1692489600,2609070
1692576000,2618999
1692662400,2612341
1692748800,2603691
1692835200,2642674
1692921600,2616540
1693008000,2604942
1693094400,2600644
1693180800,2608878
1693267200,2610831
1693353600,2773123
1693440000,2730112
1693526400,2593299
1693612800,2580210
1693699200,2586909
1693785600,2596905
1693872000,2581086
1693958400,2578530
1694044800,2575331
1694131200,2624347
1694217600,2590603
1694304000,2589431
1694390400,2583282
1694476800,2516270
1694563200,2583570
1694649600,2622798
1694736000,2653602
1694822400,2660575
1694908800,2656865
1694995200,2653654
1695081600,2676376
1695168000,2722212
1695254400,2713355
1695340800,2656960
1695427200,2658186
1695513600,2658072
1695600000,2625275
1695686400,2629329
1695772800,2621282
1695859200,2635765
1695945600,2702115
1696032000,2691691
1696118400,2697043
1696204800,2798392
1696291200,2753251
1696377600,2743023
1696464000,2779756
1696550400,2741669
1696636800,2794661
1696723200,2797326
1696809600,2793718
1696896000,2758142
1696982400,2739565
1697068800,2686779
1697155200,2675866
1697241600,2686651
1697328000,2685589
1697414400,2716787
1697500800,2851732
1697587200,2841317
1697673600,2833150
1697760000,2872349
1697846400,2968260
1697932800,2992168
1698019200,2999073
1698105600,3305998
1698192000,3390265
1698278400,3449319
1698364800,3415779
1698451200,3391108
1698537600,3409068
1698624000,3453239
1698710400,3450100
1698796800,3466216
1698883200,3544051
1698969600,3493465
1699056000,3473655
1699142400,3508805
1699228800,3504835
1699315200,3503512
1699401600,3543628
1699488000,3562952
1699574400,3669625
1699660800,3732165
1699747200,3714027
1699833600,3705898
1699920000,3649735
1700006400,3554597
1700092800,3789148
1700179200,3615550
1700265600,3662430
1700352000,3658813
1700438400,3739617
1700524800,3747996
1700611200,3580895
1700697600,3742742
1700784000,3729756
1700870400,3772050
1700956800,3780094
1701043200,3746889
1701129600,3724886
1701216000,3783275
1701302400,3786737
1701388800,3771179
1701475200,3869781
1701561600,3947640
1701648000,3997604
1701734400,4198555
1701820800,4407676
1701907200,4374530
1701993600,4329870
1702080000,4418418
1702166400,4370941
1702252800,4378781
1702339200,4123831
1702425600,4145849
1702512000,4288709
1702598400,4302324
1702684800,4193471
1702771200,4223681
1702857600,4134190
1702944000,4126480
1703030400,4226262
1703116800,4363990
1703203200,4387089
1703289600,4399678
1703376000,4374233
1703462400,4301346
1703548800,4359961
1703635200,4251479
1703721600,4347076
1703808000,4260923
1703894400,4208622
1703980800,4214838
1704067200,4224969
1704153600,4417626
1704240000,4495898
1704326400,4285495
1704412800,4419010
1704499200,4418110
1704585600,4397563
1704672000,4392807
1704758400,4697242
1704844800,4614331
1704931200,4664942
1705017600,4635563
1705104000,4284398
1705190400,4283718
1705276800,4171615
1705363200,4249778
1705449600,4313240
1705536000,4274278
1705622400,4126264
1705708800,4162004
1705795200,4165940
1705881600,4155760
1705968000,3950509
1706054400,3985634
1706140800,4006849
1706227200,3992550
1706313600,4181344
1706400000,4212431
1706486400,4203081
1706572800,4327465
1706659200,4295077
1706745600,4255722
1706832000,4306116
1706918400,4318304
1707004800,4299151
1707091200,4257616
1707177600,4265329
1707264000,4308090
1707350400,4431884
1707436800,4531245
1707523200,4713454
1707609600,4777136
1707696000,4830195
1707782400,4995835
1707868800,4973924
1707955200,5182186
1708041600,5194601
1708128000,5217207
1708214400,5168535
1708300800,5212857
1708387200,5178208
1708473600,5226958
1708560000,5186286
1708646400,5130343
1708732800,5072766
1708819200,5155999
1708905600,5172776
1708992000,5452954
1709078400,5707501
1709164800,6249879
1709251200,6117249
1709337600,6243700
1709424000,6203366
1709510400,6316840
1709596800,6837767
1709683200,6379773
1709769600,6610223
1709856000,6693700
1709942400,6830690
1710028800,6849942
1710115200,6902697
1710201600,7212118
1710288000,7148922
1710374400,7309437
1710460800,7139436
1710547200,6949588
1710633600,6530367
1710720000,6835887
1710806400,6760119
1710892800,6191944
1710979200,6785718
1711065600,6549316
1711152000,6379546
1711238400,6408337
1711324800,6722633
1711411200,6996276
1711497600,6999148
1711584000,6944679
1711670400,7075469
1711756800,6990985
1711843200,6965074
1711929600,7133184
1712016000,6970130
1712102400,6544652
1712188800,6598359
1712275200,6852659
1712361600,6785742
1712448000,6890959
1712534400,6937369
1712620800,7164591
1712707200,6914175
1712793600,7056173
1712880000,7003580
1712966400,6719884
1713052800,6401974
1713139200,6573462
1713225600,6343581
1713312000,6382092
1713398400,6128051
1713484800,6350769
1713571200,6382355
1713657600,6499171
1713744000,6494979
1713830400,6684474
1713916800,6641637
1714003200,6427173
1714089600,6448629
1714176000,6374970
1714262400,6342025
1714348800,6311269
1714435200,6383272
1714521600,6060304
1714608000,5826836
1714694400,5912040
1714780800,6288527
1714867200,6390184
1714953600,6404515
1715040000,6315769
1715126400,6232338
1715212800,6118224
1715299200,6306669
1715385600,6079409
1715472000,6080578
1715558400,6144899
1715644800,6291371
1715731200,6155740
1715817600,6623913
1715904000,6523159
1715990400,6706024
1716076800,6692654
1716163200,6626607
1716249600,7144294
1716336000,7013960
1716422400,6913373
1716508800,6794223
1716595200,6853176
1716681600,6927270
1716768000,6848654
1716854400,6937417
1716940800,6828960
1717027200,6757391
1717113600,6835244
1717200000,6748493
1717286400,6771929
1717372800,6775227
1717459200,6880311
1717545600,7055324
1717632000,7108368
1717718400,7076424
1717804800,6933166
1717891200,6929793
1717977600,6964528
1718064000,6951323
1718150400,6733200
1718236800,6823979
1718323200,6675759
1718409600,6599349
1718496000,6618817
1718582400,6663685
1718668800,6648082
1718755200,6514841
1718841600,6496021
1718928000,6483029
1719014400,6409550
1719100800,6425126
1719187200,6316730
1719273600,6027954
1719360000,6179524
1719446400,6080817
1719532800,6161604
1719619200,6031567
1719705600,6087103
1719792000,6267636
1719878400,6284512
1719964800,6202838
1720051200,6014584
1720137600,5703405
1720224000,5664856
1720310400,5826525
1720396800,5584873
1720483200,5670626
1720569600,5801147
1720656000,5774311
1720742400,5735164
1720828800,5790793
1720915200,5923112
1721001600,6079816
1721088000,6485979
1721174400,6507723
1721260800,6410491
1721347200,6396861
1721433600,6671266
1721520000,6716474
1721606400,6815567
1721692800,6759726
1721779200,6592076
1721865600,6535771
1721952000,6579091
1722038400,6791486
1722124800,6782614
1722211200,6825742
1722297600,6677736
1722384000,6618000
1722470400,6462173
1722556800,6529777
1722643200,6141011
1722729600,6067668
1722816000,5811646
1722902400,5397878
1722988800,5608271
1723075200,5503347
1723161600,6169890
1723248000,6087941
1723334400,6094319
1723420800,5871700
1723507200,5935007
1723593600,6060035
1723680000,5872743
1723766400,5752347
1723852800,5888674
1723939200,5948303
1724025600,5844598
1724112000,5947591
1724198400,5902454
1724284800,6117043
1724371200,6038201
1724457600,6408205
1724544000,6417459
1724630400,6432786
1724716800,6285778
1724803200,5946682
1724889600,5902411
1724976000,5938934
1725062400,5910823
1725148800,5896891
1725235200,5732252
1725321600,5911365
1725408000,5743023
1725494400,5796679
1725580800,5616532
1725667200,5395172
1725753600,5415839
1725840000,5485717
1725926400,5705568
1726012800,5763619
1726099200,5734538
1726185600,5813650
1726272000,6056591
1726358400,6000402
1726444800,5913683
1726531200,5819498
1726617600,6030422
1726704000,6168391
1726790400,6293820
1726876800,6321319
1726963200,6337701
1727049600,6362642
1727136000,6333079
1727222400,6427904
1727308800,6313880
1727395200,6517996
1727481600,6578165
1727568000,6588850
1727654400,6562059
1727740800,6332353
1727827200,6083874
1727913600,6063947
1728000000,6075415
1728086400,6207973
1728172800,6206506
1728259200,6281493
1728345600,6223811
1728432000,6212437
1728518400,6057402
1728604800,6026924
1728691200,6245707
1728777600,6318926
1728864000,6284266
1728950400,6604856
1729036800,6704957
1729123200,6759932
1729209600,6740164
1729296000,6842620
1729382400,6836574
1729468800,6901204
1729555200,6736326
1729641600,6736820
1729728000,6665568
1729814400,6816243
1729900800,6663948
1729987200,6701878
1730073600,6793881
1730160000,6991346
1730246400,7270628
1730332800,7232987
1730419200,7021902
1730505600,6949073
1730592000,6930181
1730678400,6874421
1730764800,6780949
1730851200,6938283
1730937600,7564259
1731024000,7592631
1731110400,7655938
1731196800,7672880
1731283200,8047781
1731369600,8871974
1731456000,8797298
1731542400,9053778
1731628800,8729203
1731715200,9106324
1731801600,9056203
1731888000,8982932
1731974400,9054098
1732060800,9236946
1732147200,9435443
1732233600,9850147
1732320000,9901158
1732406400,9777694
1732492800,9804292
1732579200,9300321
1732665600,9196835
1732752000,9595699
1732838400,9565151
1732924800,9750354
1733011200,9645008
1733097600,9727362
1733184000,9585716
1733270400,9594145
1733356800,9876881
1733443200,9707954
1733529600,9988814
1733616000,9991434
1733702400,10117958
1733788800,9746555
1733875200,9665346
1733961600,10119195
1734048000,10004086
1734134400,10146753
1734220800,10140433
1734307200,10434221
1734393600,10605949
1734480000,10615601
1734566400,10015734
1734652800,9747038
1734739200,9776878
1734825600,9722654
1734912000,9509478
1734998400,9471572
1735084800,9861353
1735171200,9930012
1735257600,9568577
1735344000,9415268
1735430400,9514481
1735516800,9353642
1735603200,9265268
1735689600,9340674
1735776000,9440913
1735862400,9685363
1735948800,9812201
1736035200,9824207
1736121600,9831920
1736208000,10225331
1736294400,9691658
1736380800,9504945
1736467200,9249326
1736553600,9470266
1736640000,9456961
1736726400,9447837
1736812800,9449768
1736899200,9652714
1736985600,10051185
1737072000,9997692
1737158400,10410344
1737244800,10440889
1737331200,10121701
1737417600,10204206
1737504000,10615827
1737590400,10363706
1737676800,10395037
1737763200,10485500
1737849600,10472236
1737936000,10259263
1738022400,10210201
1738108800,10132282
1738195200,10370456
1738281600,10474397
1738368000,10240647
1738454400,10062727
1738540800,9767585
1738627200,10141476
1738713600,9787742
1738800000,9660766
1738886400,9656445
1738972800,9654070
1739059200,9648654
1739145600,9648705
1739232000,9746149
1739318400,9575200
1739404800,9787716
1739491200,9662878
1739577600,9749479
1739664000,9759362
1739750400,9617621
1739836800,9577114
1739923200,9554400
1740009600,9664279
1740096000,9833100
1740182400,9611111
1740268800,9658065
1740355200,9627479
1740441600,9153839
1740528000,8866431
1740614400,8411570
1740700800,8464586
1740787200,8437979
1740873600,8602507
1740960000,9425551
1741046400,8608179
1741132800,8722639
1741219200,9060857
1741305600,8992013
1741392000,8674552
1741478400,8616324
1741564800,8066931
1741651200,7855772
1741737600,8285932
1741824000,8370369
1741910400,8107563
1741996800,8398258
1742083200,8433961
1742169600,8258185
1742256000,8404057
1742342400,8271844
1742428800,8686758
1742515200,8417428
1742601600,8404210
1742688000,8381307
1742774400,8605708
1742860800,8750931
1742947200,8747515
1743033600,8690702
1743120000,8718777
1743206400,8436288
1743292800,8261214
1743379200,8233819
1743465600,8253115
1743552000,8518553
1743638400,8248727
1743724800,8310281
1743811200,8384201
1743897600,8350022
1743984000,7837220
1744070400,7918856
1744156800,7626657
1744243200,8257564
1744329600,7958779
1744416000,8342393
1744502400,8528327
1744588800,8370973
1744675200,8455318
1744761600,8363152
1744848000,8403359
1744934400,8491520
1745020800,8446672
1745107200,8509063
1745193600,8517264
1745280000,8752275
1745366400,9347265
1745452800,9370871
1745539200,9397077
1745625600,9472446
1745712000,9466046
1745798400,9378218
1745884800,9499820
1745971200,9427498
1746057600,9420641
1746144000,9650726
1746230400,9692701
1746316800,9589574
1746403200,9431245
1746489600,9472780
1746576000,9681839
1746662400,9704254
1746748800,10322326
1746835200,10298207
1746921600,10476627
1747008000,10413099
1747094400,10282718
1747180800,10415471
1747267200,10355222
1747353600,10375739
1747440000,10349995
1747526400,10315851
1747612800,10642476
1747699200,10562210
1747785600,10680583
1747872000,10966826
1747958400,11172219
1748044800,10730371
1748131200,10780979
1748217600,10902924
1748304000,10948132
1748390400,10898767
1748476800,10780838
1748563200,10558816
1748649600,10402767
1748736000,10465537
1748822400,10570148
1748908800,10590696
1748995200,10543447
1749081600,10474397
1749168000,10156591
1749254400,10438186
1749340800,10563302
1749427200,10577098
1749513600,11030041
1749600000,11027928
1749686400,10868852
1749772800,10575521
1749859200,10612185
1749945600,10546667
1750032000,10555870
1750118400,10679831
1750204800,10460629
1750291200,10491093
1750377600,10468034
1750464000,10330268
1750550400,10214177
1750636800,10099771
1750723200,10538030
1750809600,10611874
1750896000,10738604
1750982400,10697863
1751068800,10711033
1751155200,10733413
1751241600,10838558
1751328000,10713031
1751414400,10570584
1751500800,10884662
1751587200,10963688
1751673600,10802640
1751760000,10824313
1751846400,10922378
1751932800,10830056
1752019200,10893626
1752105600,11130527
1752192000,11599381
1752278400,11756214
1752364800,11744602
1752451200,11909539
1752537600,11987073
1752624000,11776236
1752710400,11874850
1752796800,11927685
1752883200,11801966
1752969600,11792305
1753056000,11731630
1753142400,11744679
1753228800,12000146
1753315200,11878028
1753401600,11835317
1753488000,11764833
1753574400,11794726
1753660800,11946183
1753747200,11803715
1753833600,11792555
1753920000,11782887
1754006400,11575410
1754092800,11326281
1754179200,11252170
1754265600,11422686
1754352000,11506827
1754438400,11413805
1754524800,11502446
1754611200,11751056
1754697600,11667654
1754784000,11648538
1754870400,11929542
1754956800,11871593
1755043200,12016930
1755129600,12335945
1755216000,11838790
1755302400,11741950
1755388800,11748412
1755475200,11745550
1755561600,11625112
1755648000,11281634
1755734400,11426331
1755820800,11243268
1755907200,11686695
1755993600,11537247
1756080000,11346836
1756166400,11013868
1756252800,11180349
1756339200,11125232
1756425600,11257288
1756512000,10837055
1756598400,10879079
1756684800,10823482
1756771200,10925051
1756857600,11120295
1756944000,11173755
1757030400,11073271
1757116800,11065704
1757203200,11023114
1757289600,11117546
1757376000,11207880
1757462400,11152315
1757548800,11396934
1757635200,11551768
1757721600,11610502
1757808000,11596547
1757894400,11538469
1757980800,11540240
1758067200,11679750
1758153600,11645308
1758240000,11712897
1758326400,11569140
1758412800,11575115
1758499200,11531703
1758585600,11275231
1758672000,11201028
1758758400,11331686
1758844800,10903672
1758931200,10969886
1759017600,10968885
1759104000,11217712
1759190400,11440431
1759276800,11403476
1759363200,11861771
1759449600,12062796
1759536000,12228299
1759622400,12243334
1759708800,12351947
1759795200,12477668
1759881600,12142501
1759968000,12334125
1760054400,12168439
1760140800,11313900
1760227200,11078757
1760313600,11510500
1760400000,11521647
1760486400,11309261
1760572800,11078488
1760659200,10819262
1760745600,10646605
1760832000,10720972
1760918400,10868824
1761004800,11057670
1761091200,10844806
1761177600,10761403
1761264000,11008272
1761350400,11102053
1761436800,11163764
1761523200,11453159
1761609600,11412146
1761696000,11292391
1761782400,11006852
1761868800,10830321
1761955200,10955254
1762041600,11004716
1762128000,11060199
1762214400,10653338
1762300800,10152349
1762387200,10388358
1762473600,10128256
1762560000,10332881
1762646400,10228042
1762732800,10471219
1762819200,10596229
1762905600,10301787
1762992000,10165907
1763078400,9967515
1763164800,9439923
1763251200,9553416
1763337600,9418775
1763424000,9209324
1763510400,9297911
1763596800,9145307
1763683200,8646717
1763769600,8509682
1763856000,8467763
1763942400,8678692
1764028800,8827626
1764115200,8733085
1764201600,9051755
1764288000,9130547
1764374400,9091526
1764460800,9083082
1764547200,9037643
1764633600,8631642
1764720000,9132047
1764806400,9346815
1764892800,9214199
1764979200,8934314
1765065600,8923051
1765152000,9045530
1765238400,9064357
1765324800,9270359
1765411200,9198509
1765497600,9249793
1765584000,9026959
1765670400,9028087
1765756800,8816645
1765843200,8642290
1765929600,8783539
1766016000,8613282
1766102400,8545835
1766188800,8809882
1766275200,8833741
1766361600,8861572
1766448000,8848537
1766534400,8742467
1766620800,8760778
1766707200,8722366
1766793600,8730034
1766880000,8779037
1766966400,8783512
1767052800,8712305
1767139200,8842354
1767225600,8749387
1767312000,8873500
1767398400,8994405
1767484800,9059094
1767571200,9146797
1767657600,9388239
1767744000,9373880
1767830400,9127261
1767916800,9103038
1768003200,9049568
1768089600,9037879
1768176000,9081826
1768262400,9119370
1768348800,9533381
1768435200,9693194
1768521600,9555997
1768608000,9552794
1768694400,9509789
1768780800,9366510
1768867200,9255306
1768953600,8832494
1769040000,8937474
1769126400,8946176
1769212800,8950600
1769299200,8908207
1769385600,8657094
1769472000,8824567
1769558400,8911706
1769644800,8915985
1769731200,8456340
1769817600,8412031
1769904000,7858589
1769990400,7687964
1770076800,7867978
1770163200,7563164
1770249600,7300418
1770336000,6281206
1770422400,7052032
1770508800,6928265
1770595200,7028484
1770681600,7013123
1770768000,6879425
1770854400,6697972
1770940800,6620598
1771027200,6885199
1771113600,6975468
1771200000,6878472
1771286400,6884026
1771372800,6745999
1771459200,6642780
1771545600,6695688
1771632000,6799480
1771718400,6796635
1771804800,6761490
1771891200,6461994
1771977600,6404332
1772064000,6798476
1772150400,6747073
1772236800,6586666
1772323200,6700609
1772409600,6576229
1772496000,6877578
1772582400,6826482
1772668800,7275805
1772755200,7088676
1772841600,6812859
1772928000,6727951
1773014400,6594080
1773100800,6845278
1773187200,6992238
1773273600,7019735
1773360000,7049361
1773446400,7096624
1773532800,7121864
1773619200,7281988
1773705600,7485950
1773792000,7392768
1773878400,7126346
1773964800,6991135
1774051200,7050753
1774137600,6889019
1774224000,6784971
1774310400,7088518
1774396800,7051765
1774483200,7130105
1774569600,6877941
1774656000,6632987
1774742400,6632010
1774828800,6595694
1774915200,6669446
1775001600,6821653
1775088000,6809979
1775174400,6689136
1775260800,6693175
1775347200,6728612
1775433600,6899655
1775520000,6885654
1775606400,7194958
1775692800,7112961
1775779200,7177125
1775865600,7297607
1775952000,7306517
1776038400,7076813
1776124800,7450101
1776211200,7419534
1776297600,7481499
1776384000,7516974
1776470400,7714343
1776556800,7573470
1776643200,7385703
1776729600,7587382
1776816000,7635308
1776902400,7820649
1776988800,7826665
1777075200,7745876
1777161600,7763609
1777248000,7864947
1777334400,7737346
1777420800,7634725
1777507200,7578188
1777593600,7628646
1777680000,7819588
1777766400,7867021
1777852800,7854310
1777939200,7982787
1778025600,8092841
1778112000,8143654
1778198400,8001599
1778284800,8019758
1778371200,8067203
1778457600,8214620
1778544000,8173819
1778630400,8049145
1778716800,7928566
1778803200,8106756
1778889600,7906302
1778976000,7814084
1779062400,7740945
1779148800,7694745
1779235200,7675277
1779321600,7746334
1779408000,7753822
1779494400,7546093
1779580800,7667389
1779667200,7698538
1779753600,7728484
1779840000,7582327
1779926400,7434835
1780012800,7353908
1780099200,7337210
1780185600,7375451
1780272000,7357059
1780358400,7132564
1780444800,6667655
1780531200,6401280
1780617600,6381260
1780704000,6103924
1780790400,6086129
1780876800,6327463
1780963200,6309031
1781049600,6164238
1781136000,6145038
1781222400,6354789
1781308800,6353965
1781395200,6442729
1781481600,6571321
1781568000,6628533
1781654400,6561177
1781740800,6442891
1781827200,6290098
1781913600,6348622
1782000000,6425043
1782086400,6323470
1782172800,6395220
1782259200,6265371
1782345600,6098424
1782432000,5970965
1782518400,6002384
1782604800,5994143
1782691200,5949675
1782777600,6013619
1782864000,5853428
1782950400,5996386
1783036800,6148436
1783123200,6254503
1783209600,6308645
1783296000,6357203
1783382400,6400031
1783468800,6328715
1783555200,6224952
1783641600,6318784
1783728000,6412485
1783814400,6378283
1783900800,6374439
1783987200,6224232
1784073600,6496009
1784160000,6471454
1784246400,6379067
1784332800,6389918
1784419200,6479787
1784505600,6468215
1784592000,6520988
1784678400,6651166
1784764800,6607413
1784851200,6505117
1784937600,6409549
1785024000,6431197
1785110400,6533546
1785196800,6371094
1785283200,6387346
1785369600,6389736
1785429360,6480969
1785429661,6478550
1785429961,6472271
1785430261,6473973
1785430561,6476680
1785430810,6475829
1785431111,6477790
1785431411,6477232
1785431711,6473246
1785432011,6479066
1785432310,6487125
1785432611,6488285
1785432911,6482750
1785433211,6479192
1785433511,6489500
1785433811,6487038
1785434110,6481480
1785434411,6481294
1785434711,6480559
1785435011,6478730
1785435311,6476308
1785435611,6472035
1785435911,6473556
1785436211,6474077
1785436511,6471920
1785436811,6466810
1785437111,6466856
1785437411,6465252
1785437711,6463413
1785438011,6464223
1785438311,6470262
1785438612,6476614
1785438911,6478092
1785439211,6478480
1785439511,6478205
1785439811,6482786
1785440111,6478941
1785440411,6479372
1785440711,6477514
1785441011,6472850
1785441311,6476391
1785441612,6474289
1785441911,6484598
1785442211,6477120
1785442512,6473438
1785442811,6475037
1785443111,6480530
1785443411,6474422
1785443711,6473306
1785444011,6473606
1785444311,6479290
1785444611,6479914
1785444911,6477132
1785445211,6472184
1785445511,6473965
1785445811,6471465
1785446111,6468590
1785446411,6468800
1785446711,6469621
1785447011,6469070
1785447311,6469201
1785447611,6470668
1785447911,6471263
1785448211,6469054
1785448511,6466872
1785448812,6468064
1785449111,6473916
1785449411,6487661
1785449711,6487016
1785450011,6486116
1785450311,6485126
1785450611,6492140
1785450911,6488613
1785451211,6485953
1785451511,6485280
1785451811,6482224
1785452111,6481616
1785452411,6478899
1785452711,6480734
1785453011,6484670
1785453311,6487304
1785453611,6486191
1785453911,6486192
1785454211,6485515
1785454511,6495240
1785454811,6501463
1785455111,6483250
1785455411,6481915
1785455711,6473294
1785456011,6472614
1785456311,6478851
1785456611,6475934
1785456911,6474593
1785457211,6472517
1785457511,6472469
1785457811,6469973
1785458111,6470853
1785458411,6472611
1785458711,6472132
1785459011,6471468
1785459311,6464906
1785459611,6465120
1785459911,6487559
1785460211,6508557
1785460511,6517637
1785460811,6506464
1785461111,6502745
1785461411,6510579
1785461711,6500546
1785462011,6487209
1785462311,6481403
1785462611,6458313
1785462911,6455218
1785463211,6451303
1785463511,6444639
1785463811,6451959
1785464111,6446182
1785464411,6434911
1785464711,6432649
1785465011,6432499
1785465311,6432609
1785465611,6424148
1785465911,6416922
1785466211,6425805
1785466511,6424763
1785466811,6422243
1785467111,6419770
1785467411,6418003
1785467711,6417283
1785468011,6425688
1785468311,6432566
1785468611,6431190
1785468911,6430149
1785469211,6426119
1785469511,6431595
1785469811,6430418
1785470111,6434905
1785470411,6431535
1785470711,6433521
1785471310,6431225
1785471617,6423645
1785471917,6418099
1785472217,6426183
1785472517,6425261
1785472817,6425093
1785473117,6424469
1785473417,6425198
1785473717,6425427
1785474017,6424498
1785474317,6432732
1785474617,6432428
1785474917,6434608
1785475217,6432943
1785475517,6432150
1785475817,6428071
1785476117,6428104
1785476417,6425872
1785476717,6425454
1785477017,6422719
1785477317,6426034
1785477617,6429297
1785477917,6428156
1785478217,6432025
1785478517,6431920
1785478817,6431463
1785479117,6431727
1785479417,6434585
1785479717,6440300
1785480017,6432480
1785480317,6422926
1785480617,6417467
1785480917,6419406
1785481217,6418725
1785481517,6408232
1785481817,6407611
1785482117,6400924
1785482417,6399635
1785482717,6394290
1785483005,6394205
1785483306,6394142
1785483606,6391710
1785483906,6387105
1785484206,6390344
1785484506,6392534
1785484806,6389412
1785485106,6388432
1785485406,6381512
1785485706,6388937
1785486006,6383165
1785486306,6381332
1785486606,6390058
1785486906,6387358
1785487206,6382085
1785487506,6378464
1785487806,6382638
1785488106,6377411
1785488406,6377669
1785488706,6377068
1785489006,6373351
1785489306,6373230
1785489606,6369209
1785489906,6364418
1785490206,6363794
1785490506,6360677
1785490806,6363850
1785491106,6364379
1785491406,6364693
1785491706,6365717
1785492006,6364791
1785492306,6360713
1785492606,6363054
1785492906,6366384
1785493206,6366516
1785493506,6371602
1785493806,6375324
1785494106,6377893
1785494406,6380006
1785494706,6382948
1785495006,6382314
1785495306,6387119
1785495606,6386309
1785495906,6391250
1785496206,6388308
1785496506,6384898
1785496806,6384757
1785497106,6388028
1785497406,6387328
1785497706,6381006
1785498006,6379154
1785498306,6379199
1785498606,6376042
1785498906,6376350
1785499206,6374148
1785499506,6371230
1785499806,6368781
1785500106,6366229
1785500406,6365008
1785500706,6366408
1785501006,6369054
1785501306,6361235
1785501606,6361045
1785501906,6359122
1785502206,6362589
1785502506,6365726
1785502806,6367907
1785503106,6368981
1785503406,6367363
1785503706,6367235
1785504006,6372885
1785504306,6374566
1785504606,6373753
1785504906,6359518
1785505206,6356361
1785505506,6344464
1785505806,6332095
1785506106,6321675
1785506406,6321739
1785506706,6304154
1785507006,6258394
1785507306,6267705
1785507606,6251887
1785507906,6249870
1785508206,6250973
1785508506,6259114
1785508806,6264912
1785509106,6259180
1785509406,6266943
1785509706,6259011
1785510006,6261382
1785510306,6256849
1785510606,6257615
1785510906,6251527
1785511206,6251549
1785511506,6245676
1785511806,6246872
1785512106,6250172
1785512406,6263908
1785512706,6263533
1785513006,6257475
1785513306,6266012
1785513606,6265275
1785513906,6270930
1785514206,6275632
1785514506,6279181
1785514806,6280987
1785515106,6284049
1785515406,6283534
1785515706,6280938
1785516006,6275391
1785516306,6277062
1785516606,6275376
1785516906,6278279
1785517206,6281564
1785517506,6279480
1785517806,6276070
1785518106,6282781
1785518406,6283234
1785518706,6286042
1785519006,6291136
1785519306,6297781
1785519606,6301197
1785519906,6298945
1785520206,6306357
1785520506,6316512
1785520806,6318877
1785521106,6318065
1785521406,6314937
1785521706,6308715
1785522006,6307151
1785522306,6310853
1785522606,6300361
1785522906,6300430
1785523206,6295444
1785523506,6295530
1785523806,6301693
1785524106,6308633
1785524406,6304281
1785524706,6301778
1785525011,6299687
1785525306,6300151
1785525606,6299379
1785525906,6298544
1785526206,6296345
1785526506,6293432
1785526806,6290366
1785527106,6291449
1785527406,6295348
1785527706,6294195
1785528006,6291432
1785528306,6292314
1785528606,6290700
1785528906,6292880
1785529206,6295149
1785529506,6293144
1785529806,6294117
1785530106,6293449
1785530406,6291514
1785530706,6292986
1785531006,6293177
1785531306,6291122
1785531606,6288165
1785531906,6283893
1785532206,6289980
1785532506,6293645
1785532806,6296253
1785533106,6296982
1785533406,6294900
1785533706,6294888
1785534006,6295488
1785534306,6295459
1785534606,6298327
1785534906,6294407
1785535206,6288932
1785535506,6287011
1785535806,6293842
1785536106,6294136
1785536406,6294367
1785536706,6295253
1785537006,6294099
1785537306,6293435
1785537606,6288622
1785537906,6289135
1785538206,6289363
1785538506,6286583
1785538806,6287486
1785539106,6290598
1785539406,6293144
1785539706,6291718
1785540006,6293198
1785540306,6294231
1785540606,6292684
1785540906,6292145
1785541206,6292086
1785541506,6290354
1785541806,6283775
1785542106,6283270
1785542406,6281523
1785542706,6289554
1785543006,6288872
1785543306,6289852
1785543606,6289914
1785543906,6290456
1785544206,6292376
1785544506,6288409
1785544806,6291497
1785545106,6293457
1785545406,6294629
1785545706,6291606
1785546006,6287989
1785546306,6289482
1785546606,6289881
1785546906,6290346
1785547206,6290645
1785547506,6289906
1785547806,6287049
1785548106,6287303
1785548406,6288827
1785548706,6291408
1785549006,6291065
1785549306,6290495
1785549606,6289929
1785549906,6292691
1785550206,6292271
1785550506,6294405
1785550806,6297517
1785551106,6300607
1785551406,6300288
1785551706,6301270
1785552006,6302053
1785552306,6301262
1785552606,6301174
1785552906,6300215
1785553206,6299996
1785553506,6299460
1785553806,6299072
1785554106,6292880
1785554406,6293618
1785554706,6297888
1785555006,6296216
1785555306,6295728
1785555606,6294744
1785555906,6293485
1785556206,6293392
1785556506,6294464
1785556806,6293907
1785557106,6294823
1785557406,6293929
1785557706,6295176
1785558006,6295965
1785558306,6298355
1785558606,6298384
1785558906,6298681
1785559206,6298427
1785559506,6300257
1785559806,6301279
1785560106,6303274
1785560406,6303462
1785560706,6301676
1785561006,6304795
1785561306,6306612
1785561606,6302516
1785561911,6302156
1785562206,6302795
1785562506,6303591
1785562806,6300743
1785563106,6295482
1785563406,6294325
1785563706,6296461
1785564006,6297263
1785564306,6297548
1785564606,6294479
1785564607,6294479
1785564908,6296407
1785565208,6296107
1785565508,6300435
1785565808,6300873
1785566108,6300826
1785566408,6300869
1785566708,6300729
1785567008,6300755
1785567308,6301938
1785567608,6301854
1785567908,6302299
1785568208,6302389
1785568508,6304770
1785568808,6301423
1785569108,6301882
1785569408,6301133
1785569708,6298336
1785570008,6298185
1785570308,6298696
1785570608,6298803
1785570908,6299268
1785571208,6299181
1785571508,6301969
1785571808,6302517
1785572108,6303831
1785572408,6304005
1785572708,6304239
1785573008,6303638
1785573308,6304595
1785573608,6304309
1785573908,6304174
1785574208,6304646
1785574508,6307189
1785574808,6308001
1785575108,6306400
1785575408,6305717
1785575708,6306195
1785576008,6304699
1785576308,6305513
1785576608,6304941
1785576908,6305364
1785577208,6304918
1785577508,6305080
1785577808,6302993
1785578108,6300158
1785578410,6300449
1785578708,6294848
1785579008,6294476
1785579308,6295200
1785579608,6300104
1785579908,6299713
1785580208,6298130
1785580508,6298972
1785580808,6296851
1785581108,6300430
1785581408,6299063
1785581708,6299216
1785582008,6299624
1785582308,6298909
1785582608,6298691
1785582908,6299250
1785583208,6298732
1785583508,6302326
1785583808,6302387
1785584108,6302522
1785584408,6301682
1785584708,6301149
1785585008,6301173
1785585308,6301619
1785585608,6301759
1785585908,6303826
1785586208,6304982
1785586508,6304500
1785586808,6304470
1785587108,6304074
1785587408,6304208
1785587708,6303498
1785588013,6302536
1785588308,6303596
1785588608,6303934
1785588913,6304536
1785589208,6304355
1785589671,6303869
1785589692,6303834
1785589715,6303667
1785589736,6303658
1785589758,6303513
1785590421,6303077
1785590441,6303123
1785590462,6303123
1785590482,6303104
1785591116,6302667
1785591132,6302671
1785591157,6302785
1785591180,6302785
1785591202,6302864
1785591223,6302864
1785591247,6302863
1785591267,6302963
1785591289,6302900
1785591310,6302633
1785591332,6303214
1785591352,6303214
1785591612,6302924
1785591633,6302650
1785591654,6302650
1785591675,6301990
1785591696,6301990
1785591717,6302294
1785591738,6302294
1785591760,6302293
1785591781,6302088
1785593049,6301816
1785593350,6304551
1785593650,6302632
1785593950,6303036
1785594250,6305547
1785594550,6305645
1785594850,6305366
1785595150,6304228
1785595450,6303382
1785595750,6303812
1785596050,6303876
1785596350,6303827
1785596650,6305816
1785596950,6305636
1785597250,6305226
1785597550,6303412
1785597850,6301725
1785598150,6300273
1785598450,6299839
1785598750,6299552
1785599050,6299393
1785599350,6299233
1785599650,6297094
1785599950,6296464
1785600250,6290576
1785600550,6290992
1785600850,6290421
1785601150,6288659
1785601450,6287981
1785601750,6288769
1785602050,6288907
1785602350,6293090
1785602650,6290588
1785602950,6289754
1785603250,6288963
1785603550,6285348
1785603850,6288801
1785604150,6293070
1785604450,6286363
1785604750,6280605
1785605050,6282938
1785605350,6276657
1785605650,6274564
1785605950,6270398
1785606250,6275140
1785606555,6272270
1785606850,6262969
1785607150,6265366
1785607450,6259109
1785607750,6266635
1785608050,6267601
1785608350,6257017
1785608650,6251826
1785608950,6250290
1785609250,6228977
1785609550,6238647
1785609850,6235789
1785610150,6230801
1785610450,6236341
1785610750,6248505
1785611050,6252030
1785611350,6253451
1785611650,6252866
1785611951,6252851
1785612250,6246313
1785612550,6249216
1785612850,6248515
1785613150,6243353
1785613450,6241933
1785613750,6244573
1785614050,6246890
1785614350,6247614
1785614650,6247327
1785614950,6249418
1785615250,6250200
1785615550,6252230
1785615850,6256471
1785616150,6254022
1785616450,6254256
1785616750,6253939
1785617050,6252533
1785617350,6255201
1785617650,6258683
1785617950,6261031
1785618250,6270865
1785618550,6270304
1785618850,6267931
1785619150,6270932
1785619450,6270177
1785619750,6271151
1785620050,6274181
1785620350,6273916
1785620650,6272606
1785620950,6276140
1785621250,6276416
1785621550,6275501
1785621850,6274321
1785622150,6277442
1785622450,6279309
1785622750,6278971
1785623050,6278005
1785623350,6278452
1785623650,6279497
1785623950,6278955
1785624250,6279388
1785624550,6278631
1785624850,6278565
1785625150,6278049
1785625450,6279084
1785625750,6277946
1785626050,6275669
1785626350,6273013
1785626650,6272249
1785626950,6272034
1785627250,6272264
1785627550,6276334
1785627850,6274622
1785628150,6277831
1785628450,6275970
1785628750,6276465
1785629050,6281005
1785629350,6283874
1785629650,6290818
1785629950,6287004
1785630250,6285891
1785630550,6282862
1785630850,6283486
1785631150,6279923
1785631450,6279996
1785631750,6279633
1785632050,6276226
1785632350,6276820
1785632650,6279202
1785632950,6284538
1785633250,6288741
1785633550,6295731
1785633850,6292411
1785634150,6292142
1785634450,6292276
1785634750,6295097
1785635050,6295331
1785635350,6294312
1785635650,6292934
1785635950,6294094
1785636250,6291443
1785636550,6323968
1785636850,6332133
1785637150,6338238
1785637450,6341315
1785637750,6338165
1785638050,6336587
1785638350,6332526
1785638650,6329559
1785638950,6331455
1785639250,6336341
1785639550,6337394
1785639850,6336312
1785640150,6336113
1785640450,6333636
1785640750,6332507
1785641050,6345376
1785641350,6339829
1785641650,6340015
1785641950,6341670
1785642250,6342283
1785642550,6343794
1785642850,6338205
1785643150,6337759
1785643450,6344590
1785643750,6345563
1785644050,6348115
1785644350,6346361
1785644650,6348376
1785644950,6348937
1785645250,6348644
1785645550,6346741
1785645850,6346395
1785646150,6346599
1785646450,6349004
1785646750,6353558
1785647050,6351146
1785647350,6344508
1785647650,6341125
1785647950,6339992
1785648250,6342324
1785648550,6342239
1785648850,6341698
1785649150,6338935
1785649450,6336179
1785649750,6336798
1785650050,6338569
1785650350,6339250
1785650650,6339599
1785650950,6340978
1785651250,6338837
1785651550,6338126
1785651850,6338941
1785652150,6342166
1785652450,6341119
1785652750,6341245
1785653050,6342449
1785653350,6343107
1785653650,6342409
1785653950,6343051
1785654011,6342332
1785654312,6342291
1785654612,6341912
1785654912,6342161
1785655212,6342333
1785655512,6342114
1785655812,6342238
1785656112,6342543
1785656412,6344512
1785656712,6347213
1785657012,6343477
1785657312,6343897
1785657612,6343435
1785657912,6343019
1785658212,6344473
1785658512,6343777
1785658812,6342473
1785659112,6340897
1785659412,6334425
1785659712,6330757
1785660012,6322330
1785660312,6318972
1785660612,6316232
1785660912,6315563
1785661212,6312589
1785661512,6307061
1785661812,6315641
1785662112,6320532
1785662412,6321377
1785662712,6320850
1785663012,6317860
1785663312,6324380
1785663612,6322852
1785663912,6321014
1785664212,6320659
1785664512,6320150
1785664812,6320987
1785665112,6318122
1785665412,6317632
1785665712,6314373
1785666012,6320348
1785666312,6310236
1785666612,6307008
1785666912,6311914
1785667212,6314089
1785667512,6314086
1785667812,6314145
1785668112,6313604
1785668412,6313762
1785668712,6311767
1785669012,6310452
1785669312,6308610
1785669612,6312067
1785669912,6307930
1785670212,6311099
1785670512,6307509
1785670812,6310525
1785671038,6307957
1785671119,6306482
1785671375,6308466
1785671786,6299522
1785671908,6295545
1785672011,6295853
1785672390,6304401
1785672697,6306438
1785672998,6310353
1785673297,6312302
1785673597,6314324
1785673897,6313067
1785674197,6313093
1785674497,6307992
1785674797,6307977
1785675097,6308528
1785675397,6307865
1785675697,6306609
1785675997,6306411
1785676297,6304901
1785676597,6303592
1785676897,6300283
1785677197,6302123
1785677497,6303362
1785677797,6301183
1785678097,6297751
1785678397,6303381
1785678698,6305986
1785678997,6305398
1785679297,6304907
1785679597,6301210
1785679897,6300538
1785680197,6302207
1785680497,6307295
1785680797,6304615
1785681097,6305889
1785681397,6307559
1785681697,6307457
1785681997,6308498
1785682297,6305459
1785682597,6300623
1785682897,6301157
1785683197,6300550
1785683497,6303416
1785683797,6306014
1785684097,6305174
1785684397,6305631
1785684697,6306989
1785684997,6309105
1785685297,6307099
1785685597,6308483
1785685897,6307259
1785686197,6305718
1785686497,6304704
1785686797,6302598
1785687097,6305980
1785687397,6303181
1785687697,6302028
1785687997,6305209
1785688298,6304566
1785688597,6310818
1785688897,6314162
1785689197,6315689
1785689497,6314144
1785689797,6313458
1785690097,6311469
1785690397,6311076
1785690697,6310139
1785690998,6313604
1785691297,6314837
1785691597,6320979
1785691897,6323156
1785692197,6323616
1785692497,6324823
1785692797,6326431
1785693097,6326042
1785693397,6324474
1785693698,6324961
1785693997,6324839
1785694297,6323169
1785694597,6323914
1785694897,6325227
1785695197,6324655
1785695497,6322684
1785695797,6327447
1785696097,6337308
1785696397,6339216
1785696697,6333240
1785696997,6332054
1785697297,6330298
1785697597,6330175
1785697897,6329626
1785698197,6328970
1785698497,6328820
1785698797,6327276
1785699097,6326095
1785699397,6327687
1785699697,6330760
1785699998,6334276
1785700297,6340245
1785700597,6338292
1785700897,6338774
1785701197,6336621
1785701497,6336785
1785701798,6338878
1785702098,6339163
1785702397,6335245
1785702697,6334279
1785702997,6338216
1785703297,6335730
1785703597,6337148
1785703897,6340895
1785704197,6341173
1785704497,6342632
1785704797,6348310
1785705097,6345913
1785705397,6346429
1785705697,6345526
1785705997,6345531
1785706297,6347047
1785706597,6346845
1785706897,6345219
1785707197,6363960
1785707497,6361988
1785707797,6354473
1785708097,6357862
1785708397,6363696
1785708697,6366673
1785708997,6365023
1785709297,6360769
1785709597,6359423
1785709897,6351278
1785710197,6339784
1785710497,6333862
1785710797,6343942
1785711097,6338532
1785711397,6336311
1785711697,6334424
1785711997,6333944
1785712297,6331516
1785712597,6328915
1785712897,6341644
1785713197,6343279
1785713497,6347745
1785713797,6350861
1785714097,6343969
1785714397,6343862
1785714697,6344713
1785714997,6345229
1785715297,6350063
1785715597,6342166
1785715897,6336841
1785716197,6334458
1785716497,6332683
1785716797,6329797
1785717097,6319163
1785717397,6327677
1785717697,6333574
1785717997,6325670
1785718297,6325058
1785718597,6324515
1785718897,6322137
1785719197,6326315
1785719497,6321004
1785719797,6314554
1785720097,6312678
1785720397,6313669
1785720697,6314039
1785720997,6314934
1785721297,6312423
1785721597,6315264
1785721897,6311810
1785722197,6309458
1785722497,6312261
1785722797,6312079
1785723097,6310654
1785723397,6311719
1785723697,6317688
1785723997,6313477
1785724297,6304680
1785724597,6309754
1785724897,6312730
1785725197,6310902
1785725497,6310997
1785725797,6307078
1785726097,6305662
1785726397,6308272
1785726707,6305297
1785726997,6302926
1785727297,6302160
1785727597,6300447
1785727897,6299928
1785728197,6299993
1785728497,6297788
1785728797,6296146
1785729097,6284782
1785729397,6286009
1785729697,6282819
1785729997,6284198
1785730297,6278397
1785730597,6280444
1785730897,6286288
1785731197,6287545
1785731497,6289893
1785731797,6291487
1785732097,6291491
1785732397,6287825
1785732697,6284866
1785732997,6277816
1785733297,6275256
1785733597,6273005
1785733897,6275759
1785734197,6276611
1785734497,6275542
1785734797,6275511
1785735097,6275872
1785735397,6271869
1785735697,6274768
1785735997,6273180
1785736297,6277579
1785736597,6274923
1785736897,6276020
1785737197,6276307
1785737497,6277735
1785737797,6277176
1785738097,6272919
1785738397,6272126
1785738697,6273019
1785738997,6270367
1785739297,6262066
1785739597,6258167
1785739897,6259047
1785740197,6258170
1785740497,6255272
1785740797,6255219
1785741097,6257368
1785741397,6252874
1785741697,6253630
1785741997,6257315
1785742297,6257330
1785742598,6259990
1785742897,6256441
1785743197,6256380
1785743497,6257012
1785743798,6254488
1785744097,6254417
1785744397,6253033
1785744697,6246514
1785744997,6248203
1785745297,6240199
1785745597,6231654
1785745897,6228157
1785746197,6225360
1785746497,6233047
1785746797,6236264
1785747097,6237262
1785747397,6241312
1785747697,6246382
1785747997,6247309
1785748297,6248936
1785748597,6249898
1785748897,6253745
1785749197,6255993
1785749497,6256355
1785749798,6259063
1785750098,6258312
1785750397,6262007
1785750697,6265850
1785750997,6270689
1785751297,6275404
1785751597,6270866
1785751897,6270510
1785752197,6271439
1785752498,6270666
1785752797,6271397
1785753097,6265917
1785753397,6260907
1785753707,6259501
1785753997,6261970
1785754297,6256578
1785754597,6260778
1785754898,6265950
1785755197,6259357
1785755497,6252561
1785755797,6257095
1785756098,6265246
1785756397,6267355
1785756697,6264554
1785756997,6268145
1785757297,6265295
1785757597,6262033
1785757897,6258853
1785758197,6255480
1785758497,6250444
1785758797,6246088
1785759097,6240146
1785759397,6247660
1785759697,6256139
1785759997,6254635
1785760297,6255622
1785760597,6255212
1785760897,6255907
1785761197,6266030
1785761497,6264412
1785761797,6264305
1785762097,6263288
1785762397,6263020
1785762697,6263980
1785762997,6270200
1785763297,6285315
1785763598,6278888
1785763897,6263968
1785764197,6267206
1785764497,6280201
1785764797,6281513
1785765097,6289801
1785765397,6313382
1785765697,6318332
1785765997,6315609
1785766297,6326902
1785766597,6326682
1785766897,6323108
1785767197,6328790
1785767497,6370883
1785767797,6364761
1785768097,6375670
1785768397,6369164
1785768697,6366336
1785768997,6380795
1785769210,6385491
1785769511,6382770
1785769811,6376307
1785770111,6373846
1785770411,6370200
1785770711,6370655
1785771011,6365210
1785771311,6368293
1785771611,6377827
1785771911,6370759
1785772205,6371839
1785772506,6368324
1785772806,6361137
1785773106,6374066
1785773406,6369370
1785773706,6372378
1785774006,6380484
1785774306,6383253
1785774606,6382774
1785774906,6377637
1785775206,6374553
1785775506,6367868
1785775806,6378570
1785776106,6371545
1785776406,6370734
1785776706,6369069
1785777006,6374453
1785777306,6377837
1785777606,6377664
1785777906,6385338
1785778206,6378335
1785778506,6378713
1785778806,6382985
1785779106,6384580
1785779406,6386796
1785779706,6383769
1785780006,6383755
1785780306,6384905
1785780606,6384322
1785780906,6389259
1785781206,6388985
1785781506,6383509
1785781806,6379578
1785782106,6381582
1785782406,6380459
1785782706,6377045
1785783006,6375429
1785783306,6382157
1785783606,6383243
1785783906,6382425
1785784206,6382390
1785784506,6386286
1785784806,6388733
1785785106,6388717
1785785406,6391914
1785785706,6398707
1785786006,6387826
1785786306,6388965
1785786606,6387703
1785786906,6390559
1785787206,6384200
1785787506,6378747
1785787806,6381532
1785788106,6386548
1785788406,6390514
1785788706,6390311
1785789006,6389206
1785789306,6388071
1785789606,6387355
1785789906,6385697
1785790206,6380709
1785790506,6372745
1785790806,6373884
1785791106,6368813
1785791406,6368557
1785791706,6367527
1785792006,6367217
1785792306,6366367
1785792606,6366713
1785792906,6365645
1785793206,6364616
1785793506,6362278
1785793806,6359595
1785794106,6357627
1785794406,6353618
1785794706,6345253
1785795006,6341581
1785795306,6344470
1785795606,6355517
1785795906,6349226
1785796206,6347575
1785796506,6347199
1785796806,6344578
1785797106,6345362
1785797406,6350603
1785797706,6355762
1785798006,6353818
1785798306,6353235
1785798606,6350959
1785798906,6348320
1785799206,6354149
1785799506,6350369
1785799806,6351979
1785800106,6347074
1785800406,6342402
1785800706,6343691
1785801006,6344306
1785801306,6344047
1785801606,6346125
1785801906,6350311
1785802206,6348564
1785802506,6342110
1785802806,6335915
1785803106,6338290
1785803406,6336692
1785803706,6333476
1785804006,6331631
1785804306,6332845
1785804606,6332736
1785804906,6334278
1785805206,6329438
1785805506,6337637
1785805806,6339361
1785806106,6339792
1785806406,6341153
1785806706,6348752
1785807006,6343489
1785807306,6355987
1785807606,6362533
1785807906,6373600
1785808206,6370754
1785808506,6378692
1785808806,6378331
1785809106,6375175
1785809406,6371970
1785809706,6371175
1785810006,6371501
1785810306,6365063
1785810606,6364673
1785810906,6371619
1785811206,6380487
1785811506,6382003
1785811806,6380650
1785812106,6375815
1785812406,6375467
1785812706,6373480
1785813006,6371431
1785813306,6363957
1785813606,6362101
1785813906,6362581
1785814206,6371224
1785814506,6375586
1785814806,6376646
1785815106,6376349
1785815406,6375912
1785815706,6375173
1785816006,6373985
1785816306,6373616
1785816606,6370743
1785816906,6374203
1785817206,6379681
1785817506,6380479
1785817806,6378464
1785818106,6381532
1785818406,6387420
1785818706,6396820
1785819006,6411019
1785819306,6407121
1785819606,6400658
1785819906,6392322
1785820206,6387466
1785820506,6381546
1785820806,6381751
1785821106,6381692
1785821406,6376342
1785821706,6376236
1785822006,6376554
1785822306,6379209
1785822606,6376949
1785822906,6375896
1785823206,6374703
1785823506,6375873
1785823806,6377480
1785824106,6374595
1785824406,6378610
1785824409,6378610
1785824710,6378302
1785825010,6370719
1785825310,6371097
1785825610,6366843
1785825910,6365348
1785826210,6362668
1785826510,6360599
1785826810,6360552
1785827110,6360186
1785827410,6358459
1785827709,6353310
1785828010,6350247
1785828310,6347175
1785828610,6356848
1785828910,6365324
1785829210,6361512
1785829510,6360907
1785829810,6366855
1785830110,6364323
1785830410,6363956
1785830710,6367203
1785831010,6362809
1785831310,6357578
1785831610,6353817
1785831910,6353168
1785832210,6356746
1785832510,6351160
1785832810,6351760
1785833114,6352120
1785833410,6353587
1785833710,6353264
1785834010,6352215
1785834310,6351087
1785834610,6349387
1785834910,6350688
1785835210,6346453
1785835510,6352008
1785835810,6351819
1785836110,6348895
1785836410,6347765
1785836710,6350697
1785837010,6350012
1785837310,6352094
1785837610,6352536
1785837910,6347895
1785838210,6347368
1785838510,6345575
1785838810,6342958
1785839110,6344772
1785839410,6341299
1785839710,6342555
1785840010,6342573
1785840310,6352781
1785840610,6370227
1785840910,6369329
1785841210,6369718
1785841510,6369994
1785841810,6367772
1785842110,6367858
1785842410,6366964
1785842710,6372305
1785843010,6371844
1785843310,6367818
1785843610,6368588
1785843910,6375351
1785844210,6383556
1785844510,6386958
1785844810,6385906
1785845110,6379727
1785845410,6378927
1785845710,6376227
1785846009,6374093
1785846310,6375005
1785846610,6376620
1785846910,6378709
1785847210,6392556
1785847510,6390094
1785847810,6385968
1785848112,6388376
1785848410,6385417
1785848710,6385574
1785849010,6391090
1785849310,6389761
1785849610,6382380
1785849910,6387727
1785850210,6382935
1785850511,6392179
1785850810,6392772
1785851113,6399029
1785851410,6376301
1785851710,6372145
1785852011,6363960
1785852310,6367304
1785852610,6366334
1785852910,6371081
1785853210,6363600
1785853512,6365847
1785853810,6380917
1785854110,6387445
1785854410,6390369
1785854710,6404951
1785855010,6402645
1785855310,6402885
1785855610,6409114
1785855910,6412054
1785856211,6404762
1785856510,6400257
1785856810,6395990
1785857112,6395924
1785857410,6389018
1785857710,6381362
1785858010,6382934
1785858311,6392883
1785858610,6411487
1785858910,6412014
1785859210,6408608
1785859510,6402086
1785859810,6396184
1785860110,6398133
1785860410,6401552
1785860710,6401875
1785861010,6400419
1785861310,6397814
1785861610,6391570
1785861910,6388946
1785862210,6393361
1785862510,6388308
1785862810,6389633
1785863110,6400376
1785863410,6407793
1785863710,6402300
1785864010,6399964
1785864310,6402510
1785864610,6407969
1785864910,6410150
1785865210,6408663
1785865510,6406097
1785865810,6398558
1785866110,6391151
1785866411,6392773
1785866710,6401350
1785867011,6407077
1785867311,6412626
1785867611,6421519
1785867911,6431020
1785868211,6433415
1785868511,6430077
1785868811,6424306
1785869111,6421360
1785869411,6425647
1785869711,6426663
1785870011,6426088
1785870311,6427060
1785870611,6428401
1785870911,6428274
1785871211,6427828
1785871516,6423080
1785871811,6424233
1785872111,6424509
1785872411,6426074
1785872711,6433502
1785873011,6428651
1785873311,6426584
1785873610,6426275
1785873911,6411380
1785874211,6413709
1785874510,6413036
1785874811,6399820
1785875111,6404605
1785875411,6407744
1785875711,6414558
1785876011,6419722
1785876311,6433944
1785876611,6430924
1785876911,6427835
1785877211,6429255
1785877510,6426956
1785877810,6427033
1785878111,6420688
1785878411,6417858
1785878711,6420300
1785879011,6421439
1785879311,6417412
1785879611,6418409
1785879910,6421084
1785880210,6417185
1785880511,6414967
1785880810,6414405
1785881110,6412544
1785881410,6417057
1785881711,6417890
1785882010,6415790
1785882310,6414702
1785882611,6419564
1785882910,6420670
1785883210,6419874
1785883510,6417215
1785883811,6415520
1785884110,6415545
1785884411,6421773
1785884711,6419078
1785885010,6431452
1785885311,6437184
1785885610,6443930
1785885911,6434539
1785886210,6416890
1785886510,6413595
1785886810,6411452
1785887110,6418536
1785887410,6413228
1785887710,6409063
1785888011,6405734
1785888311,6402860
1785888610,6398212
1785888910,6397153
1785889210,6397437
1785889511,6398016
1785889810,6397723
1785890111,6407325
1785890410,6408473
1785890710,6401254
1785891011,6396185
1785891310,6394832
1785891610,6395810
1785891910,6391991
1785892211,6396076
1785892510,6396157
1785892810,6394155
1785893110,6404628
1785893410,6404756
1785893710,6411631
1785894010,6414426
1785894310,6414961
1785894610,6419727
1785894910,6425347
1785895211,6428364
1785895510,6436833
1785895810,6439415
1785896110,6441356
1785896411,6433479
1785896710,6432705
1785897011,6437721
1785897310,6441642
1785897611,6439189
1785897910,6437934
1785898211,6437481
1785898510,6437747
1785898810,6433650
1785899110,6435233
1785899410,6436037
1785899711,6433211
1785900011,6421438
1785900310,6405815
1785900610,6403320
1785900911,6405390
1785901210,6409421
1785901511,6408647
1785901811,6411352
1785902110,6412460
1785902411,6412563
1785902710,6408836
1785903010,6408979
1785903311,6409046
1785903611,6408568
1785903911,6409077
1785904215,6409722
1785904511,6414956
1785904811,6413355
1785905110,6412828
1785905411,6413124
1785905711,6409453
1785906010,6411657
1785906310,6420673
1785906611,6424212
1785906911,6425827
1785907210,6426762
1785907511,6433395
1785907811,6439671
1785908111,6432348
1785908411,6431036
1785908710,6430590
1785909011,6429863
1785909311,6428931
1785909610,6429226
1785909911,6428610
1785910211,6426736
1785910511,6428648
1785910811,6426279
1785911111,6425359
1785911411,6426101
1785911711,6426815
1785912011,6428619
1785912311,6424960
1785912611,6421533
1785912911,6420130
1785913211,6420141
1785913511,6416813
1785913812,6415944
1785914111,6412591
1785914411,6408459
1785914711,6401397
1785915011,6401995
1785915311,6402366
1785915611,6400316
1785915911,6397336
1785916211,6400353
1785916511,6399976
1785916810,6408187
1785917110,6411123
1785917410,6410462
1785917710,6417494
1785918011,6412460
1785918310,6414094
1785918610,6420221
1785918910,6419600
1785919211,6418389
1785919510,6409708
1785919811,6407803
1785919860,6408300
1785920023,6408698
1785920323,6409943
1785920409,6408252
1785920710,6406897
1785921010,6409465
1785921310,6408448
1785921610,6409051
1785921910,6412457
1785922210,6409594
1785922510,6412298
1785923110,6411587
1785923410,6418613
1785923709,6412400
1785924310,6409444
1785924610,6411300
1785924910,6409679
1785925210,6408591
1785925510,6410712
1785925810,6416173
1785926110,6412532
1785926409,6414841
1785926710,6414013
1785927010,6400557
1785927310,6399365
1785927610,6401015
1785927910,6403589
1785928210,6403131
1785928510,6403732
1785928810,6400759
1785929110,6402052
1785929410,6402270
1785929710,6406617
1785930010,6404991
1785930310,6403917
1785930610,6402443
1785930910,6402551
1785931210,6401773
1785931510,6404302
1785931810,6408461
1785932110,6414970
1785932710,6441325
1785933010,6448363
1785933310,6437340
1785933610,6441557
1785934210,6435837
1785934810,6428538
1785935109,6427200
1785935709,6409500
1785936010,6414639
1785936310,6413842
1785936610,6408593
1785937210,6404707
1785937510,6414099
1785937810,6414155
1785938110,6426377
1785938410,6432610
1785938710,6429534
1785939010,6440945
1785939310,6442043
1785939610,6448220
1785939910,6433675
1785940210,6433636
1785940510,6438644
1785940810,6429476
1785941110,6430923
1785941410,6440972
1785941709,6431396
1785942010,6443051
1785942309,6452458
1785942610,6455327
1785942910,6460629
1785943210,6448250
1785943510,6445508
1785943810,6446937
1785944110,6452784
1785944409,6462718
1785944710,6453019
1785945010,6448049
1785945610,6434158
1785945910,6437791
1785946209,6443700
1785946510,6448056
1785947110,6463563
1785947410,6468502
1785947710,6463221
1785948010,6464979
1785948310,6464334
1785948614,6458694
1785948910,6458017
1785949210,6461130
1785949510,6460258
1785949810,6456379
1785950110,6454335
1785950709,6452416
1785951010,6454366
1785951310,6454079
1785951610,6466981
1785952210,6466144
1785952510,6468789
1785952810,6471767
1785953110,6469692
1785953410,6462549
1785953710,6471011
1785954310,6464204
1785954610,6466320
1785954910,6463531
1785955210,6470712
1785955810,6474344
1785956110,6469885
1785956410,6473629
1785956710,6480287
1785957010,6483427
1785957310,6483577
1785957610,6482087
1785957910,6484884
1785958210,6486900
1785958510,6484855
1785958810,6486118
1785959110,6485999
1785959410,6482886
1785959710,6486691
1785960009,6479250
1785960309,6479600
1785960609,6477100
1785960909,6483665
1785961210,6482716
1785961510,6492760
1785961809,6490700
1785962109,6491300
1785962410,6491398
1785962710,6492374
1785963010,6484984
1785963310,6484807
1785963610,6478638
1785963910,6472692
1785964510,6473410
1785964810,6471288
1785965110,6463954
1785965410,6461355
1785965710,6464826
1785966010,6462117
1785966309,6464972
1785966609,6462595
1785966909,6467700
1785967210,6467900
1785967510,6461941
1785968110,6462764
1785968410,6463721
1785968710,6463206
1785969010,6463897
1785969610,6464053
1785969910,6463645
1785970210,6463187
1785970510,6460718
1785970809,6458416
1785971110,6455400
1785971410,6459851
1785971710,6462285
1785972010,6459922
1785972310,6466375
1785972610,6465548
1785972910,6462424
1785973210,6462460
1785973510,6463130
1785973810,6457865
1785974110,6460029
1785974410,6459991
1785974710,6456269
1785975010,6458332
1785975310,6454051
1785975610,6454877
1785975910,6464001
1785976209,6463500
1785976510,6462868
1785976810,6463201
1785977110,6460676
1785977409,6456600
1785977710,6460903
1785978010,6460899
1785978310,6458500
1785979210,6453263
1785979510,6449778
1785979810,6445371
1785980410,6452534
1785980710,6450756
1785981009,6458677
1785981310,6455970
1785981609,6453466
1785981910,6449389
1785982209,6448302
1785982510,6452909
1785982810,6447292
1785983110,6445700
1785983410,6446884
1785983710,6447350
1785984010,6445394
1785984310,6449674
1785984610,6451168
1785984910,6451425
1785985210,6451445
1785985509,6448064
1785985810,6449126
1785986109,6449719
1785986410,6447012
1785986710,6446755
1785987009,6447210
1785987310,6448977
1785987610,6448130
1785987910,6444968
1785988510,6444853
1785988810,6447214
1785989110,6445709
1785989410,6448807
1785989709,6452400
1785990010,6456036
1785990310,6461143
1785990609,6462900
1785990909,6465567
1785991210,6463245
1785991509,6460800
1785991809,6458646
1785992109,6461000
1785992410,6465544
1785992709,6471201
1785993010,6488736
1785993310,6485762
1785993610,6487533
1785993910,6490103
1785994210,6483885
1785994510,6481575
1785994810,6480138
1785995110,6483313
1785995410,6481594
1785995710,6480852
1785996010,6481318
1785996310,6481051
1785996609,6478596
1785996910,6473569
1785997210,6469158
1785997510,6473663
1785997514,6473304
1785997815,6476365
1785998115,6476375
1785998715,6475840
1785999015,6476138
1785999615,6478375
1785999915,6476726
1786000215,6478354
1786000515,6482642
1786000815,6483528
1786001115,6487072
1786001415,6485200
1786001715,6480793
1786002015,6480454
1786002315,6473970
1786002615,6476944
1786002915,6473576
1786003215,6475118
1786003515,6477001
1786003815,6474106
1786004120,6470279
1786004415,6471252
1786004715,6475155
1786005015,6481349
1786005315,6482701
1786005620,6480729
1786005915,6481187
1786006215,6483348
1786006515,6489866
1786006815,6487361
1786007115,6482427
1786007415,6474358
1786007715,6471946
1786008015,6473913
1786008315,6473978
1786008615,6468500
1786008915,6461220
1786009215,6462750
1786009515,6460455
1786009815,6461110
1786010115,6461961
1786010415,6461100
1786010715,6458975
1786011015,6457855
1786011315,6453193
1786011615,6458577
1786011915,6460266
1786012215,6460720
1786012515,6460219
1786012815,6458880
1786013115,6457200
1786013415,6456945
1786013715,6455448
1786014016,6454818
1786014315,6450256
1786014616,6446884
1786014915,6450043
1786015215,6455400
1786015515,6453619
1786015816,6452023
1786016116,6455813
1786016415,6456831
1786016715,6457170
1786017015,6455752
1786017616,6454916
1786017915,6448993
1786018215,6443451
1786018515,6441641
1786018815,6438983
1786019115,6447040
1786019415,6447533
1786019715,6443993
1786020016,6450620
1786020316,6446453
1786020616,6443527
1786020915,6440938
1786021216,6435739
1786021516,6432030
1786021815,6415369
1786022116,6417223
1786022416,6420039
1786022715,6413429
1786023015,6415555
1786023315,6410871
1786023615,6423872
1786023915,6435159
1786024215,6439276
1786024516,6436671
1786024815,6440923
1786025115,6436055
1786025415,6439741
1786025715,6441247
1786026015,6440600
1786026315,6441712
1786026615,6437100
1786026915,6443623
1786027215,6451590
1786027515,6473459
1786027815,6465880
1786028115,6463924
1786028415,6469487
1786028716,6472615
1786029015,6485277
1786029316,6482301
1786029615,6472276
1786029915,6470286
1786030215,6473100
1786030516,6472574
1786030816,6471518
1786031115,6468861
1786031416,6476864
1786031715,6469326
1786032015,6460504
1786032315,6458806
1786032615,6464498
1786032915,6461023
1786033215,6457911
1786033516,6457045
1786033815,6459716
1786034116,6458961
1786034415,6462465
1786034716,6466994
1786035015,6462797
1786035316,6468287
1786035615,6466529
1786035915,6474646
1786036216,6469851
1786036515,6468612
1786036816,6466312
1786037115,6465800
1786037415,6462406
1786037716,6461603
1786038015,6454091
1786038315,6453119
1786038615,6454055
1786038916,6457918
1786039215,6457388
1786039516,6449165
1786039815,6443850
1786040115,6447168
1786040415,6448976
1786040716,6449329
1786041015,6446107
1786041615,6439522
1786041916,6436962
1786042515,6434700
1786042815,6435750
1786043416,6437876
1786043716,6438478
1786044015,6438465
1786044315,6436745
1786044615,6435019
1786044915,6433253
1786045515,6436684
1786045816,6436848
1786046115,6439422
1786046416,6439922
1786047015,6447333
1786047615,6443475
1786047915,6444424
1786048215,6442441
1786048816,6441766
1786049415,6440926
1786049715,6440439
1786050015,6438892
1786050315,6441597
1786050615,6443343
1786050915,6442979
1786051215,6441601
1786051515,6441673
1786051815,6440363
1786052115,6441356
1786052415,6436608
1786052715,6439957
1786053015,6439181
1786053315,6440328
1786053615,6439364
1786053915,6434742
1786054215,6436103
1786054515,6437768
1786055116,6430566
1786055415,6430811
1786055715,6430787
1786056015,6431557
1786056315,6429546
1786056615,6431036
1786057215,6429545
1786057515,6429923
1786057815,6430476
1786058115,6430900
1786058415,6422298
1786058715,6419472
1786059015,6419385
1786059315,6419634
1786059615,6417478
1786059915,6416475
1786060215,6417453
1786060515,6424635
1786060815,6426141
1786061115,6429216
1786061415,6433698
1786061715,6424946
1786062015,6423049
1786062315,6420806
1786062615,6423065
1786062915,6422100
1786063215,6420962
1786063515,6425905
1786063815,6423133
1786064115,6425405
1786064415,6426557
1786064716,6435564
1786065015,6433400
1786065315,6430858
1786065615,6430000
1786065915,6428137
1786066215,6435697
1786066515,6439578
1786066815,6437300
1786067115,6431899
1786067415,6434040
1786067715,6435688
1786068015,6436312
1786068315,6437150
1786068615,6430622
1786068915,6432189
1786069215,6442209
1786069515,6428562
1786070115,6427095
1786070415,6425625
1786070715,6431600
1786071015,6436532
1786071315,6437642
1786071615,6434754
1786071915,6429725
1786072215,6432419
1786072515,6428333
1786072815,6425696
1786073115,6424500
1786073415,6426548
1786073715,6429381
1786074015,6427059
1786074316,6427797
1786074915,6426512
1786075215,6423391
1786075515,6422821
1786075815,6425211
1786076115,6425376
1786076415,6426747
1786076715,6426103
1786077015,6423800
1786077315,6426126
1786077615,6423379
1786077915,6419437
1786078215,6418900
1786078515,6413840
1786078815,6418594
1786079115,6418899
1786079415,6418766
1786079715,6419432
1786080015,6416168
1786080316,6412246
1786080615,6412500
1786080915,6412996
1786081216,6416242
1786081515,6420992
1786081815,6426251
1786082116,6431616
1786082415,6427606
1786082715,6425959
1786083015,6429429
1786083315,6433953
1786083615,6434472
1786083915,6436021
1786084215,6437900
1786084515,6430007
1786084816,6430349
1786085116,6430059
1786085416,6427692
1786085716,6424667
1786086015,6426032
1786086315,6423154
1786086616,6428395
1786087515,6431633
1786087816,6435414
1786088115,6433393
1786088415,6433582
1786088716,6431967
1786089015,6431749
1786089316,6431536
1786089616,6426914
1786090215,6427188
1786090516,6431707
1786090816,6436369
1786091116,6436219
1786091416,6439524
1786091716,6444743
1786092016,6441512
1786092315,6456217
1786092616,6454926
1786092915,6453991
1786093215,6453100
1786093516,6461563
1786093815,6463284
1786094116,6467682
1786094416,6472312
1786094716,6474555
1786095016,6478322
1786095315,6485400
1786095616,6488988
1786095916,6485164
1786096216,6483246
1786096516,6480573
1786096816,6479108
1786097115,6480680
1786097416,6478416
1786097721,6479814
1786098016,6480614
1786098616,6482163
1786098915,6485341
1786099216,6481667
1786099515,6482000
1786099815,6483558
1786100116,6484051
1786100416,6484794
1786100716,6489530
1786101016,6492957
1786101316,6492091
1786101616,6490686
1786101916,6510867
1786102216,6504855
1786102515,6498900
1786102816,6499923
1786103116,6499237
1786103415,6498350
1786103716,6496314
1786104016,6497356
1786104315,6500118
1786104616,6505490
1786104916,6517917
1786105215,6512482
1786105516,6506501
1786105816,6507088
1786106116,6500313
1786106415,6505535
1786106716,6512831
1786107015,6519395
1786107316,6528482
1786107615,6524200
1786107915,6515900
1786108215,6524375
1786108516,6517962
1786108816,6520658
1786109115,6517673
1786109416,6511963
1786109716,6523102
1786110016,6517943
1786110316,6523017
1786110916,6509999
1786111216,6497105
1786111516,6484790
1786111815,6480600
1786112115,6478300
1786112415,6494957
1786112716,6500586
1786113015,6513700
1786113316,6512395
1786113615,6519800
1786113915,6511000
1786114215,6506827
1786114516,6495671
1786114816,6492984
1786115115,6485645
1786115416,6495474
1786115715,6490300
1786116016,6493723
1786116316,6496432
1786116616,6497432
1786116916,6501848
1786117216,6496242
1786117515,6495653
1786117815,6495100
1786118116,6489513
1786118415,6491300
1786118716,6490912
1786119016,6495328
1786119316,6498585
1786119616,6495329
1786119916,6492324
1786120215,6488056
1786120516,6489046
1786120816,6489171
1786121116,6490655
1786121415,6488201
1786121715,6483445
1786122016,6478713
1786122315,6471624
1786122615,6472334
1786122915,6466429
1786123215,6467295
1786123516,6459171
1786123815,6456800
1786124115,6452038
1786124416,6459507
1786124716,6462996
1786125015,6462447
1786125316,6465124
1786125616,6470614
1786125916,6480314
1786126215,6482134
1786126516,6482519
1786126816,6479921
1786127115,6475741
1786127416,6477299
1786127721,6477130
1786128015,6472026
1786128916,6463916
1786129216,6467576
1786129516,6474119
1786129815,6480647
1786130416,6483493
1786130716,6488629
1786131316,6493014
1786131615,6495450
1786131916,6494147
1786132216,6493866
1786132516,6491514
1786132816,6492898
1786133115,6492897
1786133415,6494584
1786133716,6494933
1786134316,6493838
1786134615,6494823
1786134916,6491387
1786135215,6492129
1786135816,6492876
1786136116,6493462
1786136416,6493353
1786136716,6493550
1786137016,6493587
1786137316,6496640
1786137616,6492588
1786137916,6493238
1786138216,6495322
1786138516,6496945
1786138816,6497677
1786139116,6500716
1786139416,6495206
1786139716,6491955
1786140015,6490089
1786140316,6487899
1786140616,6488835
1786140916,6488997
1786141216,6489630
1786141516,6487907
1786141816,6488898
1786142116,6484960
1786142416,6483661
1786142716,6483034
1786143016,6486156
1786143316,6486537
1786143616,6484903
1786143916,6485154
1786144216,6485195
1786144516,6485251
1786144815,6484844
1786145115,6484688
1786145715,6484901
1786146015,6485843
1786146315,6486200
1786146615,6488604
1786146915,6488062
1786147215,6487876
1786147516,6488055
1786147815,6489118
1786148115,6486746
1786148415,6481877
1786148716,6482643
1786149016,6484123
1786149315,6484587
1786149616,6485467
1786149916,6485470
1786150216,6487174
1786150515,6487338
1786150816,6488182
1786151116,6488544
1786151415,6488164
1786151716,6492048
1786152015,6490597
1786152316,6488613
1786152616,6488144
1786152915,6488044
1786153215,6489118
1786153515,6489277
1786153815,6488262
1786154115,6487865
1786154415,6487593
1786154716,6487330
1786155015,6485789
1786155315,6486200
1786155615,6486721
1786156216,6488791
1786156516,6489902
1786156815,6488613
1786157116,6488517
1786157416,6488398
1786157715,6488592
1786158016,6488726
1786158315,6488700
1786158615,6489859
1786158916,6489771
1786159215,6494050
1786159516,6497045
1786159815,6498750
1786160116,6500878
1786160416,6497836
1786160716,6497584
1786161015,6498262
1786161315,6497824
1786161624,6498631
1786161915,6500888
1786162215,6495371
1786162515,6493273
1786162816,6494435
1786163115,6494231
1786163415,6495709
1786163715,6498401
1786164015,6499898
1786164315,6500613
1786164615,6499621
1786164915,6497686
1786165216,6497105
1786165515,6497126
1786165815,6496714
1786166115,6495761
1786166416,6496497
1786166716,6497685
1786167016,6498107
1786167316,6497919
1786167615,6497834
1786167916,6497833
1786168215,6496491
1786168515,6494036
1786168816,6495764
1786169116,6495773
1786169416,6494731
1786169715,6494830
1786170015,6494605
1786170315,6494659
1786170616,6494428
1786170916,6493381
1786171216,6493436
1786171516,6494411
1786171816,6496737
1786172116,6497073
1786172416,6496975
1786172715,6496914
1786173016,6497121
1786173315,6496303
1786173616,6495806
1786173915,6496152
1786174215,6496302
1786174515,6496182
1786174815,6493621
1786175116,6491834
1786175415,6491642
1786175716,6492692
1786176016,6492111
1786176316,6492609
1786176616,6492614
1786176916,6493127
1786177216,6492930
1786177516,6492938
1786177815,6494240
1786178115,6497423
1786178416,6496548
1786178715,6497900
1786179015,6495732
1786179315,6495703
1786179616,6495639
1786179916,6495872
1786180216,6496174
1786180516,6496436
1786180816,6497925
1786181116,6497750
1786181415,6497886
1786181715,6496518
1786182016,6497333
1786182316,6497230
1786182616,6496466
1786182915,6495703
1786183215,6495617
1786183516,6495587
1786183815,6496765
1786184115,6496263
1786184415,6496030
1786184716,6496370
1786185015,6497262
1786185316,6498002
1786185616,6497908
1786185915,6497483
1786186216,6497341
1786186516,6497420
1786186815,6497453
1786187116,6496972
1786187416,6496700
1786187716,6497401
1786188016,6495427
1786188316,6494387
1786188615,6494640
1786188915,6493922
1786189216,6493811
1786189515,6493353
1786189815,6491735
1786190116,6492663
1786190416,6492399
1786190716,6491866
1786191016,6488558
1786191315,6492288
1786191616,6498850
1786192216,6493574
1786192515,6494531
1786192816,6496793
1786193116,6497002
1786193416,6496629
1786193716,6498140
1786194015,6496545
1786194316,6496394
1786194616,6497156
1786194915,6496185
1786195216,6497580
1786195516,6497294
1786195816,6497843
1786196116,6496646
1786196415,6496500
1786196716,6496598
1786197015,6495953
1786197316,6497079
1786197616,6497175
1786197915,6498892
1786198216,6498741
1786198515,6500391
1786198816,6500741
1786199115,6505614
1786199415,6507330
1786199715,6511679
1786200015,6511830
1786200316,6506787
1786200616,6510478
1786200916,6510999
1786201215,6509398
1786201515,6507166
1786201816,6505741
1786202116,6505627
1786202416,6504577
1786202716,6504717
1786203016,6504417
1786203315,6504200
1786203616,6502626
1786203916,6501917
1786204215,6502949
1786204516,6503730
1786204816,6503874
1786205116,6504421
1786205415,6505238
1786205716,6504480
1786206016,6504188
1786206316,6503988
1786206616,6503133
1786206915,6501132
1786207216,6499967
1786207516,6501652
1786207816,6501581
1786208115,6502746
1786208416,6503840
1786208720,6503989
1786209015,6506090
1786209316,6506310
1786209615,6506585
1786209915,6506051
1786210215,6506822
1786210516,6508254
1786210816,6509137
1786211044,6508072
1786211116,6508290
1786211374,6507885
1786211716,6507510
1786212316,6507505
1786212616,6506650
1786212916,6506298
1786213216,6504090
1786213516,6500997
1786213816,6499578
1786214116,6500108
1786214416,6500665
1786214716,6500792
1786215016,6500755
1786215316,6499901
1786215616,6499821
1786215916,6499282
1786216216,6498955
1786216516,6497838
1786216816,6497201
1786217116,6497393
1786217416,6497267
1786218016,6499035
1786218316,6499153
1786218616,6500005
1786218916,6502027
1786219216,6503572
1786219516,6503140
1786219816,6502742
1786220116,6502623
1786220416,6502519
1786220716,6501575
1786221016,6501702
1786221316,6503296
1786221616,6502413
1786221916,6502548
1786222216,6503409
1786222516,6503174
1786222816,6503153
1786223116,6503500
1786223416,6502647
1786223716,6501112
1786224016,6499152
1786224316,6499453
1786224616,6499438
1786224916,6498500
1786225216,6499067
1786225516,6500839
1786225816,6498622
1786226116,6498713
1786226716,6496944
1786227016,6496276
1786227316,6495535
1786227616,6495016
1786227916,6495300
1786228216,6494535
1786228516,6494127
1786229116,6492436
1786229416,6492503
1786229716,6491225
1786230017,6490017
1786230316,6489601
1786230616,6489700
1786230916,6489241
1786231216,6490349
1786231516,6491115
1786231816,6489948
1786232116,6489464
1786233016,6492150
1786233316,6491639
1786233616,6490717
1786234216,6490803
1786234516,6491431
1786234816,6491440
1786235116,6492010
1786235416,6491383
1786235716,6492157
1786236016,6492815
1786236316,6492573
1786236617,6492660
1786236916,6491979
1786237216,6492342
1786237516,6494415
1786237816,6493301
1786238116,6493429
1786238416,6493345
1786238716,6489122
1786239016,6481185
1786239316,6483611
1786239616,6483611
1786239916,6483400
1786240216,6483672
1786240516,6481195
1786240816,6481570
1786241116,6480582
1786241416,6478557
1786241716,6480081
1786242016,6478573
1786242316,6479267
1786242616,6479557
1786242916,6478617
1786243216,6478548
1786243516,6475944
1786243816,6474173
1786244116,6474600
1786244416,6477016
1786244716,6476505
1786245016,6474502
1786245316,6472194
1786245616,6470065
1786245916,6473088
1786246216,6473291
1786246516,6473807
1786246816,6474047
1786247116,6475144
1786247416,6474668
1786247716,6474282
1786248016,6473921
1786248316,6474112
1786248616,6474950
1786248916,6476598
1786249216,6476045
1786249516,6475996
1786250116,6476178
1786250416,6476400
1786250716,6476020
1786251016,6475632
1786251316,6473266
1786251616,6473826
1786251916,6473466
1786252216,6473599
1786252516,6474100
1786252816,6473585
1786253116,6473742
1786253416,6473743
1786253716,6474079
1786254016,6473757
1786254316,6473649
1786254916,6473583
1786255216,6474919
1786255516,6475253
1786255816,6475751
1786256116,6476040
1786256416,6476323
1786256716,6478815
1786257016,6479115
1786257316,6479443
1786257616,6480207
1786257916,6480748
1786258216,6480884
1786258516,6480665
1786258816,6480457
1786259116,6479965
1786259416,6480600
1786259716,6480471
1786260017,6480005
1786260316,6479276
1786260616,6478678
1786260916,6478788
1786261216,6478520
1786261516,6478415
1786261816,6477657
1786262116,6477519
1786262416,6477687
1786262716,6483173
1786263016,6486455
1786263316,6487600
1786263616,6488069
1786263916,6485868
1786264516,6484406
1786264816,6482663
1786265116,6476455
1786265416,6476186
1786265716,6476100
1786266016,6476694
1786266316,6477687
1786266616,6477322
1786266916,6477335
1786267216,6478099
1786267516,6477880
1786267816,6476581
1786268116,6476463
1786268416,6476638
1786268716,6476615
1786269016,6476903
1786269316,6480393
1786269616,6481053
1786269916,6484443
1786270216,6484674
1786270516,6487800
1786270816,6490026
1786271116,6491761
1786271416,6490500
1786271716,6489402
1786272016,6489252
1786272316,6489357
1786272616,6492156
1786273216,6491404
1786273516,6491550
1786273816,6492702
1786274116,6493000
1786274416,6492804
1786274716,6492867
1786275016,6492806
1786275316,6492755
1786275616,6494157
1786275916,6493982
1786276216,6494149
1786276516,6492778
1786276816,6490716
1786277116,6487701
1786277416,6487848
1786277716,6488973
1786278016,6489275
1786278316,6489156
1786278616,6489176
1786278916,6489056
1786279216,6489038
1786279516,6489105
1786280116,6489305
1786280416,6490338
1786280716,6494483
1786281016,6496700
1786281316,6497070
1786281616,6498747
1786281916,6498960
1786282216,6504493
1786282516,6507646
1786282816,6509631
1786283116,6517103
1786283416,6516809
1786283716,6517153
1786284016,6518407
1786284316,6516015
1786284616,6518287
1786284916,6517917
1786285216,6516800
1786285516,6512038
1786285816,6513312
1786286116,6516240
1786286416,6513256
1786286716,6511865
1786287016,6512449
1786287316,6513724
1786287616,6521006
1786287916,6519427
1786288216,6519987
1786288516,6519980
1786288816,6518842
1786289116,6518705
1786289416,6518636
1786289716,6518385
1786290016,6518677
1786290316,6517851
1786290616,6518236
1786290916,6518100
1786291216,6518283
1786291516,6517118
1786291817,6520852
1786292116,6519282
1786292416,6518869
1786292716,6514001
1786293016,6514057
1786293316,6516713
1786293621,6519766
1786294216,6519813
1786294516,6519357
1786294816,6518777
1786295116,6517898
1786295416,6517552
1786295716,6517758
1786296016,6517463
1786296316,6518174
1786296616,6519024
1786296916,6518395
1786297216,6518394
1786297516,6518136
1786297816,6516823
1786298116,6515683
1786298416,6515185
1786298716,6515703
1786299016,6515660
1786299316,6515422
1786299616,6515170
1786300216,6516284
1786300516,6517216
1786300816,6516952
1786301116,6517039
1786301414,6516001
1786301715,6516197
1786302015,6515047
1786302316,6514994
1786302616,6515079
1786302916,6514455
1786303216,6515973
1786303516,6516283
1786303816,6516253
1786304116,6515734
1786304416,6515535
1786304716,6515306
1786305016,6514611
1786305316,6514402
1786305616,6514600
1786305916,6512643
1786306216,6511105
1786306516,6503221
1786306816,6507744
1786307116,6507814
1786307416,6507994
1786307716,6510278
1786308016,6510101
1786308316,6509686
1786308616,6509164
1786308916,6509145
1786309216,6509453
1786309516,6509276
1786309816,6508910
1786310116,6508895
1786310416,6508911
1786310716,6508199
1786311016,6508993
1786311316,6509063
1786311616,6515619
1786311916,6516461
1786312216,6516220
1786312516,6514652
1786312816,6515686
1786313116,6520385
1786313416,6522092
1786313716,6527553
1786314016,6528707
1786314316,6520322
1786314616,6518543
1786314916,6505760
1786315216,6496976
1786315516,6498065
1786315816,6497065
1786316116,6498741
1786316416,6503126
1786316716,6502087
1786317016,6499299
1786317316,6498741
1786317616,6496743
1786317916,6490357
1786318216,6486590
1786318516,6482150
1786318816,6484522
1786319116,6483780
1786319416,6487367
1786319716,6484217
1786320016,6483022
1786320316,6484936
1786320616,6495911
1786320916,6512438
1786321216,6508670
1786321516,6497866
1786321816,6497212
1786322116,6498566
1786322416,6488130
1786322716,6481982
1786323016,6487041
1786323316,6494916
1786323616,6493409
1786323916,6494711
1786324216,6491886
1786324516,6495226
1786324816,6498527
1786325116,6498038
1786325416,6497342
1786325716,6492316
1786326016,6489345
1786326316,6491531
1786326616,6510187
1786326916,6517187
1786327216,6514607
1786327516,6508370
1786327816,6504947
1786328116,6506518
1786328416,6492101
1786328716,6490161
1786329016,6490500
1786329316,6492313
1786329616,6496176
1786329916,6509154
1786330216,6509063
1786330516,6505046
1786330816,6504761
1786331116,6501961
1786331416,6500497
1786331716,6492917
1786332016,6498314
1786332316,6503738
1786332616,6501200
1786332916,6498998
1786333216,6502258
1786333516,6500014
1786333816,6499218
1786334116,6494662
1786334416,6491654
1786334716,6497978
1786335016,6498641
1786335316,6501092
1786335616,6502283
1786335916,6501014
1786336216,6500075
1786336516,6497204
1786336816,6496940
1786337116,6494905
1786337416,6499026
1786337716,6497605
1786338016,6494517
1786338314,6496417
1786338615,6499978
1786338915,6494395
1786339215,6496539
1786339515,6499207
1786339815,6499325
1786340115,6498898
1786340415,6501180
1786340715,6502483
1786341015,6501023
1786341315,6505850
1786341615,6508997
1786341915,6513262
1786342215,6513551
1786342515,6515343
1786342815,6516714
1786343115,6515176
1786343415,6511634
1786343715,6514402
1786344015,6514724
1786344315,6518278
1786344615,6519298
1786344915,6521526
1786345215,6525022
1786345515,6523377
1786345815,6521202
1786346115,6521564
1786346415,6520995
1786346715,6524735
1786347015,6526430
1786347315,6528308
1786347615,6529291
1786347915,6527915
1786348215,6522074
1786348515,6516160
1786348815,6515135
1786349115,6524008
1786349415,6521350
1786349716,6520612
1786350015,6522711
1786350315,6523269
1786350615,6524239
1786350915,6523651
1786351215,6520574
1786351515,6516223
1786351815,6516243
1786352115,6519118
1786352410,6519779
1786352711,6516466
1786353011,6515622
1786353311,6517290
1786353611,6515746
1786353911,6514515
1786354211,6511651
1786354511,6505964
1786354811,6502931
1786355111,6500953
1786355411,6493226
1786355711,6491507
1786356011,6491806
1786356311,6497601
1786356611,6498625
1786356911,6498539
1786357211,6496695
1786357511,6499932
1786357811,6498072
1786358111,6497707
1786358411,6497281
1786358711,6495635
1786359011,6498224
1786359311,6497220
1786359611,6496447
1786359911,6494632
1786360211,6496192
1786360511,6494020
1786360811,6499435
1786361111,6501080
1786361411,6502401
1786361711,6503030
1786362011,6501927
1786362311,6501290
1786362611,6501954
1786362911,6502870
1786363211,6506808
1786363511,6512430
1786363811,6512236
1786364111,6508206
1786364411,6503410
1786364711,6503569
1786365011,6500058
1786365311,6496523
1786365611,6489382
1786365911,6493718
1786366211,6494383
1786366511,6487461
1786366811,6483049
1786367111,6481901
1786367411,6482619
1786367711,6482181
1786368011,6488951
1786368311,6489835
1786368611,6487082
1786368911,6477072
1786369211,6467379
1786369511,6460053
1786369811,6453897
1786370111,6447510
1786370411,6451300
1786370711,6463431
1786371011,6462443
1786371311,6465086
1786371611,6468720
1786371911,6467370
1786372211,6474566
1786372511,6472764
1786372811,6474050
1786373111,6478847
1786373411,6474145
1786373711,6465272
1786374011,6457125
1786374311,6460987
1786374611,6461842
1786374911,6452695
1786375211,6447620
1786375511,6439444
1786375811,6432512
1786376111,6433038
1786376411,6422959
1786376711,6428159
1786377011,6420957
1786377311,6418813
1786377611,6422917
1786377911,6426334
1786378211,6421676
1786378511,6417250
1786378811,6406342
1786379111,6402893
1786379412,6406393
1786379711,6402937
1786380011,6407455
1786380311,6398350
1786380611,6386614
1786380911,6382103
1786381211,6382466
1786381511,6379688
1786381811,6387478
1786382111,6393422
1786382411,6386982
1786382711,6387906
1786383011,6387603
1786383311,6390261
1786383611,6388661
1786383911,6390401
1786384211,6385878
1786384511,6384910
1786384811,6387901
1786385111,6387877
1786385411,6389314
1786385711,6389837
1786386011,6386435
1786386310,6390901
1786386611,6384695
1786386912,6385329
1786387212,6376703
1786387511,6380079
1786387811,6383063
1786388112,6383326
1786388412,6383380
1786388711,6385059
1786389011,6385500
1786389311,6385789
1786389612,6387182
1786389912,6392595
1786390212,6394578
1786390512,6401289
1786390811,6391182
1786391112,6394522
1786391412,6395835
1786391712,6395971
1786392011,6396522
1786392311,6399446
1786392612,6400790
1786392911,6399669
1786393212,6403247
1786393512,6402812
1786393811,6404634
1786394112,6405652
1786394412,6406741
1786394712,6410659
1786395011,6409606
1786395311,6409788
1786395611,6409684
1786395911,6405459
1786396211,6407441
1786396511,6404870
1786396811,6405476
1786397111,6404520
1786397412,6404976
1786397711,6404969
1786398011,6403801
1786398311,6398857
1786398612,6394056
1786398911,6393140
1786399211,6393297
1786399511,6393247
1786399811,6394541
1786400111,6396914
1786400412,6399829
1786400711,6396079
1786401011,6395601
1786401311,6391047
1786401611,6389991
1786401911,6392280
1786402211,6393342
1786402511,6394245
1786402811,6395241
1786403111,6394282
1786403411,6392734
1786403711,6392375
1786404011,6393489
1786404311,6391909
1786404611,6391991
1786404911,6390895
1786405211,6388559
1786405511,6390573
1786405811,6390086
1786406111,6390426
1786406411,6391605
1786406711,6387995
1786407011,6386262
1786407311,6390571
1786407611,6387697
1786407911,6390432
1786408211,6391495
1786408511,6394061
1786408811,6391643
1786409111,6391842
1786409411,6393900
1786409711,6395613
1786410011,6398007
1786410311,6393646
1786410611,6393842
1786410911,6400126
1786411211,6393707
1786411511,6397953
1786411811,6399710
1786412111,6398959
1786412411,6397835
1786412711,6392784
1786413012,6395979
1786413311,6400426
1786413611,6400269
1786413911,6401740
1786414211,6401343
1786414511,6400029
1786414811,6399790
1786415111,6399800
1786415411,6399515
1786415711,6398896
1786416011,6397293
1786416311,6398058
1786416611,6398537
1786416911,6398013
1786417211,6398401
1786417511,6400502
1786417811,6401363
1786418111,6404017
1786418411,6407735
1786418712,6408785
1786419011,6409148
1786419311,6407458
1786419611,6408092
1786419911,6407923
1786420211,6407223
1786420511,6406335
1786420811,6407031
1786421111,6407918
1786421411,6406893
1786421711,6406469
1786422012,6405824
1786422311,6405991
1786422611,6404442
1786422911,6404219
1786423211,6403999
1786423511,6403697
1786423811,6402646
1786424111,6398178
1786424411,6397181
1786424711,6397134
1786425011,6398594
1786425311,6398479
1786425611,6396521
1786425911,6390898
1786426211,6390777
1786426511,6392733
1786426811,6397420
1786427111,6397434
1786427411,6397397
1786427711,6396239
1786428011,6394109
1786428311,6392925
1786428611,6396447
1786428911,6397442
1786429211,6395790
1786429511,6392739
1786429811,6387702
1786430111,6384597
1786430411,6387097
1786430711,6387075
1786431011,6387209
1786431311,6381565
1786431611,6389529
1786431911,6392359
1786432211,6391712
1786432511,6390903
1786432811,6387009
1786433111,6385609
1786433411,6384985
1786433711,6392409
1786434011,6401159
1786434311,6400953
1786434611,6402081
1786434911,6401376
1786435211,6399466
1786435511,6402748
1786435811,6401560
1786436111,6398824
1786436411,6398777
1786436711,6400129
1786437020,6399841
1786437311,6399722
1786437611,6401430
1786437911,6404999
1786438211,6403237
1786438512,6407082
1786438811,6407680
1786439112,6407992
1786439411,6408641
1786439712,6406813
1786440011,6408843
1786440311,6412075
1786440612,6413148
1786440911,6413260
1786441212,6412608
1786441511,6417453
1786441812,6420170
1786442111,6419933
1786442411,6422510
1786442711,6423871
1786443012,6422655
1786443312,6419137
1786443612,6417471
1786443911,6416503
1786444212,6422230
1786444512,6420590
1786444812,6421858
1786445112,6421784
1786445412,6418593
1786445712,6418928
1786446012,6417534
1786446311,6430073
1786446612,6428582
1786446912,6431369
1786447212,6428157
1786447511,6428562
1786447811,6428547
1786448112,6428274
1786448412,6428726
1786448713,6428827
1786449012,6428984
1786449311,6431729
1786449611,6433720
1786449911,6436698
1786450211,6439619
1786450512,6440864
1786450811,6436061
1786451112,6429070
1786451412,6426887
1786451712,6429720
1786452012,6431053
1786452311,6428611
1786452612,6428040
1786452911,6428430
1786453212,6427999
1786453511,6426710
1786453812,6429962
1786454111,6427531
1786454411,6423841
1786454712,6420050
1786455012,6414736
1786455312,6413422
1786455612,6408885
1786455912,6414510
1786456212,6412720
1786456511,6407179
1786456812,6414287
1786457111,6413576
1786457412,6413836
1786457711,6416956
1786458011,6414589
1786458312,6401135
1786458612,6398197
1786458911,6395776
1786459211,6390100
1786459512,6389791
1786459812,6390682
1786460111,6373888
1786460412,6369337
1786460712,6376870
1786461012,6377351
1786461312,6373289
1786461612,6369662
1786461911,6374797
1786462211,6380330
1786462511,6372145
1786462812,6348117
1786463111,6348142
1786463412,6349537
1786463711,6345127
1786464012,6353695
1786464310,6355758
1786464615,6355268
1786464915,6354609
1786465215,6357489
1786465515,6357573
1786465815,6353809
1786466115,6349851
1786466415,6348861
1786466715,6345817
1786467015,6345178
1786467315,6344998
1786467615,6345035
1786467915,6344148
1786468215,6341254
1786468515,6344543
1786468815,6345717
1786469115,6348264
1786469415,6350062
1786469710,6350043
1786470011,6347692
1786470311,6350168
1786470611,6350171
1786470911,6351639
1786471211,6354610
1786471511,6353487
1786471811,6349850
1786472111,6351746
1786472411,6353276
1786472711,6352432
1786473011,6344221
1786473311,6336956
1786473611,6332845
1786473911,6324698
1786474211,6328216
1786474511,6330481
1786474811,6330429
1786475111,6329101
1786475411,6323231
1786475711,6320152
1786476011,6325232
1786476311,6327960
1786476611,6330143
1786476911,6331988
1786477211,6334531
1786477511,6338805
1786477811,6337454
1786478111,6340077
1786478411,6347017
1786478711,6356292
1786479011,6364259
1786479311,6361302
1786479611,6356930
1786479911,6357578
1786480211,6360357
1786480511,6363117
1786480811,6363391
1786481111,6361367
1786481411,6364715
1786481711,6365163
1786482011,6367779
1786482311,6367785
1786482611,6367978
1786482911,6368003
1786483211,6362317
1786483511,6360754
1786483811,6361753
1786484111,6358212
1786484411,6358833
1786484711,6361408
1786485011,6360395
1786485311,6360991
1786485611,6362004
1786485911,6368707
1786486211,6365807
1786486511,6367738
1786486811,6367560
1786487111,6365947
1786487411,6365403
1786487711,6365872
1786488011,6363481
1786488311,6360512
1786488611,6357737
1786488911,6359719
1786489211,6361016
1786489511,6354112
1786489811,6351921
1786490111,6352533
1786490411,6350446
1786490711,6351890
1786491011,6353311
1786491311,6354026
1786491611,6355794
1786491911,6357955
1786492211,6357906
1786492511,6356725
1786492811,6354541
1786493111,6351871
1786493411,6349620
1786493711,6352813
1786494011,6353822
1786494311,6360066
1786494611,6363022
1786494911,6364718
1786495211,6365508
1786495511,6365880
1786495811,6367381
1786496111,6368076
1786496411,6368284
1786496711,6367018
1786497011,6368667
1786497311,6372145
1786497611,6370106
1786497911,6369515
1786498211,6370269
1786498511,6366589
1786498811,6369416
1786499111,6374238
1786499411,6377690
1786499711,6378773
1786500011,6376083
1786500311,6377700
1786500611,6380343
1786500911,6379439
1786501211,6380666
1786501511,6374523
1786501811,6380263
1786502111,6378220
1786502411,6372630
1786502711,6371082
1786503011,6371380
1786503311,6371192
1786503611,6368225
1786503911,6373317
1786504211,6370676
1786504511,6366133
1786504811,6366804
1786505111,6368607
1786505411,6369594
1786505711,6372783
1786506011,6377679
1786506311,6376728
1786506611,6375223
1786506911,6373272
1786507211,6375601
1786507511,6377519
1786507811,6375034
1786508111,6372651
1786508411,6373704
1786508711,6381339
1786509011,6375692
1786509311,6368023
1786509611,6368230
1786509911,6370856
1786510211,6374243
1786510511,6376348
1786510811,6372538
1786511111,6368961
1786511411,6369132
1786511711,6375519
1786512011,6376623
1786512311,6376104
1786512611,6377886
1786512911,6380296
1786513211,6379977
1786513511,6378777
1786513811,6379376
1786514111,6376997
1786514411,6378521
1786514711,6372832
1786515011,6369682
1786515311,6365751
1786515611,6366225
1786515911,6359399
1786516211,6357693
1786516511,6357383
1786516811,6359387
1786517111,6358212
1786517411,6361041
1786517711,6357940
1786518011,6362945
1786518311,6368462
1786518611,6372725
1786518911,6369707
1786519211,6368143
1786519511,6366773
1786519811,6367619
1786520111,6369841
1786520411,6364718
1786520711,6363472
1786521011,6362636
1786521311,6367471
1786521612,6375080
1786521911,6376779
1786522211,6377407
1786522511,6372979
1786522811,6375309
1786523111,6375898
1786523411,6376125
1786523712,6372496
1786524011,6373301
1786524311,6371607
1786524611,6374623
1786524911,6372354
1786525211,6373102
1786525511,6373239
1786525811,6377295
1786526111,6379579
1786526411,6384111
1786526711,6388501
1786527011,6390029
1786527311,6396635
1786527611,6400283
1786527911,6397092
1786528211,6400045
1786528511,6400017
1786528811,6404268
1786529111,6409949
1786529411,6406904
1786529711,6407797
1786530011,6401629
1786530311,6404173
1786530611,6401409
1786530911,6408080
1786531211,6405397
1786531511,6409140
1786531811,6405575
1786532111,6409538
1786532411,6408327
1786532711,6408032
1786533011,6406980
1786533311,6407917
1786533611,6409111
1786533911,6411645
1786534211,6414269
1786534511,6413576
1786534811,6413478
1786535111,6413801
1786535411,6416688
1786535711,6417522
1786536011,6417482
1786536311,6419684
1786536611,6422332
1786536911,6422355
1786537211,6425902
1786537511,6423123
1786537811,6429348
1786538111,6421477
1786538411,6406665
1786538711,6403757
1786539011,6395404
1786539311,6409029
1786539611,6406447
1786539911,6400821
1786540211,6403277
1786540511,6392396
1786540811,6396095
1786541111,6392703
1786541411,6387469
1786541712,6390767
1786542011,6388450
1786542311,6392881
1786542611,6394490
1786542911,6384371
1786543211,6382726
1786543511,6360707
1786543811,6361707
1786544111,6377782
1786544411,6373704
1786544711,6370249
1786545011,6366048
1786545311,6357174
1786545611,6352597
1786545911,6350379
1786546211,6353429
1786546511,6344593
1786546811,6332878
1786547111,6337473
1786547411,6341208
1786547711,6343271
1786548011,6345951
1786548311,6340656
1786548611,6340054
1786548911,6337637
1786549211,6344275
1786549511,6347396
1786549811,6343154
1786550111,6343926
1786550411,6338823
1786550711,6338261
1786551011,6336339
1786551311,6336604
1786551611,6345237
1786551911,6344283
1786552211,6347650
1786552511,6348496
1786552811,6347867
1786553111,6347068
1786553411,6341641
1786553711,6343357
1786554011,6342752
1786554311,6344829
1786554611,6344323
1786554911,6345590
1786555211,6347079
1786555511,6336928
1786555811,6336827
1786556111,6340206
1786556411,6342339
1786556711,6341038
1786557011,6340658
1786557311,6343048
1786557611,6341131
1786557911,6338405
1786558211,6339000
1786558511,6341947
1786558811,6334884
1786559111,6334516
1786559411,6336062
1786559711,6343388
1786560011,6338197
1786560311,6336284
1786560611,6335699
1786560911,6332373
1786561211,6331626
1786561511,6333162
1786561811,6334940
1786562111,6332785
1786562411,6337425
1786562711,6332441
1786563011,6330769
1786563311,6330910
1786563611,6330295
1786563911,6328332
1786564211,6328626
1786564511,6329643
1786564811,6335027
1786565118,6343383
1786565411,6338333
1786565711,6338763
1786566011,6339010
1786566311,6341511
1786566611,6344221
1786566911,6345940
1786567211,6349289
1786567511,6349145
1786567811,6348668
1786568111,6347260
1786568411,6351526
1786568711,6353542
1786569011,6350110
1786569311,6352491
1786569611,6351088
1786569911,6348432
1786570211,6342894
1786570511,6342598
1786570811,6343050
1786571111,6346508
1786571411,6347201
1786571711,6348370
1786572011,6342003
1786572311,6341302
1786572611,6341794
1786572911,6344484
1786573211,6344686
1786573511,6343813
1786573811,6343152
1786574111,6337251
1786574411,6332193
1786574711,6333016
1786575011,6334250
1786575311,6335536
1786575611,6336145
1786575911,6333485
1786576211,6334609
1786576511,6334434
1786576811,6335270
1786577111,6332861
1786577411,6333220
1786577711,6339022
1786578011,6339868
1786578311,6334788
1786578611,6334291
1786578911,6335222
1786579211,6338671
1786579511,6340415
1786579811,6351028
1786580111,6352772
1786580411,6359593
1786580711,6356528
1786581011,6353992
1786581311,6351597
1786581611,6351677
1786581911,6345033
1786582211,6350747
1786582511,6351769
1786582811,6350668
1786583111,6349503
1786583411,6349887
1786583711,6355264
1786584011,6351697
1786584311,6340614
1786584611,6334512
1786584911,6339986
1786585211,6344981
1786585511,6339203
1786585811,6337273
1786586111,6341581
1786586411,6340370
1786586711,6339431
1786587011,6338648
1786587311,6339153
1786587611,6338204
1786587911,6337621
1786588211,6340546
1786588511,6333361
1786588811,6335795
1786589111,6341360
1786589411,6345566
1786589711,6347996
1786590011,6348316
1786590311,6347811
1786590611,6346094
1786590911,6350326
1786591211,6350983
1786591511,6354862
1786591811,6352661
1786592111,6353231
1786592411,6353612
1786592711,6351442
1786593011,6355535
1786593311,6359964
1786593611,6358276
1786593911,6357917
1786594211,6357444
1786594515,6359153
1786594811,6356444
1786595111,6353932
1786595411,6352970
1786595711,6355505
1786596011,6362586
1786596311,6363023
1786596611,6367092
1786596911,6366365
1786597211,6364244
1786597511,6365838
1786597811,6378193
1786598111,6379410
1786598411,6386641
1786598711,6387468
1786599011,6387476
1786599311,6385512
1786599611,6386304
1786599911,6385834
1786600211,6383566
1786600511,6383072
1786600811,6382237
1786601111,6378018
1786601411,6376783
1786601711,6377629
1786602011,6376398
1786602311,6376975
1786602611,6376079
1786602911,6373625
1786603211,6371845
1786603511,6370294
1786603811,6373881
1786604111,6383226
1786604411,6386297
1786604711,6381870
1786605011,6381760
1786605311,6383122
1786605611,6382745
1786605911,6385561
1786606211,6382985
1786606511,6384561
1786606811,6382384
1786607111,6381387
1786607411,6379495
1786607711,6379565
1786608011,6380039
1786608311,6384440
1786608611,6382473
1786608911,6378697
1786609211,6375935
1786609511,6374858
1786609811,6373029
1786610111,6371943
1786610411,6373483
1786610711,6373826
1786611011,6372271
1786611311,6368930
1786611611,6370389
1786611920,6367583
1786612211,6362979
1786612511,6358391
1786612811,6359735
1786613111,6364003
1786613411,6360159
1786613711,6364100
1786614011,6361762
1786614311,6363673
1786614611,6366201
1786614911,6369938
1786615214,6372262
1786615511,6363387
1786615811,6359067
1786616111,6356645
1786616411,6360364
1786616711,6356609
1786617011,6356573
1786617311,6354470
1786617611,6354979
1786617911,6356623
1786618211,6357681
1786618511,6358037
1786618811,6358636
1786619111,6358722
1786619411,6355755
1786619711,6355668
1786620011,6355327
1786620311,6342526
1786620611,6338162
1786620911,6334556
1786621211,6338809
1786621511,6337968
1786621811,6342457
1786622111,6340811
1786622411,6340952
1786622711,6339638
1786623011,6346235
1786623311,6348244
1786623611,6348843
1786623911,6349713
1786624211,6351037
1786624511,6350601
1786624811,6351616
1786625111,6351145
1786625411,6353177
1786625711,6357049
1786626012,6362669
1786626311,6368289
1786626611,6370452
1786626911,6367534
1786627211,6364883
1786627511,6356218
1786627811,6353479
1786628111,6359980
1786628411,6368013
1786628711,6373701
1786629011,6373756
1786629311,6369502
1786629611,6366053
1786629911,6364563
1786630211,6363888
1786630511,6373397
1786630811,6377314
1786631111,6377595
1786631411,6373651
1786631721,6383532
1786632011,6389763
1786632311,6389585
1786632611,6385498
1786632911,6383848
1786633211,6380388
1786633511,6385549
1786633811,6376601
1786634111,6377101
1786634411,6376449
1786634711,6376602
1786635017,6360641
1786635311,6359887
1786635611,6363152
1786635911,6365812
1786636211,6359339
1786636511,6355868
1786636811,6343247
1786637111,6340263
1786637411,6339491
1786637711,6339616
1786638011,6343306
1786638311,6349088
1786638611,6334257
1786638911,6334708
1786639211,6309287
1786639511,6284134
1786639811,6308086
1786640111,6302852
1786640421,6306071
1786640711,6305470
1786641011,6304965
1786641311,6306987
1786641611,6307198
1786641911,6314615
1786642211,6311861
1786642511,6314380
1786642811,6310111
1786643111,6315390
1786643411,6318741
1786643711,6313663
1786644011,6309978
1786644311,6316890
1786644611,6315657
1786644911,6313739
1786645211,6317599
1786645511,6314128
1786645811,6306681
1786646111,6310519
1786646411,6308304
1786646711,6312209
1786647011,6313966
1786647311,6325216
1786647611,6325565
1786647911,6325713
1786648211,6340851
1786648511,6334416
1786648811,6334571
1786649111,6334331
1786649411,6335061
1786649711,6335491
1786650011,6336024
1786650311,6334763
1786650611,6335645
1786650911,6334144
1786651211,6333595
1786651511,6332464
1786651811,6338512
1786652111,6334222
1786652411,6338176
1786652711,6338034
1786653011,6338772
1786653316,6340062
1786653611,6337988
1786653911,6335116
1786654211,6333702
1786654511,6332834
1786654811,6334575
1786655111,6339141
1786655411,6339055
1786655711,6337753
1786656011,6337857
1786656311,6338547
1786656611,6338031
1786656911,6340850
1786657211,6342045
1786657511,6339365
1786657811,6338378
1786658111,6339290
1786658411,6340795
1786658711,6346800
1786659011,6350063
1786659311,6355556
1786659611,6354113
1786659911,6355280
1786660211,6355327
1786660511,6352463
1786660811,6351616
1786661111,6349855
1786661411,6347882
1786661711,6347444
1786662011,6346665
1786662311,6342358
1786662611,6341367
1786662911,6341855
1786663211,6340379
1786663511,6341311
1786663811,6341334
1786664111,6342226
1786664411,6340440
1786664711,6339310
1786665011,6337128
1786665311,6334783
1786665611,6341590
1786665911,6339207
1786666211,6343868
1786666511,6344352
1786666811,6344666
1786667111,6347712
1786667411,6337962
1786667711,6336212
1786668011,6338270
1786668311,6345457
1786668611,6344128
1786668911,6347818
1786669221,6346942
1786669511,6350594
1786669811,6346886
1786670111,6345626
1786670411,6341493
1786670711,6348895
1786671011,6345200
1786671311,6343001
1786671611,6345763
1786671911,6349406
1786672211,6348269
1786672511,6348132
1786672811,6349670
1786673111,6349872
1786673411,6354337
1786673711,6349504
1786674011,6346943
1786674311,6344906
1786674611,6342648
1786674911,6347474
1786675211,6346938
1786675511,6345455
1786675811,6347030
1786676111,6348629
1786676411,6341655
1786676711,6337721
1786677011,6338547
1786677311,6341648
1786677611,6349735
1786677911,6348662
1786678211,6341845
1786678511,6337707
1786678811,6332611
1786679111,6331739
1786679411,6329488
1786679711,6329464
1786680011,6328308
1786680311,6330579
1786680611,6332693
1786680911,6335281
1786681211,6336832
1786681511,6333351
1786681811,6334980
1786682111,6334511
1786682411,6333523
1786682711,6333631
1786683011,6334066
1786683311,6332343
1786683611,6330951
1786683911,6332262
1786684211,6329064
1786684511,6327279
1786684811,6327181
1786685111,6325272
1786685411,6325698
1786685711,6327923
1786686011,6328629
1786686311,6329357
1786686611,6329512
1786686911,6330281
1786687211,6332706
1786687511,6327834
1786687811,6326835
1786688111,6325052
1786688411,6318851
1786688711,6316573
1786689011,6312470
1786689311,6316243
1786689611,6313618
1786689911,6312334
1786690211,6310865
1786690511,6300798
1786690811,6292404
1786691111,6296035
1786691411,6299512
1786691715,6300845
1786692011,6302708
1786692311,6303948
1786692611,6303723
1786692911,6297461
1786693211,6292849
1786693511,6295714
1786693811,6294439
1786694111,6291287
1786694411,6287461
1786694711,6287019
1786695011,6286699
1786695311,6284633
1786695611,6285933
1786695911,6277686
1786696211,6271176
1786696511,6267879
1786696811,6278089
1786697111,6276540
1786697411,6281394
1786697711,6284715
1786698011,6286621
1786698311,6283613
1786698611,6280557
1786698911,6280361
1786699211,6281754
1786699511,6283436
1786699811,6276671
1786700111,6273088
1786700411,6270090
1786700711,6269492
1786701011,6273050
1786701311,6275023
1786701611,6272756
1786701911,6274030
1786702211,6275339
1786702511,6277749
1786702811,6283265
1786703111,6281831
1786703411,6280588
1786703711,6283972
1786704011,6282611
1786704311,6279874
1786704611,6277312
1786704911,6277066
1786705211,6275096
1786705511,6278201
1786705811,6277185
1786706111,6278240
1786706411,6282144
1786706711,6281489
1786707011,6282740
1786707311,6282281
1786707611,6283106
1786707911,6280024
1786708211,6280074
1786708511,6284514
1786708811,6281553
1786709111,6279547
1786709411,6276544
1786709711,6272551
1786710011,6276289
1786710311,6277656
1786710611,6279882
1786710911,6281175
1786711211,6276887
1786711511,6271793
1786711811,6270051
1786712111,6268581
1786712411,6267478
1786712711,6264391
1786713011,6259980
1786713311,6261235
1786713611,6259477
1786713911,6262975
1786714211,6270629
1786714511,6266821
1786714811,6264938
1786715111,6262695
1786715411,6261261
1786715711,6257795
1786716011,6255799
1786716311,6257306
1786716611,6257659
1786716911,6256065
1786717211,6255770
1786717511,6254317
1786717811,6260907
1786718111,6263650
1786718411,6270173
1786718711,6268102
1786719011,6268468
1786719311,6259529
1786719611,6255082
1786719911,6258433
1786720211,6260437
1786720511,6263614
1786720811,6264314
1786721111,6268909
1786721411,6271850
1786721711,6278353
1786722011,6291046
1786722311,6291359
1786722611,6292342
1786722911,6292767
1786723211,6293560
1786723511,6293951
1786723811,6294518
1786724111,6298547
1786724411,6299788
1786724711,6302338
1786725010,6305208
1786725306,6306968
1786725607,6312335
1786725907,6313549
1786726207,6309873
1786726209,6309873
1786726510,6306413
1786726810,6307687
1786726816,6307969
1786727117,6309055
1786727417,6306268
1786727717,6308279
1786728016,6313704
1786728316,6316276
1786728617,6313963
1786728916,6314316
1786729216,6307861
1786729517,6304589
1786729816,6304802
1786730117,6301016
1786730416,6295381
1786730717,6295774
1786731016,6297379
1786731316,6296046
1786731616,6296801
1786731916,6297805
1786732216,6299788
1786732516,6291083
1786732816,6292366
1786733117,6291586
1786733417,6284392
1786733717,6284946
1786734017,6285337
1786734317,6282122
1786734617,6280476
1786734917,6278992
1786735216,6277603
1786735517,6281199
1786735816,6284934
1786736116,6284564
1786736416,6286518
1786736717,6290590
1786737016,6288691
1786737317,6289548
1786737617,6289129
1786737917,6293219
1786738217,6293750
1786738517,6291698
1786738817,6286960
1786739116,6290040
1786739417,6288592
1786739717,6286962
1786740017,6284652
1786740317,6284403
1786740617,6284901
1786740916,6284765
1786741216,6283814
1786741516,6285884
1786741816,6284470
1786742116,6284796
1786742416,6283903
1786742716,6283105
1786743017,6284022
1786743316,6282030
1786743616,6281906
1786743916,6282471
1786744216,6284376
1786744517,6282714
1786744816,6284597
1786745116,6288310
1786745416,6284415
1786745717,6277673
1786746016,6276060
1786746316,6277381
1786746617,6275873
1786746916,6279581
1786747216,6281317
1786747516,6282108
1786747816,6282136
1786748117,6282104
1786748416,6282299
1786748716,6282482
1786749016,6283102
1786749316,6285987
1786749616,6284393
1786749917,6287406
1786750216,6288067
1786750516,6288576
1786750816,6289912
1786751116,6294670
1786751416,6297605
1786751716,6298411
1786752016,6297649
1786752316,6297514
1786752616,6296015
1786752916,6295391
1786753216,6295881
1786753516,6295582
1786753817,6295118
1786754116,6295388
1786754416,6294329
1786754716,6295254
1786755016,6295605
1786755316,6293799
1786755616,6295111
1786755917,6294248
1786756216,6294782
1786756517,6295578
1786756816,6294030
1786757116,6295555
1786757417,6297306
1786757716,6296474
1786758017,6296995
1786758316,6296743
1786758616,6296341
1786758916,6296076
1786759216,6297103
1786759516,6298854
1786759816,6298147
1786760116,6298515
1786760416,6301883
1786760716,6303602
1786761016,6304040
1786761316,6305751
1786761616,6305509
1786761916,6305463
1786762216,6306545
1786762516,6306509
1786762816,6306977
1786763116,6306862
1786763416,6307508
1786763716,6308289
1786764016,6309721
1786764316,6304832
1786764616,6302817
1786764916,6302426
1786765216,6299903
1786765517,6300252
1786765816,6300149
1786766116,6301185
1786766416,6300043
1786766716,6301324
1786767016,6301094
1786767316,6303224
1786767616,6305683
1786767917,6306107
1786768216,6306398
1786768516,6306327
1786768822,6307727
1786769116,6308474
1786769416,6308073
1786769716,6306308
1786770016,6305770
1786770316,6306251
1786770616,6307122
1786770916,6308113
1786771216,6308689
1786771516,6306985
1786771817,6306226
1786772116,6305737
1786772416,6301585
1786772716,6300656
1786773016,6300991
1786773316,6300676
1786773617,6301643
1786773916,6302311
1786774217,6302309
1786774516,6299487
1786774816,6298708
1786775116,6299855
1786775416,6297712
1786775716,6299670
1786776016,6299548
1786776316,6300689
1786776616,6301061
1786776916,6305217
1786777217,6305050
1786777516,6304920
1786777817,6302354
1786778116,6304721
1786778416,6304413
1786778717,6301753
1786779016,6301813
1786779317,6301402
1786779617,6302176
1786779917,6301847
1786780217,6301365
1786780517,6301255
1786780817,6300442
1786781116,6300503
1786781416,6300331
1786781717,6299572
1786782016,6299503
1786782317,6299046
1786782616,6298738
1786782916,6298185
1786783216,6296587
1786783516,6295434
1786783816,6298257
1786784116,6293974
1786784417,6288903
1786784716,6285950
1786785016,6288132
1786785316,6289246
1786785616,6290423
1786785916,6289938
1786786216,6291204
1786786516,6292172
1786786816,6293878
1786787116,6295288
1786787417,6295575
1786787716,6296367
1786788016,6296904
1786788316,6293925
1786788616,6294402
1786788916,6295065
1786789217,6295055
1786789516,6295076
1786789816,6294941
1786790116,6296360
1786790416,6296385
1786790716,6296627
1786791016,6298157
1786791316,6297513
1786791616,6296932
1786791917,6296381
1786792216,6296843
1786792516,6296141
1786792816,6296692
1786793117,6296403
1786793416,6296732
1786793717,6296606
1786794016,6296911
1786794317,6297309
1786794616,6294326
1786794917,6295060
1786795216,6295669
1786795516,6294114
1786795817,6293520
1786796117,6292897
1786796417,6292269
1786796716,6292237
1786797017,6292342
1786797316,6291835
1786797617,6291356
1786797916,6289976
1786798217,6288902
1786798517,6288872
1786798816,6296665
1786799116,6297609
1786799416,6299717
1786799717,6300183
1786800017,6298188
1786800316,6297201
1786800617,6297098
1786800916,6297234
1786801216,6297174
1786801517,6296568
1786801816,6296826
1786802117,6298084
1786802416,6298709
1786802717,6297453
1786803016,6297644
1786803317,6297488
1786803616,6296701
1786803916,6294211
1786804217,6296918
1786804516,6296861
1786804816,6296898
1786805116,6297238
1786805417,6297607
1786805717,6298041
1786806017,6297879
1786806317,6297643
1786806617,6297143
1786806916,6297286
1786807216,6299855
1786807517,6299664
1786807817,6300467
1786808116,6302230
1786808417,6304995
1786808716,6304916
1786809016,6304539
1786809316,6303389
1786809616,6303205
1786809917,6302610
1786810216,6301485
1786810517,6301741
1786810816,6300900
1786811116,6302588
1786811416,6305301
1786811717,6303227
1786812016,6303135
1786812317,6302826
1786812616,6303109
1786812917,6302923
1786813216,6302918
1786813516,6302861
1786813816,6302918
1786814116,6302948
1786814416,6303436
1786814716,6300371
1786815017,6300324
1786815316,6300234
1786815616,6300226
1786815917,6300162
1786816216,6300230
1786816516,6300094
1786816816,6300324
1786817117,6299957
1786817417,6300948
1786817716,6303230
1786818016,6299660
1786818316,6299256
1786818616,6298572
1786818916,6298481
1786819216,6298444
1786819517,6298480
1786819816,6298606
1786820117,6298359
1786820416,6298976
1786820716,6299569
1786821016,6301193
1786821316,6302065
1786821617,6303291
1786821916,6304800
1786822216,6303465
1786822516,6303288
1786822816,6304802
1786823116,6304285
1786823416,6305169
1786823717,6305306
1786824016,6305433
1786824316,6304857
1786824616,6303030
1786824916,6301377
1786825217,6301201
1786825516,6301037
1786825816,6301112
1786826116,6300920
1786826416,6301142
1786826717,6301370
1786827016,6302794
1786827316,6303056
1786827616,6303447
1786827916,6303245
1786828216,6303445
1786828516,6303915
1786828816,6303996
1786829116,6305228
1786829416,6307800
1786829716,6307600
1786830016,6308100
1786830316,6309189
1786830616,6309300
1786830916,6309204
1786831216,6309186
1786831516,6309222
1786831817,6308844
1786832116,6308504
1786832416,6307459
1786832716,6307712
1786833016,6308059
1786833316,6308682
1786833616,6308733
1786833916,6308929
1786834216,6309969
1786834516,6307237
1786834816,6306865
1786835117,6307349
1786835416,6307421
1786835716,6306480
1786836016,6306501
1786836316,6306289
1786836616,6304814
1786836916,6304298
1786837216,6303901
1786837516,6303925
1786837818,6304067
1786838116,6302794
1786838416,6302404
1786838716,6301300
1786839016,6300946
1786839316,6300785
1786839616,6300782
1786839916,6300748
1786840216,6300772
1786840516,6300432
1786840816,6300701
1786841116,6300889
1786841416,6301228
1786841716,6300753
1786842016,6301415
1786842316,6300813
1786842616,6300190
1786842916,6298801
1786843217,6298659
1786843516,6300705
1786843816,6299551
1786844116,6299702
1786844417,6297903
1786844716,6298881
1786845016,6300455
1786845316,6299167
1786845616,6300782
1786845916,6299624
1786846216,6298237
1786846516,6296385
1786846816,6296989
1786847116,6304240
1786847416,6305153
1786847716,6305300
1786848016,6305545
1786848316,6308378
1786848617,6307411
1786848916,6305668
1786849216,6305951
1786849516,6305754
1786849817,6305990
1786850116,6305843
1786850416,6305648
1786850716,6305586
1786851016,6305629
1786851316,6305731
1786851616,6305793
1786851916,6306077
1786852216,6306155
1786852516,6306103
1786852816,6306237
1786853117,6306425
1786853416,6306579
1786853716,6306813
1786854016,6308122
1786854316,6308766
1786854616,6308707
1786854916,6306193
1786855216,6305962
1786855516,6305885
1786855816,6305875
1786856116,6306054
1786856416,6302775
1786856716,6302868
1786857016,6303150
1786857316,6303329
1786857617,6301337
1786857916,6301026
1786858216,6300790
1786858516,6301014
1786858816,6301348
1786859116,6300401
1786859416,6299407
1786859716,6299509
1786860016,6300531
1786860316,6300765
1786860616,6301112
1786860916,6300495
1786861216,6298885
1786861516,6298733
1786861816,6300216
1786862116,6299698
1786862416,6299770
1786862716,6300001
1786863016,6300962
1786863316,6301036
1786863616,6300265
1786863916,6299588
1786864216,6299357
1786864517,6299369
1786864816,6299202
1786865116,6299723
1786865416,6299869
1786865716,6299793
1786866016,6299943
1786866316,6299294
1786866617,6299460
1786866917,6299513
1786867216,6299518
1786867516,6300123
1786867816,6300026
1786868116,6299789
1786868416,6299732
1786868716,6300231
1786869016,6300961
1786869316,6300747
1786869616,6300779
1786869916,6300441
1786870217,6300537
1786870516,6300595
1786870816,6300585
1786871116,6300652
1786871417,6300481
1786871717,6300304
1786872017,6300447
1786872317,6300539
1786872616,6300246
1786872916,6299775
1786873216,6298573
1786873516,6293863
1786873816,6293155
1786874116,6294193
1786874416,6292737
1786874717,6291032
1786875016,6291319
1786875316,6292467
1786875616,6292325
1786875916,6292504
1786876216,6294138
1786876516,6293880
1786876816,6294061
1786877116,6294076
1786877416,6294149
1786877717,6293929
1786878016,6294137
1786878316,6294245
1786878617,6294118
1786878916,6293853
1786879216,6293875
1786879516,6292649
1786879816,6292148
1786880116,6292184
1786880416,6292886
1786880716,6293223
1786881016,6291854
1786881316,6292326
1786881616,6294234
1786881916,6294925
1786882217,6295715
1786882517,6295422
1786882816,6295535
1786883116,6295666
1786883416,6295388
1786883717,6294394
1786884017,6294648
1786884316,6293409
1786884617,6294015
1786884916,6294638
1786885217,6295054
1786885517,6295087
1786885817,6299145
1786886116,6299949
1786886416,6300185
1786886717,6300381
1786887016,6300182
1786887317,6300087
1786887616,6299744
1786887917,6299976
1786888217,6300052
1786888517,6300132
1786888817,6299932
1786889117,6299714
1786889417,6299900
1786889716,6299871
1786890016,6299885
1786890316,6302874
1786890616,6302140
1786890916,6302473
1786891216,6302919
1786891516,6303327
1786891816,6303564
1786892117,6303636
1786892416,6303683
1786892716,6304701
1786893017,6304833
1786893316,6304728
1786893616,6304475
1786893916,6304657
1786894216,6304812
1786894516,6305918
1786894816,6306850
1786895117,6306179
1786895416,6306397
1786895717,6306416
1786896016,6307032
1786896316,6307597
1786896617,6308044
1786896917,6313094
1786897216,6323906
1786897516,6323708
1786897816,6327702
1786898116,6328830
1786898416,6327029
1786898716,6323036
1786899016,6322069
1786899316,6317738
1786899616,6319778
1786899916,6319235
1786900216,6320559
1786900517,6316170
1786900817,6315479
1786901116,6314991
1786901416,6312495
1786901716,6309938
1786902016,6312460
1786902316,6308435
1786902616,6308430
1786902917,6309969
1786903216,6309526
1786903516,6309744
1786903816,6309525
1786904117,6307033
1786904416,6309200
1786904716,6310473
1786905016,6309548
1786905317,6309447
1786905617,6309000
1786905917,6308200
1786906217,6308481
1786906516,6308189
1786906816,6308183
1786907116,6308550
1786907416,6309984
1786907717,6311443
1786908016,6312101
1786908316,6312585
1786908617,6315236
1786908916,6314255
1786909216,6315293
1786909516,6312350
1786909817,6309422
1786910116,6306103
1786910416,6304406
1786910716,6305085
1786911016,6306283
1786911316,6307092
1786911616,6306498
1786911916,6305390
1786912216,6303080
1786912516,6304201
1786912816,6303735
1786913116,6299830
1786913416,6298923
1786913716,6299549
1786914016,6300370
1786914316,6299889
1786914616,6299681
1786914916,6299205
1786915216,6300943
1786915516,6298768
1786915816,6297885
1786916116,6297136
1786916416,6294569
1786916716,6285632
1786917016,6288884
1786917316,6288800
1786917616,6288238
1786917916,6277155
1786918216,6284007
1786918516,6285757
1786918816,6284802
1786919116,6281212
1786919416,6278141
1786919716,6274254
1786920016,6268113
1786920316,6271506
1786920616,6272377
1786920916,6275728
1786921216,6282879
1786921516,6287339
1786921816,6288485
1786922116,6283539
1786922416,6280967
1786922716,6282785
1786923016,6277722
1786923316,6278412
1786923616,6281080
1786923916,6283140
1786924216,6284789
1786924516,6283156
1786924816,6283043
1786925116,6285759
1786925416,6281988
1786925716,6283023
1786926016,6279365
1786926316,6274636
1786926617,6278207
1786926916,6272678
1786927216,6274391
1786927516,6282262
1786927816,6281403
1786928116,6281882
1786928416,6285045
1786928716,6303462
1786929016,6303615
1786929316,6300234
1786929616,6299794
1786929916,6305674
1786930216,6306460
1786930516,6313619
1786930816,6312562
1786931116,6314192
1786931416,6315015
1786931716,6308105
1786932016,6305314
1786932317,6299873
1786932616,6299025
1786932916,6301595
1786933216,6301792
1786933516,6305939
1786933816,6312007
1786934117,6324087
1786934417,6320187
1786934716,6320595
1786935016,6321332
1786935317,6338420
1786935616,6337518
1786935916,6333057
1786936216,6332216
1786936516,6333720
1786936816,6331320
1786937116,6330448
1786937416,6329594
1786937716,6329046
1786938017,6330780
1786938316,6329098
1786938616,6330898
1786938916,6340102
1786939217,6337733
1786939516,6343083
1786939816,6343503
1786940116,6343608
1786940416,6342563
1786940716,6345328
1786941016,6344370
1786941316,6343065
1786941616,6343476
1786941916,6344474
1786942216,6347700
1786942516,6349124
1786942816,6348580
1786943116,6347057
1786943416,6341302
1786943716,6344167
1786944016,6350309
1786944316,6351684
1786944609,6345142
1786944910,6343002
1786945211,6339806
1786945511,6340548
1786945810,6342196
1786946110,6346046
1786946410,6346148
1786946710,6345061
1786947010,6350911
1786947310,6352004
1786947610,6353054
1786947910,6351308
1786948210,6351490
1786948510,6352307
1786948811,6354246
1786949111,6354477
1786949411,6362151
1786949709,6359312
1786950010,6359455
1786950310,6352624
1786950610,6353176
1786950910,6352696
1786951210,6348993
1786951510,6350276
1786951810,6351445
1786952110,6351095
1786952410,6349623
1786952710,6348402
1786953010,6347921
1786953311,6347945
1786953610,6348371
1786953910,6343719
1786954210,6339935
1786954510,6337275
1786954810,6337446
1786955110,6335526
1786955410,6335429
1786955710,6335818
1786956010,6334268
1786956310,6331448
1786956610,6330266
1786956910,6329949
1786957210,6333156
1786957510,6332953
1786957810,6333735
1786958110,6335453
1786958410,6333307
1786958710,6329159
1786959010,6330798
1786959310,6327481
1786959610,6325912
1786959911,6324515
1786960210,6325233
1786960510,6326646
1786960810,6325136
1786961110,6326197
1786961410,6323973
1786961710,6326317
1786962010,6325051
1786962310,6326407
1786962610,6331317
1786962910,6340475
1786963210,6347060
1786963510,6354165
1786963810,6355863
1786964110,6355243
1786964410,6360410
1786964710,6360938
1786965010,6358458
1786965310,6359595
1786965610,6359500
1786965910,6361564
1786966210,6359309
1786966510,6362131
1786966810,6362352
1786967110,6362547
1786967410,6368575
1786967711,6358167
1786968010,6355011
1786968310,6357454
1786968610,6355589
1786968910,6359748
1786969210,6353891
1786969510,6356075
1786969810,6350888
1786970110,6353622
1786970410,6349791
1786970710,6350272
1786971010,6353927
1786971310,6348509
1786971610,6349116
1786971910,6345158
1786972210,6347647
1786972510,6349859
1786972810,6341916
1786973110,6339404
1786973410,6342111
1786973710,6361414
1786974010,6364781
1786974310,6363058
1786974610,6360600
1786974910,6358977
1786975210,6360215
1786975510,6356301
1786975810,6356256
1786976110,6362308
1786976410,6359414
1786976710,6358764
1786977016,6354326
1786977310,6360805
1786977610,6354469
1786977910,6355229
1786978210,6362408
1786978511,6370141
1786978810,6379447
1786979110,6384242
1786979410,6386335
1786979710,6384520
1786980010,6377525
1786980310,6379160
1786980610,6391512
1786980913,6394151
1786981210,6401270
1786981510,6403081
1786981810,6409070
1786982110,6414819
1786982410,6413675
1786982710,6410492
1786983011,6407192
1786983310,6402607
1786983611,6403012
1786983910,6404191
1786984210,6404196
1786984510,6405595
1786984810,6409898
1786985110,6405179
1786985410,6405997
1786985710,6404261
1786986010,6406130
1786986310,6404603
1786986610,6402475
1786986910,6395191
1786987210,6416304
1786987510,6432869
1786987810,6417414
1786988110,6410535
1786988410,6416233
1786988710,6419128
1786989010,6423829
1786989310,6426360
1786989610,6427796
1786989910,6427358
1786990210,6426341
1786990510,6431535
1786990811,6437758
1786991110,6447387
1786991410,6444797
1786991710,6436157
1786992010,6439730
1786992310,6438762
1786992610,6438280
1786992910,6438787
1786993210,6437116
1786993510,6428614
1786993810,6434110
1786994110,6429768
1786994410,6429837
1786994710,6430710
1786995010,6435159
1786995310,6430661
1786995610,6432885
1786995910,6433629
1786996210,6430112
1786996510,6426247
1786996810,6425662
1786997110,6423019
1786997410,6422558
1786997710,6424884
1786998010,6425288
1786998310,6428311
1786998610,6435170
1786998910,6431494
1786999210,6431846
1786999510,6434262
1786999810,6430755
1787000110,6432176
1787000410,6433773
1787000710,6435410
1787001010,6436112
1787001310,6434194
1787001610,6432170
1787001911,6430850
1787002210,6428145
1787002510,6429319
1787002810,6427984
1787003110,6429650
1787003410,6431751
1787003710,6432905
1787004010,6433532
1787004310,6432016
1787004610,6428451
1787004910,6426339
1787005210,6424593
1787005510,6427163
1787005810,6424987
1787006110,6422960
1787006410,6427187
1787006710,6425601
1787007010,6425202
1787007310,6423995
1787007610,6423681
1787007910,6424695
1787008210,6428810
1787008510,6431267
1787008810,6433547
1787009110,6434317
1787009410,6442738
1787009710,6448133
1787010010,6444787
1787010310,6442713
1787010610,6445135
1787010910,6446673
1787011210,6449664
1787011510,6443861
1787011810,6437757
1787012110,6437927
1787012410,6441562
1787012710,6442378
1787013010,6441312
1787013310,6438220
1787013610,6438648
1787013910,6434376
1787014210,6432653
1787014510,6431294
1787014810,6431905
1787015110,6428701
1787015410,6425073
1787015710,6429232
1787016010,6425654
1787016310,6427359
1787016612,6426501
1787016910,6428174
1787017210,6426318
1787017510,6421366
1787017810,6417908
1787018110,6411645
1787018410,6413029
1787018710,6417135
1787019010,6419378
1787019310,6413973
1787019610,6412184
1787019910,6413718
1787020210,6410536
1787020510,6408847
1787020810,6412899
1787021110,6410469
1787021410,6404497
1787021710,6405885
1787022010,6402140
1787022310,6406507
1787022610,6405167
1787022910,6402771
1787023210,6406013
1787023511,6405612
1787023810,6405377
1787024110,6400376
1787024410,6406391
1787024710,6410244
1787025010,6408524
1787025310,6410688
1787025610,6410953
1787025910,6403803
1787026211,6406821
1787026510,6408741
1787026810,6408351
1787027110,6407011
1787027410,6408202
1787027710,6413435
1787028011,6415573
1787028310,6416473
1787028610,6412908
1787028910,6414178
1787029210,6414679
1787029510,6413611
1787029810,6419499
1787030110,6416274
1787030410,6416172
1787030710,6415569
1787031010,6417490
1787031310,6414935
1787031610,6410630
1787031910,6416957
1787032210,6415974
1787032510,6415783
1787032810,6417277
1787033110,6413603
1787033410,6412602
1787033710,6418573
1787034010,6420646
1787034311,6426296
1787034610,6428725
1787034910,6432871
1787035210,6435603
1787035510,6438072
1787035810,6428518
1787036110,6424489
1787036410,6424712
1787036710,6424201
1787037010,6427470
1787037310,6427488
1787037610,6428136
1787037910,6425356
1787038210,6423294
1787038510,6419532
1787038810,6419550
1787039110,6419364
1787039410,6415153
1787039710,6411736
1787040010,6413814
1787040310,6411749
1787040610,6406046
1787040910,6408754
1787041210,6415968
1787041510,6415573
1787041810,6415575
1787042110,6418067
1787042410,6426090
1787042711,6422672
1787043010,6419034
1787043310,6420854
1787043611,6422261
1787043910,6418695
1787044210,6417156
1787044511,6418068
1787044811,6413628
1787045110,6410938
1787045411,6409987
1787045711,6410829
1787046011,6410316
1787046310,6408516
1787046610,6409639
1787046910,6409315
1787047210,6411294
1787047511,6410676
1787047810,6409624
1787048111,6409313
1787048410,6410096
1787048710,6408381
1787049010,6409353
1787049310,6412676
1787049610,6414657
1787049911,6412921
1787050211,6413890
1787050510,6413894
1787050810,6414027
1787051110,6424169
1787051411,6422033
1787051711,6425676
1787052010,6427835
1787052310,6430253
1787052610,6430694
1787052911,6430104
1787053210,6431137
1787053510,6432058
1787053811,6430720
1787054111,6428642
1787054406,6428855
1787054707,6426568
1787055007,6427405
1787055307,6423807
1787055607,6423646
1787055907,6424913
1787056207,6424221
1787056507,6423376
1787056807,6420798
1787057106,6420044
1787057406,6418296
1787057706,6418882
1787057800,6417849
1787058102,6413176
1787058401,6412516
1787058607,6411882
1787058908,6412535
1787059208,6407796
1787059508,6403482
1787059808,6402481
1787060108,6402863
1787060408,6411955
1787060708,6413071
1787061008,6414487
1787061308,6409873
1787061608,6414539
1787061908,6428240
1787062227,6428347
1787062527,6418959
1787062827,6425895
1787063127,6451019
1787063427,6494433
1787063727,6475682
1787064027,6475046
1787064327,6474154
1787064627,6470404
1787064927,6463678
1787065227,6468740
1787065527,6470320
1787065827,6469180
1787066127,6469039
1787066427,6472458
1787066727,6470363
1787067018,6476407
1787067327,6475786
1787067627,6479943
1787067928,6478595
1787068227,6482076
1787068527,6482267
1787068827,6480603
1787069127,6482944
1787069427,6476294
1787069727,6470708
1787070028,6468408
1787070327,6468383
1787070627,6466331
1787070928,6469395
1787071227,6473385
1787071527,6476413
1787071827,6481384
1787072127,6478260
1787072427,6479315
1787072727,6474985
1787073027,6474398
1787073328,6474983
1787073627,6473464
1787073927,6476800
1787074228,6477826
1787074527,6477111
1787074827,6471222
1787075127,6468871
1787075432,6466001
1787075763,6466416
1787076063,6462602
1787076363,6463157
1787076664,6465996
1787076840,6465907
1787077171,6470967
1787077471,6474991
1787077771,6476444
1787078071,6474024
1787078371,6477210
1787078671,6472678
1787078971,6475911
1787079271,6474280
1787079571,6473186
1787079871,6472205
1787080171,6470945
1787080471,6468230
1787080771,6467191
1787081071,6469052
1787081371,6472259
1787081671,6471030
1787081971,6468181
1787082271,6464529
1787082571,6464306
1787082871,6463392
1787083171,6460840
1787083471,6459682
1787083771,6458177
1787084071,6459014
1787084371,6459700
1787084671,6459039
1787084971,6458204
1787085271,6458134
1787085571,6459418
1787085871,6458052
1787086171,6455710
1787086471,6455494
1787086771,6456174
1787087071,6455915
1787087371,6456964
1787087671,6460173
1787087971,6457607
1787088271,6456802
1787088571,6458010
1787088870,6456910
1787089171,6455513
1787089471,6453852
1787089771,6455914
1787090071,6456414
1787090371,6453726
1787090671,6456178
1787090971,6452469
1787091271,6456434
1787091571,6453052
1787091871,6455936
1787092171,6453726
1787092470,6455153
1787092771,6457760
1787093071,6459556
1787093371,6458944
1787093671,6458470
1787093971,6458479
1787094271,6463533
1787094571,6462398
1787094871,6465401
1787095171,6466150
1787095471,6466852
1787095770,6468600
1787096071,6468730
1787096371,6470493
1787096671,6470950
1787096971,6470391
1787097271,6469955
1787097571,6468445
1787097871,6465823
1787098170,6460831
1787098470,6455406
1787098770,6454825
1787099070,6462359
1787099371,6454972
1787099670,6460571
1787099971,6460290
1787100271,6451605
1787100571,6453213
1787100870,6448175
1787101171,6447543
1787101471,6440238
1787101771,6445888
1787102071,6446992
1787102371,6441531
1787102670,6445481
1787102971,6443806
1787103270,6441189
1787103571,6441301
1787103871,6436315
1787104171,6435206
1787104470,6438059
1787104770,6435280
1787105071,6432630
1787105371,6431942
1787105671,6435480
1787105971,6431043
1787106271,6433429
1787106571,6434315
1787106871,6433473
1787107171,6435373
1787107470,6433934
1787107771,6433874
1787108071,6430787
1787108371,6430943
1787108670,6429813
1787108971,6423922
1787109270,6427241
1787109570,6433896
1787109871,6432818
1787110170,6431500
1787110471,6431173
1787110771,6429177
1787111071,6429818
1787111371,6429564
1787111671,6429822
1787111971,6428358
1787112270,6427261
1787112571,6424480
1787112871,6427060
1787113171,6429201
1787113229,6429996
1787113559,6431930
1787113859,6430873
1787114159,6429209
1787114459,6429412
1787114759,6429393
1787115059,6430217
1787115359,6427446
1787115659,6425274
1787115959,6429928
1787116259,6431784
1787116559,6434837
1787116877,6430213
1787117207,6428136
1787117507,6430488
1787117807,6428456
1787118107,6428618
1787118407,6425946
1787118707,6424855
1787119007,6420638
1787119307,6419876
1787119607,6416268
1787119907,6412700
1787120207,6412117
1787120507,6420979
1787120807,6423948
1787121107,6422584
1787121407,6422007
1787121707,6423423
1787122007,6422646
1787122307,6425612
1787122607,6426381
1787122897,6428513
1787123207,6423004
1787123507,6423616
1787123807,6430663
1787124107,6426524
1787124407,6429907
1787124707,6428930
1787125007,6431421
1787125307,6433503
1787125607,6430486
1787125907,6430051
1787126207,6426523
1787126507,6424357
1787126807,6425136
1787127107,6424149
1787127407,6420341
1787127707,6422377
1787128007,6422381
1787128307,6422924
1787128607,6431765
1787128907,6439641
1787129207,6440543
1787129507,6440669
1787129807,6440270
1787130107,6436994
1787130407,6440395
1787130707,6436453
1787131007,6433168
1787131307,6435985
1787131607,6434224
1787131907,6432781
1787132207,6433872
1787132507,6433197
1787132807,6431449
1787133107,6432607
1787133407,6435554
1787133707,6435936
1787134007,6434438
1787134307,6432534
1787134607,6433022
1787134907,6433544
1787135207,6431715
1787135507,6433191
1787135807,6434844
1787136107,6435594
1787136407,6434808
1787136707,6434952
1787137007,6434783
1787137307,6438796
1787137607,6443164
1787137907,6445986
1787138207,6444965
1787138507,6444679
1787138807,6447410
1787139107,6445921
1787139407,6445387
1787139707,6444925
1787140007,6441493
1787140307,6443633
1787140607,6445424
1787140907,6445627
1787141207,6442785
1787141602,6444074
1787141807,6444662
1787142107,6443513
1787142397,6444021
1787142611,6444362
1787142912,6448848
1787143212,6466685
1787143512,6485020
1787143812,6490829
1787144112,6480605
1787144412,6481374
1787144712,6475639
1787145012,6480204
1787145312,6489978
1787145612,6490167
1787145912,6493612
1787146212,6494369
1787146512,6501525
1787146812,6481677
1787147112,6493551
1787147412,6503818
1787147712,6496571
1787148012,6496056
1787148312,6506223
1787148612,6530568
1787148912,6530330
1787149212,6536317
1787149512,6536027
1787149812,6535960
1787150112,6532069
1787150412,6544543
1787150712,6540859
1787151012,6546511
1787151312,6562982
1787151613,6589863
1787151912,6600030
1787152212,6644168
1787152512,6658437
1787152812,6663372
1787153112,6708637
1787153412,6849094
1787153712,6829436
1787154012,6848557
1787154312,6863844
1787154612,6844772
1787154912,6828645
1787155213,6849424
1787155512,6861530
1787155812,6872594
1787156112,6854012
1787156412,6865217
1787156712,6869981
1787157012,6886599
1787157312,6874534
1787157613,6869526
1787157912,6858558
1787158212,6865164
1787158512,6859083
1787158812,6843804
1787159112,6832264
1787159412,6826047
1787159712,6826174
1787160012,6808410
1787160312,6797187
1787160612,6788373
1787160912,6788818
1787161212,6798514
1787161512,6801137
1787161812,6816307
1787162112,6817143
1787162412,6819502
1787162712,6818686
1787163012,6811130
1787163312,6814977
1787163612,6823866
1787163912,6826009
1787164212,6826869
1787164512,6825290
1787164812,6824822
1787165112,6836939
1787165412,6839982
1787165712,6837310
1787166012,6835601
1787166312,6837419
1787166613,6838851
1787166912,6830925
1787167212,6827827
1787167512,6828828
1787167812,6822292
1787168112,6823086
1787168412,6824254
1787168712,6836146
1787169012,6837174
1787169312,6839659
1787169612,6842589
1787169912,6842964
1787170212,6857964
1787170512,6865722
1787170812,6858336
1787171112,6872048
1787171412,6869639
1787171712,6873290
1787172012,6868015
1787172312,6866993
1787172612,6863558
1787172912,6911055
1787173212,6907602
1787173512,6915652
1787173812,6968613
1787174112,6937903
1787174412,6938481
1787174712,6958881
1787175012,6959800
1787175312,6971082
1787175612,6955937
1787175912,6959747
1787176212,6978268
1787176512,6973390
1787176812,6968466
1787177112,6954547
1787177412,6938699
1787177712,6935116
1787178012,6931620
1787178312,6924459
1787178612,6914899
1787178912,6903953
1787179212,6925268
1787179512,6932867
1787179812,6912920
1787180112,6912977
1787180412,6921665
1787180712,6924958
1787181012,6931173
1787181312,6933028
1787181612,6937726
1787181912,6928438
1787182212,6935074
1787182512,6928049
1787182812,6924563
1787183112,6929998
1787183412,6920103
1787183712,6917489
1787184012,6928442
1787184312,6945965
1787184612,6953457
1787184912,6951666
1787185212,6966283
1787185512,6965274
1787185812,6963487
1787186112,6955783
1787186412,6956996
1787186712,6953813
1787187012,6962755
1787187312,6946481
1787187612,6941573
1787187912,6941325
1787188212,6930331
1787188512,6933837
1787188812,6932646
1787189112,6932749
1787189412,6929080
1787189712,6946080
1787190012,6950766
1787190312,6958461
1787190612,6974981
1787190913,6968937
1787191212,6967306
1787191512,6974751
1787191812,6963502
1787192112,6965191
1787192412,6960399
1787192712,6949449
1787193012,6945230
1787193312,6944627
1787193612,6933171
1787193912,6927693
1787194212,6928212
1787194512,6925684
1787194812,6926595
1787195112,6912536
1787195412,6903172
1787195712,6896047
1787196012,6904729
1787196312,6898750
1787196612,6891783
1787196912,6902957
1787197212,6900352
1787197512,6906999
1787197812,6915572
1787198112,6912890
1787198412,6911460
1787198712,6916925
1787199012,6925448
1787199312,6929245
1787199612,6927815
1787199912,6925936
1787200212,6931303
1787200512,6919816
1787200812,6923908
1787201112,6929553
1787201412,6931938
1787201712,6945993
1787202012,6945231
1787202312,6944230
1787202612,6947511
1787202912,6942321
1787203212,6952171
1787203512,6957278
1787203812,6958574
1787204112,6955324
1787204412,6951049
1787204712,6951093
1787205012,6938383
1787205312,6934606
1787205612,6936221
1787205912,6933142
1787206212,6935065
1787206512,6934475
1787206812,6940678
1787207112,6959918
1787207412,6955203
1787207712,6961610
1787208012,6966984
1787208312,6973403
1787208612,6982291
1787208912,6981487
1787209212,6980812
1787209512,6978204
1787209812,6987890
1787210112,6977403
1787210412,6962549
1787210712,6960227
1787211012,6964885
1787211015,6964348
1787211316,6952399
1787211616,6951829
1787211916,6955679
1787212216,6960541
1787212516,6971810
1787212816,6976293
1787213116,6980550
1787213416,7035588
1787213716,7115409
1787214016,7127802
1787214316,7110645
1787214616,7128300
1787214916,7122724
1787215216,7137564
1787215516,7140893
1787215816,7160152
1787216116,7172265
1787216416,7155283
1787216716,7157076
1787217016,7172571
1787217316,7186390
1787217616,7186477
1787217916,7191952
1787218216,7182635
1787218516,7188967
1787218816,7187576
1787219116,7192868
1787219416,7187785
1787219716,7168272
1787220016,7169000
1787220316,7176790
1787220616,7179427
1787220916,7199578
1787221216,7229357
1787221516,7215251
1787221816,7201689
1787222116,7183690
1787222416,7182594
1787222716,7174855
1787223016,7183946
1787223316,7185799
1787223616,7189813
1787223916,7202495
1787224216,7190741
1787224516,7189118
1787224816,7185442
1787225116,7191132
1787225416,7185203
1787225721,7209313
1787226016,7218957
1787226316,7216272
1787226616,7218006
1787226916,7200724
1787227216,7185274
1787227516,7182305
1787227816,7158747
1787228116,7175267
1787228416,7168628
1787228716,7174213
1787229016,7178448
1787229316,7179692
1787229616,7174766
1787229916,7167522
1787230216,7153907
1787230516,7177930
1787230816,7188414
1787231116,7192414
1787231416,7198700
1787231716,7198004
1787232016,7193753
1787232316,7189097
1787232616,7185777
1787232916,7154617
1787233216,7129250
1787233516,7158041
1787233816,7147660
1787234116,7170370
1787234416,7163765
1787234716,7168972
1787235016,7178017
1787235316,7181737
1787235616,7158759
1787235916,7158068
1787236216,7144834
1787236516,7153614
1787236816,7149574
1787237116,7147687
1787237416,7145833
1787237716,7167903
1787238016,7171226
1787238316,7218044
1787238616,7211169
1787238916,7222511
1787239216,7216493
1787239516,7203213
1787239816,7230297
1787240116,7248875
1787240416,7220835
1787240716,7222955
1787241016,7230205
1787241316,7244693
1787241616,7243997
1787241916,7237635
1787242216,7244110
1787242516,7233061
1787242816,7230255
1787243116,7226926
1787243416,7236525
1787243716,7235388
1787244016,7240972
1787244316,7258470
1787244616,7255347
1787244916,7257675
1787245216,7278614
1787245516,7277699
1787245816,7268265
1787246116,7266776
1787246416,7263987
1787246716,7269790
1787247016,7277312
1787247316,7276368
1787247616,7277250
1787247916,7272754
1787248216,7274247
1787248516,7284322
1787248816,7277862
1787249116,7259751
1787249416,7254355
1787249716,7255547
1787250016,7260254
1787250316,7269257
1787250616,7267267
1787250916,7246442
1787251216,7248825
1787251516,7245015
1787251816,7249981
1787252116,7248056
1787252416,7242865
1787252716,7236170
1787253016,7242163
1787253316,7245300
1787253616,7252402
1787253916,7258196
1787254216,7257891
1787254516,7260330
1787254816,7265409
1787255116,7273386
1787255416,7262719
1787255716,7269395
1787256016,7264215
1787256326,7269330
1787256616,7270647
1787256916,7267466
1787257216,7266317
1787257516,7275018
1787257816,7282350
1787258116,7287375
1787258416,7282915
1787258716,7276599
1787259016,7272861
1787259316,7260479
1787259616,7264744
1787259916,7260951
1787260216,7259561
1787260516,7265359
1787260816,7273442
1787261116,7270661
1787261416,7266403
1787261716,7277655
1787262016,7278352
1787262316,7273280
1787262616,7271218
1787262916,7273236
1787263216,7272105
1787263516,7256827
1787263816,7262476
1787264116,7260606
1787264416,7260658
1787264716,7275305
1787265016,7276420
1787265316,7272852
1787265616,7273083
1787265916,7269389
1787266216,7269561
1787266516,7282665
1787266816,7267356
1787267116,7269530
1787267416,7280326
1787267716,7286882
1787268019,7293593
1787268316,7298040
1787268616,7326180
1787268916,7327611
1787269216,7309870
1787269516,7309344
1787269816,7308448
1787270116,7303685
1787270416,7301551
1787270716,7309594
1787271016,7323446
1787271316,7338681
1787271616,7352152
1787271916,7375739
1787272216,7376697
1787272516,7376385
1787272816,7361257
1787273116,7366950
1787273416,7370296
1787273716,7372765
1787274016,7368020
1787274316,7382537
1787274616,7388078
1787274916,7393922
1787275216,7455487
1787275516,7442035
1787275816,7470069
1787276116,7481245
1787276416,7458494
1787276716,7471988
1787277016,7548213
1787277316,7540012
1787277616,7513311
1787277916,7493186
1787278216,7495394
1787278516,7477531
1787278816,7472074
1787279116,7467238
1787279416,7488410
1787279716,7468169
1787280016,7476055
1787280316,7469256
1787280616,7447559
1787280916,7440874
1787281216,7439594
1787281516,7435761
1787281816,7429927
1787282116,7442003
1787282416,7441971
1787282716,7452805
1787283016,7457014
1787283316,7458879
1787283616,7444982
1787283916,7460628
1787284216,7476805
1787284516,7468513
1787284816,7453512
1787285116,7472570
1787285416,7480291
1787285716,7481347
1787286016,7484969
1787286316,7486545
1787286616,7478763
1787286916,7492030
1787287216,7491247
1787287516,7490214
1787287816,7497808
1787288116,7498886
1787288416,7498296
1787288716,7497083
1787289016,7509046
1787289316,7522513
1787289616,7537586
1787289916,7529024
1787290216,7517968
1787290516,7518747
1787290816,7527530
1787291116,7524566
1787291416,7522568
1787291716,7533823
1787292016,7538993
1787292316,7539377
1787292616,7539528
1787292916,7526974
1787293216,7530385
1787293516,7515588
1787293816,7533863
1787294116,7556461
1787294416,7558576
1787294716,7536982
1787295016,7546070
1787295316,7546591
1787295616,7558428
1787295916,7572984
1787296216,7581484
1787296516,7587139
1787296816,7649187
1787297116,7626942
1787297416,7634250
1787297716,7635014
1787298016,7641235
1787298316,7662142
1787298616,7642899
1787298916,7628846
1787299216,7621912
1787299516,7658378
1787299816,7675313
1787300116,7683602
1787300421,7710204
1787300716,7703339
1787301016,7714447
1787301316,7747537
1787301616,7749649
1787301916,7765680
1787302216,7794780
1787302516,7849340
1787302816,7910056
1787303116,7797130
1787303416,7768069
1787303716,7788760
1787304016,7763443
1787304316,7762537
1787304616,7768974
1787304921,7785709
1787305216,7786498
1787305516,7817024
1787305816,7820802
1787306116,7811860
1787306416,7781165
1787306716,7774969
1787307016,7773538
1787307316,7801296
1787307616,7818126
1787307916,7799422
1787308216,7784392
1787308516,7774970
1787308816,7772077
1787309116,7781427
1787309416,7787552
1787309716,7780306
1787310016,7782168
1787310316,7768254
1787310616,7772316
1787310916,7744860
1787311216,7738157
1787311516,7753750
1787311816,7737160
1787312116,7667155
1787312416,7697914
1787312721,7683769
1787313016,7667226
1787313316,7692445
1787313616,7676021
1787313916,7663919
1787314216,7679729
1787314516,7685509
1787314816,7682908
1787315116,7676009
1787315416,7670445
1787315716,7669695
1787316016,7703584
1787316316,7737069
1787316616,7733108
1787316916,7722866
1787317216,7717427
1787317516,7716068
1787317816,7723919
1787318116,7709462
1787318416,7693600
1787318716,7685707
1787319016,7702040
1787319316,7661438
1787319616,7678309
1787319916,7721785
1787320216,7738415
1787320516,7739994
1787320816,7718036
1787321116,7687219
1787321416,7698813
1787321716,7683036
1787322016,7674849
1787322316,7695806
1787322616,7707921
1787322921,7712089
1787323216,7694654
1787323516,7704462
1787323816,7727914
1787324116,7730803
1787324416,7733768
1787324716,7749216
1787325016,7760043
1787325316,7764427
1787325616,7758994
1787325916,7764183
1787326221,7765952
1787326516,7762562
1787326816,7759529
1787327116,7752040
1787327421,7738227
1787327716,7732343
1787328016,7719013
1787328321,7711458
1787328616,7696824
1787328916,7685398
1787329216,7707325
1787329516,7709341
1787329816,7729197
1787330116,7729230
1787330416,7725130
1787330716,7730696
1787331016,7743394
1787331316,7743505
1787331616,7747409
1787331921,7750350
1787332216,7761329
1787332516,7753026
1787332816,7741497
1787333116,7721982
1787333421,7748234
1787333716,7760052
1787334016,7753320
1787334316,7734289
1787334616,7741069
1787334916,7737570
1787335216,7739302
1787335516,7742737
1787335816,7737444
1787336116,7731906
1787336416,7734717
1787336716,7740666
1787337016,7739609
1787337316,7729166
1787337616,7715963
1787337921,7695236
1787338216,7669802
1787338516,7680827
1787338816,7707092
1787339116,7695148
1787339416,7700288
1787339716,7709950
1787340016,7705175
1787340316,7714595
1787340616,7728122
1787340916,7720255
1787341216,7718805
1787341516,7714497
1787341816,7718371
1787342116,7713634
1787342418,7701423
1787342716,7706501
1787343016,7708126
1787343316,7725362
1787343616,7742373
1787343916,7747456
1787344216,7745605
1787344516,7748735
1787344816,7738887
1787345116,7746608
1787345416,7738250
1787345716,7748619
1787346016,7747762
1787346316,7746073
1787346616,7741886
1787346916,7768507
1787347216,7766859
1787347516,7789078
1787347816,7810332
1787348116,7837765
1787348416,7807294
1787348716,7821276
1787349016,7829618
1787349316,7850758
1787349616,7848112
1787349916,7839180
1787350216,7864863
1787350516,7867799
1787350816,7858524
1787351116,7857590
1787351416,7849113
1787351716,7830413
1787352016,7845682
1787352316,7849936
1787352616,7833093
1787352916,7852343
1787353216,7845967
1787353516,7839415
1787353816,7849731
1787354116,7851848
1787354416,7864132
1787354716,7866447
1787355016,7842867
1787355316,7840584
1787355616,7826041
1787355916,7831139
1787356216,7825917
1787356516,7828565
1787356816,7831799
1787357116,7835048
1787357416,7785934
1787357716,7786100
1787358016,7802109
1787358316,7806579
1787358616,7800629
1787358916,7791962
1787359216,7793219
1787359516,7779278
1787359816,7780839
1787360116,7782913
1787360416,7792232
1787360716,7800658
1787361016,7809793
1787361316,7811937
1787361616,7801242
1787361916,7795231
1787362216,7801541
1787362516,7814824
1787362816,7806635
1787363116,7796130
1787363416,7789165
1787363716,7785913
1787364016,7792359
1787364316,7793772
1787364616,7800208
1787364916,7806469
1787365216,7813795
1787365516,7816359
1787365816,7834284
1787366116,7832027
1787366416,7831599
1787366716,7843903
1787367016,7833613
1787367316,7842603
1787367616,7845426
1787367916,7853758
1787368216,7858367
1787368516,7839168
1787368816,7854687
1787369116,7859339
1787369416,7872664
1787369716,7868379
1787370016,7868786
1787370316,7861059
1787370616,7856939
1787370916,7857459
1787371216,7843982
1787371516,7831055
1787371816,7829910
1787372116,7836588
1787372416,7825579
1787372716,7847032
1787373016,7854282
1787373316,7865046
1787373616,7870020
1787373916,7868632
1787374216,7855387
1787374516,7852256
1787374816,7846061
1787375116,7850147
1787375416,7807694
1787375716,7732126
1787376016,7708710
1787376316,7695321
1787376616,7724968
1787376916,7722228
1787377216,7720474
1787377516,7705917
1787377816,7735352
1787378116,7733557
1787378416,7738324
1787378716,7731709
1787379016,7727195
1787379316,7718826
1787379616,7719895
1787379916,7732957
1787380215,7723997
1787380516,7709163
1787380816,7745661
1787381116,7742642
1787381416,7744209
1787381716,7743959
1787382016,7745731
1787382316,7760488
1787382615,7746935
1787382916,7731812
1787383216,7725538
1787383516,7741074
1787383816,7744663
1787384116,7745769
1787384416,7741135
1787384716,7739941
1787385016,7733034
1787385316,7733340
1787385616,7728787
1787385916,7731381
1787386216,7730695
1787386516,7740640
1787386816,7733620
1787387116,7729116
1787387416,7720858
1787387716,7708934
1787388016,7712410
1787388316,7720098
1787388614,7715907
1787388915,7716766
1787389215,7716856
1787389515,7710106
1787389815,7715870
1787390115,7733522
1787390415,7729061
1787390715,7725987
1787391015,7718883
1787391315,7720052
1787391615,7717175
1787391916,7717775
1787392215,7695950
1787392515,7693639
1787392815,7702347
1787393115,7687924
1787393415,7680299
1787393715,7671208
1787394015,7671600
1787394315,7662708
1787394615,7687415
1787394915,7691551
1787395210,7702931
1787395511,7713869
1787395811,7704874
1787396111,7701580
1787396411,7694479
1787396711,7688649
1787397011,7691818
1787397311,7689142
1787397611,7682771
1787397911,7685571
1787398211,7695064
1787398516,7705804
1787398811,7713326
1787399111,7713657
1787399411,7711738
1787399711,7707372
1787400011,7711847
1787400311,7713148
1787400611,7722572
1787400911,7723467
1787401211,7724075
1787401511,7727184
1787401811,7731572
1787402111,7722017
1787402411,7723778
1787402711,7731821
1787403011,7734353
1787403311,7728868
1787403611,7730719
1787403916,7721592
1787404211,7723026
1787404511,7721915
1787404811,7715169
1787405111,7715462
1787405411,7717886
1787405711,7714127
1787405720,7714075
1787406021,7713486
1787406321,7714608
1787406621,7721973
1787406921,7729823
1787407221,7728233
1787407521,7722985
1787407821,7706185
1787408115,7704387
1787408416,7699146
1787408716,7700449
1787409016,7705974
1787409316,7712709
1787409616,7702209
1787409916,7696513
1787410216,7696411
1787410515,7694021
1787410816,7700028
1787411116,7701044
1787411416,7697843
1787411716,7694878
1787412016,7694261
1787412316,7694975
1787412616,7697725
1787412916,7706485
1787413216,7703697
1787413516,7703625
1787413816,7703030
1787414116,7694674
1787414416,7698187
1787414716,7700430
1787415016,7702553
1787415316,7702081
1787415616,7713362
1787415916,7719128
1787416216,7719435
1787416516,7718626
1787416816,7728899
1787417116,7738981
1787417416,7745029
1787417716,7733083
1787418016,7731340
1787418316,7727405
1787418616,7727576
1787418916,7727072
1787419216,7729017
1787419516,7728246
1787419811,7719690
1787420112,7716627
1787420115,7716509
1787420416,7714570
1787420716,7719482
1787421016,7726648
1787421316,7729032
1787421616,7727537
1787421916,7731536
1787422216,7727972
1787422516,7722842
1787422816,7726941
1787423116,7730855
1787423416,7730183
1787423716,7729555
1787424016,7726747
1787424316,7724344
1787424616,7719118
1787424916,7717257
1787425216,7724031
1787425516,7726570
1787425816,7723618
1787426116,7731412
1787426416,7730360
1787426716,7727378
1787427016,7728099
1787427316,7733223
1787427616,7736096
1787427916,7739927
1787428216,7743082
1787428516,7745290
1787428816,7743356
1787429116,7737587
1787429416,7741369
1787429716,7742508
1787430016,7736099
1787430316,7732633
1787430616,7730651
1787430916,7728455
1787431216,7732411
1787431516,7734905
1787431816,7734476
1787432116,7731616
1787432416,7729998
1787432716,7710866
1787433016,7713000
1787433316,7707207
1787433616,7717507
1787433916,7714698
1787434216,7717933
1787434516,7711762
1787434816,7700834
1787435116,7697307
1787435416,7695316
1787435716,7693777
1787436016,7687599
1787436316,7693965
1787436616,7709557
1787436916,7708881
1787437216,7708795
1787437516,7708448
1787437816,7706578
1787438116,7694324
1787507416,7723944
1787507430,7723625
1787507731,7724620
1787508031,7719625
1787508331,7717669
1787508631,7717551
1787508931,7735644
1787509231,7733497
1787509531,7730906
1787509831,7736046
1787510131,7731319
1787510431,7732884
1787510731,7732963
1787511031,7728905
1787511331,7728898
1787511631,7731790
1787511932,7733401
1787512231,7732712
1787512531,7728360
1787512831,7735737
1787513130,7736272
1787513431,7732477
1787513732,7731729
1787514031,7734777
1787514331,7740149
1787514631,7739058
1787514931,7738162
1787515232,7732752
1787515532,7723230
1787515831,7725134
1787516131,7726840
1787516431,7729575
1787516731,7735161
1787517031,7738342
1787517331,7739791
1787517631,7740669
1787517932,7740209
1787518231,7741011
1787518531,7740158
1787518831,7739986
1787519131,7761363
1787519431,7764159
1787519731,7767772
1787520031,7794763
1787520331,7791903
1787520631,7798660
1787520931,7794312
1787521231,7767522
1787521531,7762713
1787521831,7775355
1787522131,7778874
1787522432,7779585
1787522732,7772347
1787523031,7770452
1787523331,7766115
1787523631,7770397
1787523931,7776697
1787524231,7770736
1787524531,7766301
1787524831,7766061
1787525131,7764371
1787525431,7764117
1787525731,7763612
1787526031,7758085
1787526331,7747030
1787526631,7746289
1787526931,7743856
1787527231,7755480
1787527531,7749248
1787527831,7762348
1787528131,7769239
1787528431,7754261
1787528731,7748165
1787529031,7755108
1787529331,7762944
1787529631,7772652
1787529931,7764724
1787530231,7764105
1787530531,7764361
1787530831,7752430
1787531131,7748497
1787531431,7742430
1787531731,7744763
1787532031,7742645
1787532331,7727600
1787532631,7733308
1787532931,7748846
1787533231,7764251
1787533532,7762493
1787533831,7749266
1787534131,7745206
1787534431,7740808
1787534731,7731894
1787535031,7724187
1787535331,7734508
1787535631,7722721
1787535931,7720835
1787536231,7719917
1787536531,7719233
1787536831,7697346
1787537131,7697073
1787537432,7709426
1787537731,7733751
1787538031,7743454
1787538331,7743309
1787538631,7742923
1787538931,7749338
1787539231,7741643
1787539531,7743617
1787539831,7731518
1787540131,7738208
1787540431,7745282
1787540731,7734940
1787541031,7727573
1787541331,7722148
1787541631,7718771
1787541931,7721914
1787542231,7713451
1787542531,7710591
1787542831,7704560
1787543131,7699964
1787543432,7704026
1787543732,7698028
1787544031,7695264
1787544331,7703672
1787544631,7701016
1787544931,7704032
1787545231,7717721
1787545531,7720047
1787545831,7719965
1787546131,7718665
1787546431,7716524
1787546731,7710318
1787547031,7697765
1787547331,7679094
1787547631,7685572
1787547941,7693282
1787548231,7698934
1787548531,7711153
1787548831,7707447
1787549131,7706433
1787549431,7708144
1787549731,7695288
1787550031,7704087
1787550331,7713618
1787550631,7708361
1787550931,7706702
1787551231,7715930
1787551531,7709803
1787551831,7716683
1787552131,7738644
1787552431,7735927
1787552731,7734854
1787553031,7736550
1787553331,7727685
1787553631,7725089
1787553932,7731185
1787554231,7746469
1787554531,7744079
1787554831,7747316
1787555131,7747231
1787555431,7753363
1787555731,7774587
1787556031,7762102
1787556331,7762881
1787556631,7755213
1787556931,7746780
1787557231,7745639
1787557531,7735434
1787557831,7740386
1787558131,7729890
1787558431,7729809
1787558731,7727739
1787559031,7732999
1787559331,7723186
1787559631,7711647
1787559931,7697716
1787560231,7687906
1787560531,7701848
1787560831,7707044
1787561131,7708157
1787561431,7708672
1787561731,7707003
1787562031,7701921
1787562331,7713176
1787562631,7719360
1787562931,7725669
1787563231,7726941
1787563531,7726630
1787563832,7739278
1787564131,7740900
1787564431,7747059
1787564731,7745321
1787565031,7750420
1787565331,7754773
1787565631,7753055
1787565937,7761732
1787566231,7768340
1787566531,7779106
1787566831,7786033
1787567131,7782353
1787567431,7787744
1787567731,7796531
1787568031,7785636
1787568332,7771989
1787568631,7778775
1787568931,7761500
1787569231,7759357
1787569531,7753378
1787569831,7765459
1787570131,7777951
1787570431,7781637
1787570731,7783947
1787571015,7783054
1787571316,7804646
1787571616,7835253
1787571916,7850116
1787572216,7821565
1787572516,7816098
1787572816,7831228
1787573116,7823569
1787573416,7815637
1787573716,7814156
1787574016,7818203
1787574316,7838177
1787574616,7844389
1787574916,7850486
1787575216,7865293
1787575516,7874463
1787575816,7890512
1787576116,7905445
1787576417,7916463
1787576716,7902532
1787577016,7914360
1787577316,7920978
1787577616,7898571
1787577916,7895557
1787578216,7898855
1787578516,7875844
1787578816,7865384
1787579116,7828280
1787579416,7823353
1787579716,7822112
1787580016,7853496
1787580316,7869125
1787580616,7888177
1787580916,7911040
1787581216,7919175
1787581516,7932266
1787581816,7930772
1787582116,7965855
1787582416,7967278
1787582721,7962578
1787583016,7955668
1787583316,7934308
1787583616,7946215
1787583916,7953153
1787584216,7956202
1787584516,7960990
1787584816,7974377
1787585116,7983275
1787585416,7990939
1787585716,7985952
1787586016,7957572
1787586316,7930231
1787586616,7932337
1787586915,7919858
1787587216,7900237
1787587516,7924862
1787587816,7941599
1787588116,7945626
1787588130,7948031
1787588431,7978705
1787588731,7974675
1787589031,7972406
1787589331,7968493
1787589631,7959934
1787589931,7939786
1787590231,7933123
1787590531,7900288
1787590831,7905949
1787591131,7880781
1787591431,7904690
1787591731,7907836
1787592031,7903024
1787592331,7859826
1787592631,7859724
1787592931,7854561
1787593231,7877444
1787593531,7867280
1787593831,7872726
1787594131,7870794
1787594431,7877288
1787594711,7888280
1787595012,7881146
1787595312,7895418
1787595612,7900426
1787595911,7901394
1787596212,7902141
1787596512,7902875
1787596811,7884557
1787597112,7893338
1787597412,7901738
1787597712,7893976
1787598011,7892552
1787598312,7892738
1787598612,7887661
1787598912,7905269
1787599212,7882839
1787599512,7874847
1787599812,7886280
1787600112,7888621
1787600412,7890719
1787600712,7882116
1787601012,7877311
1787601312,7865002
1787601612,7873666
1787601912,7858432
1787602212,7874236
1787602512,7864713
1787602812,7868188
1787603111,7872680
1787603412,7865750
1787603712,7871951
1787604012,7891550
1787604312,7891251
1787604611,7888730
1787604912,7884429
1787605212,7890834
1787605512,7897974
1787605811,7897605
1787606112,7901743
1787606412,7891070
1787606712,7892659
1787607012,7889849
1787607312,7892020
1787607612,7894091
1787607911,7897703
1787608212,7901109
1787608511,7893825
1787608812,7896378
1787609112,7891505
1787609411,7890119
1787609712,7885415
1787610011,7887954
1787610311,7884350
1787610612,7876289
1787610912,7882290
1787611211,7887482
1787611511,7877265
1787611811,7879028
1787612111,7878483
1787612411,7873316
1787612711,7870560
1787613011,7873599
1787613312,7874205
1787613612,7877433
1787613912,7888044
1787614212,7889887
1787614512,7891144
1787614812,7891453
1787615112,7894935
1787615412,7891307
1787615712,7886047
1787616012,7896073
1787616311,7894503
1787616612,7897508
1787616911,7897561
1787617211,7876209
1787617511,7881886
1787617812,7877217
1787618111,7876379
1787618411,7893961
1787618711,7927347
1787619012,7959345
1787619312,7970282
1787619612,7975094
1787619916,7990802
1787620211,7978342
1787620511,7965375
1787620812,7970832
1787621112,7972000
1787621412,7984675
1787621711,7972669
1787622012,7980775
1787622312,7972298
1787622611,7969253
1787622911,7957332
1787623212,7977716
1787623512,7983033
1787623812,7977392
1787624112,7983349
1787624411,8072880
1787624711,8069797
1787625012,8095659
1787625312,8083787
1787625612,8092589
1787625912,8092243
1787626212,8072380
1787626512,8064329
1787626812,8064124
1787627112,8075829
1787627412,8087266
1787627712,8081684
1787628011,8072666
1787628312,8068795
1787628612,8062466
1787628912,8075907
1787629212,8081170
1787629512,8061483
1787629812,8046818
1787630112,8057830
1787630411,8043709
1787630712,8047627
1787631012,8038465
1787631312,8046228
1787631612,8031548
1787631912,8033991
1787632211,8023972
1787632512,8029962
1787632812,8031766
1787633112,8021225
1787633412,8026544
1787633712,8025270
1787634012,8029559
1787634312,8043789
1787634612,8053279
1787634911,8053046
1787635212,8052522
1787635512,8051808
1787635812,8062883
1787636112,8074945
1787636412,8074850
1787636712,8070470
1787637012,8072566
1787637312,8069741
1787637612,8071575
1787637912,8071415
1787638212,8071883
1787638512,8075559
1787638812,8079147
1787639112,8076311
1787639412,8076647
1787639712,8068402
1787640012,8053955
1787640312,8051440
1787640612,8050190
1787640911,8044951
1787641211,8049494
1787641512,8067720
1787641811,8072088
1787642112,8070386
1787642411,8063730
1787642712,8061748
1787643012,8064732
1787643312,8059290
1787643612,8051691
1787643912,8048063
1787644212,8000267
1787644215,8003938
1787644516,7966062
1787644816,7971016
1787645116,7977785
1787645416,7981715
1787645716,7990493
1787646016,7999016
1787646316,8007983
1787646616,8017047
1787646916,8014880
1787647216,8003610
1787647516,8004107
1787647816,7992166
1787648116,7987313
1787648416,7990613
1787648716,7973737
1787649016,7976328
1787649316,7982186
1787649616,7983065
1787649916,7989147
1787650216,7979128
1787650516,7986897
1787650816,7982395
1787651116,7978326
1787651416,7960890
1787651716,7907177
1787652016,7911186
1787652316,7909866
1787652616,7919153
1787652916,7927932
1787653216,7930314
1787653516,7931034
1787653816,7927696
1787654116,7926925
1787654416,7924927
1787654716,7929563
1787655016,7938984
1787655316,7937837
1787655616,7933430
1787655916,7926983
1787656216,7933393
1787656516,7913113
1787656816,7916390
1787657116,7926297
1787657416,7923364
1787657716,7931437
1787658016,7938912
1787658316,7920416
1787658616,7911866
1787658916,7907541
1787659216,7914225
1787659516,7903553
1787659816,7877753
1787660116,7903222
1787660416,7893209
1787660716,7880266
1787661016,7879963
1787661316,7892224
1787661616,7892534
1787661916,7893348
1787662216,7902162
1787662516,7903208
1787662816,7898423
1787663116,7902982
1787663416,7887808
1787663716,7880005
1787664016,7869887
1787664316,7867335
1787664616,7862278
1787664916,7888402
1787665216,7911300
1787665516,7873210
1787665816,7849673
1787666116,7828591
1787666416,7855454
1787666716,7869597
1787667016,7886047
1787667316,7899658
1787667616,7897185
1787667916,7907247
1787668216,7918457
1787668516,7925833
1787668816,7917191
1787669116,7913915
1787669416,7921712
1787669716,7925647
1787670016,7922631
1787670316,7918880
1787670616,7929794
1787670916,7911331
1787671216,7920003
1787671516,7919859
1787671816,7916131
1787672116,7927311
1787672416,7939916
1787672716,7937994
1787673016,7932709
1787673316,7933225
1787673616,7948867
1787673916,7952189
1787674216,7938438
1787674516,7919454
1787674811,7923575
1787675112,7911994
1787675412,7912357
1787675711,7930021
1787676011,7923350
1787676311,7928228
1787676611,7927774
1787676911,7916738
1787677218,7913850
1787677511,7908638
1787677812,7896318
1787678111,7894101
1787678412,7896941
1787678711,7886911
1787679011,7881640
1787679312,7900006
1787679612,7904809
1787679911,7913960
1787680212,7919717
1787680511,7918950
1787680811,7921513
1787681112,7924263
1787681411,7924588
1787681711,7929942
1787682011,7926938
1787682311,7927211
1787682612,7926371
1787682912,7916942
1787683212,7913599
1787683511,7915241
1787683811,7921013
1787684112,7909359
1787684411,7910275
1787684711,7909822
1787685011,7906279
1787685312,7912130
1787685611,7920325
1787685913,7915555
1787686211,7893693
1787686512,7885927
1787686812,7888525
1787687111,7877151
1787687411,7877155
1787687712,7890377
1787688011,7892809
1787688312,7882525
1787688612,7884278
1787688912,7884515
1787689212,7893686
1787689511,7891879
1787689812,7878059
1787690111,7873859
1787690412,7866929
1787690711,7844958
1787691011,7822579
1787691312,7828316
1787691611,7820272
1787691911,7819246
1787692212,7798866
1787692511,7823489
1787692812,7839416
1787693111,7835676
1787693411,7840221
1787693711,7843884
1787694011,7855308
1787694311,7857892
1787694611,7859686
1787694911,7859149
1787695211,7858150
1787695511,7868122
1787695811,7880319
1787696111,7890653
1787696411,7889607
1787696711,7884029
1787697011,7863642
1787697311,7879547
1787697611,7880155
1787697911,7878251
1787698211,7884597
1787698511,7888934
1787698811,7888663
1787699111,7893000
1787699411,7883436
1787699711,7889963
1787700011,7886672
1787700311,7871693
1787700611,7868101
1787700911,7872182
1787701211,7867075
1787701511,7856324
1787701812,7848053
1787702111,7846856
1787702411,7853868
1787702711,7851786
1787703011,7841132
1787703311,7837449
1787703611,7850631
1787703911,7852305
1787704211,7856125
1787704511,7859496
1787704811,7842704
1787705111,7841022
1787705411,7847509
1787705711,7867329
1787706011,7865697
1787706312,7874431
1787706611,7882494
1787706911,7876466
1787707211,7883786
1787707511,7882204
1787707811,7872499
1787708111,7887802
1787708411,7889503
1787708711,7886440
1787709011,7882355
1787709311,7878722
1787709611,7878880
1787709911,7882531
1787710211,7875120
1787710511,7877305
1787710811,7889943
1787711111,7893028
1787711411,7920108
1787711711,7919199
1787712011,7916403
1787712311,7914661
1787712611,7912271
1787712911,7907577
1787713211,7910537
1787713511,7908669
1787713811,7904406
1787714111,7906095
1787714411,7900044
1787714711,7908629
1787715011,7904560
1787715311,7896161
1787715611,7903441
1787715911,7904202
1787716211,7895412
1787716511,7901943
1787716815,7907039
1787717112,7898384
1787717411,7906261
1787717711,7903466
1787718011,7906328
1787718311,7905657
1787718611,7901921
1787718911,7894944
1787719211,7895295
1787719511,7896812
1787719811,7885110
1787720111,7885681
1787720411,7881732
1787720711,7878232
1787721011,7874897
1787721311,7889480
1787721611,7878439
1787721911,7893207
1787722211,7898480
1787722510,7907659
1787722811,7905168
1787723111,7909028
1787723411,7904788
1787723711,7897791
1787724011,7903967
1787724311,7907391
1787724611,7915147
1787724911,7899960
1787725211,7894664
1787725511,7889408
1787725811,7889699
1787726111,7889244
1787726411,7884312
1787726711,7892400
1787727011,7888910
1787727311,7889924
1787727611,7891960
1787727911,7893958
1787728211,7899508
1787728511,7895938
1787728811,7896225
1787729111,7896166
1787729411,7896976
1787729711,7893827
1787730011,7899539
1787730311,7899287
1787730611,7897855
1787730911,7899130
1787731211,7893153
1787731511,7887016
1787731811,7895901
1787732111,7906007
1787732411,7900445
1787732711,7894906
1787733011,7898351
1787733311,7895342
1787733611,7890455
1787733911,7896123
1787734211,7890547
1787734511,7876261
1787734811,7865853
1787735111,7880569
1787735411,7881438
1787735711,7876607
1787736011,7851452
1787736311,7840549
1787736611,7848441
1787736911,7854480
1787737211,7849670
1787737511,7837514
1787737811,7836266
1787738111,7840621
1787738411,7843312
1787738711,7833534
1787739011,7834006
1787739311,7839219
1787739611,7850602
1787739911,7853745
1787740211,7861069
1787740511,7862011
1787740811,7866592
1787741111,7870570
1787741411,7875207
1787741711,7876643
1787742011,7870840
1787742311,7872888
1787742611,7868075
1787742911,7868016
1787743211,7866697
1787743511,7866812
1787743811,7861753
1787744111,7856695
1787744115,7856695
1787744416,7839010
1787744716,7845575
1787745016,7839014
1787745311,7848793
1787745612,7848334
1787745912,7849180
1787746212,7840921
1787746230,7841019
1787746536,7839582
1787746831,7837835
1787747131,7854497
1787747431,7856199
1787747731,7845168
1787748031,7823078
1787748331,7830005
1787748631,7827217
1787748931,7831035
1787749230,7834199
1787749531,7828242
1787749831,7811641
1787750131,7807755
1787750431,7811877
1787750731,7805484
1787751031,7806787
1787751331,7823560
1787751631,7838932
1787751931,7847299
1787752231,7838276
1787752531,7818921
1787752831,7834429
1787753131,7852244
1787753431,7854942
1787753731,7850974
1787754031,7852355
1787754331,7847678
1787754631,7823019
1787754931,7817474
1787755207,7816045
1787755508,7800752
1787755808,7790838
1787756108,7782840
1787756408,7781259
1787756708,7767857
1787757008,7790688
1787757308,7784447
1787757608,7776036
1787757908,7792416
1787758208,7812389
1787758508,7799116
1787758808,7799390
1787759108,7806325
1787759408,7810128
1787759708,7804635
1787760008,7804840
1787760308,7804551
1787760608,7811864
1787760908,7807496
1787761208,7803188
1787761508,7805249
1787761808,7803406
1787762108,7806988
1787762408,7800482
1787762708,7790390
1787763008,7805753
1787763308,7803083
1787763608,7798947
1787763908,7803109
1787764208,7809875
1787764508,7811233
1787764808,7824151
1787765108,7829721
1787765408,7846701
1787765708,7855832
1787766008,7853126
1787766308,7853244
1787766608,7840753
1787766908,7844732
1787767213,7842846
1787767508,7847529
1787767808,7849616
1787768108,7858680
1787768408,7854929
1787768708,7852328
1787769008,7846238
1787769308,7843719
1787769608,7839033
1787769908,7830309
1787770208,7838088
1787770508,7843016
1787770808,7846435
1787771108,7846659
1787771408,7840818
1787771708,7838981
1787772008,7840103
1787772308,7832613
1787772608,7853358
1787772908,7850729
1787773208,7842945
1787773508,7841484
1787773808,7847094
1787774108,7848640
1787774408,7845293
1787774708,7845798
1787775008,7849977
1787775308,7844282
1787775608,7841555
1787775908,7828619
1787776208,7836383
1787776508,7835107
1787776808,7834751
1787777108,7840787
1787777413,7839244
1787777708,7840737
1787778008,7844334
1787778308,7841344
1787778608,7856100
1787778908,7871369
1787779208,7877002
1787779508,7876272
1787779808,7873858
1787780108,7871871
1787780408,7877407
1787780708,7873871
1787781008,7869040
1787781308,7874870
1787781608,7874982
1787781908,7882496
1787782208,7881357
1787782508,7876901
1787782808,7885569
1787783108,7888512
1787783408,7883134
1787783708,7874201
1787784008,7864079
1787784308,7865664
1787784608,7864863
1787784908,7859023
1787785208,7866420
1787785508,7874230
1787785808,7868304
1787786108,7869304
1787786408,7871934
1787786708,7872984
1787787008,7884425
1787787308,7889682
1787787608,7895229
1787787908,7902275
1787788208,7905876
1787788508,7906058
1787788808,7904547
1787789108,7892788
1787789408,7895032
1787789708,7886703
1787790008,7886751
1787790308,7888174
1787790608,7886125
1787790908,7886116
1787791208,7882178
1787791508,7886502
1787791808,7878912
1787792108,7874204
1787792408,7870437
1787792708,7871424
1787793008,7872260
1787793308,7870360
1787793608,7864973
1787793908,7874447
1787794208,7891972
1787794508,7885677
1787794808,7887115
1787795108,7873573
1787795408,7890544
1787795708,7895347
1787796008,7893503
1787796308,7892921
1787796608,7893054
1787796908,7887297
1787797208,7882419
1787797508,7878267
1787797808,7875220
1787798108,7877751
1787798408,7874561
1787798708,7873516
1787799008,7873726
1787799308,7874846
1787799608,7871784
1787799908,7871564
1787800208,7873946
1787800508,7867800
1787800808,7870847
1787801108,7886828
1787801408,7889548
1787801708,7885897
1787802008,7884211
1787802308,7886588
1787802608,7883769
1787802908,7879207
1787803208,7881312
1787803508,7884517
1787803808,7882795
1787804108,7884295
1787804408,7886763
1787804708,7883128
1787805008,7878714
1787805308,7871491
1787805608,7871879
1787805908,7878103
1787806208,7873419
1787806508,7871121
1787806808,7874859
1787807108,7872570
1787807408,7869455
1787807708,7865588
1787808008,7862372
1787808308,7866831
1787808608,7868612
1787808908,7862691
1787809208,7866765
1787809508,7869857
1787809808,7877856
1787810108,7884863
1787810408,7885389
1787810708,7880427
1787811008,7879954
1787811308,7868959
1787811608,7870038
1787811908,7871344
1787812208,7863686
1787812508,7871355
1787812808,7874058
1787813108,7872970
1787813408,7877228
1787813708,7878856
1787814008,7881384
1787814308,7876860
1787814608,7876615
1787814908,7880092
1787815208,7880982
1787815508,7880251
1787815808,7877574
1787816108,7884108
1787816408,7885607
1787816708,7885453
1787817008,7884968
1787817308,7896702
1787817608,7907183
1787817908,7934878
1787818208,7959611
1787818508,7961335
1787818808,7950109
1787819108,7956229
1787819408,7968084
1787819708,7984417
1787820008,7977666
1787820308,7992603
1787820608,7983622
1787820908,7979568
1787821208,7975045
1787821508,7974771
1787821808,7980787
1787822108,7985293
1787822408,7989827
1787822708,8005417
1787823008,8043703
1787823308,8026174
1787823608,8028058
1787823908,8023927
1787824208,8024338
1787824508,8007547
1787824808,7998169
1787825108,7999817
1787825408,8013311
1787825708,7993612
1787826008,7995573
1787826308,7984724
1787826608,7962425
1787826908,7964858
1787827208,7946265
1787827508,7960567
1787827808,7952648
1787828108,7959324
1787828408,7959212
1787828708,7966846
1787829008,7969219
1787829308,7969204
1787829608,7967030
1787829908,7973319
1787830208,7953505
1787830508,7950250
1787830808,7943438
1787831108,7942540
1787831408,7942562
1787831708,7941885
1787832008,7947810
1787832308,7945901
1787832608,7940267
1787832908,7947907
1787833208,7943031
1787833508,7951272
1787833808,7956250
1787834108,7943734
1787834408,7931465
1787834708,7928821
1787835008,7928133
1787835308,7928476
1787835608,7928686
1787835908,7929543
1787836208,7932515
1787836508,7933204
1787836808,7932760
1787837108,7937643
1787837408,7938185
1787837708,7914505
1787838008,7922947
1787838308,7924677
1787838608,7910237
1787838908,7929780
1787839208,7949612
1787839508,7963155
1787839808,7954842
1787840108,7942929
1787840408,7961794
1787840708,7982062
1787841008,7984000
1787841308,7990812
1787841608,8018228
1787841908,8035884
1787842208,8009717
1787842508,8010697
1787842808,8020038
1787843108,8022368
1787843408,8025974
1787843708,8051925
1787844008,8065154
1787844308,8049850
1787844608,8062275
1787844908,8046427
1787845208,8046869
1787845508,8055075
1787845808,8034935
1787846108,8038902
1787846408,8036310
1787846708,8037886
1787847008,8023831
1787847308,8047915
1787847608,8048240
1787847908,8049749
1787848208,8048258
1787848508,8037141
1787848808,8037967
1787849108,8053395
1787849408,8044861
1787849708,8048750
1787850008,8040402
1787850308,8029741
1787850608,8047396
1787850908,8059970
1787851208,8077375
1787851508,8074345
1787851808,8077063
1787852108,8074125
1787852408,8067619
1787852708,8053506
1787853008,8049290
1787853308,8050309
1787853608,8046865
1787853908,8038902
1787854208,8039383
1787854508,8011152
1787854808,7993436
1787855108,7993211
1787855408,7993851
1787855708,7989556
1787856008,7999175
1787856308,7995247
1787856608,8000175
1787856908,8001470
1787857208,8011663
1787857508,8020091
1787857808,8026836
1787858108,8021688
1787858408,8017184
1787858708,8014785
1787859008,8014098
1787859308,8015925
1787859608,8003437
1787859908,8001215
1787860208,8000558
1787860508,8003346
1787860808,7995251
1787861108,7990707
1787861408,8001721
1787861708,7998155
1787862008,7999369
1787862308,8006377
1787862608,8001125
1787862908,8000274
1787863208,8000558
1787863508,8002913
1787863808,8000338
1787864108,7999579
1787864408,8007759
1787864708,8006875
1787865008,8010499
1787865308,8012055
1787865608,8004619
1787865908,8008902
1787866208,8005939
1787866508,8011935
1787866808,8007299
1787867108,8002545
1787867408,8009579
1787867708,8010763
1787868008,8017878
1787868308,8027354
1787868608,8026838
1787868908,8026738
1787869208,8040515
1787869508,8036090
1787869808,8025197
1787870108,8028601
1787870408,8023892
1787870708,8029108
1787871008,8026633
1787871308,8027201
1787871608,8030001
1787871908,8028897
1787872208,8024842
1787872508,8021337
1787872808,8027971
1787873108,8038271
1787873408,8033914
1787873708,8030299
1787874008,8030199
1787874308,8029831
1787874608,8025532
1787874908,8030234
1787875208,8026786
1787875508,8019765
1787875808,8019314
1787876108,8025967
1787876408,8040342
1787876708,8043191
1787877008,8044404
1787877308,8046177
1787877608,8050836
1787877908,8043086
1787878208,8042416
1787878508,8046277
1787878808,8061770
1787879108,8077748
1787879408,8076999
1787879708,8077728
1787880008,8092073
1787880308,8105079
1787880608,8111747
1787880908,8120105
1787881208,8092780
1787881508,8088896
1787881808,8073408
1787882108,8063046
1787882408,8049283
1787882708,8038177
1787883008,8041036
1787883308,8030152
1787883608,8011397
1787883908,8002100
1787884208,7997649
1787884508,7999594
1787884808,8012016
1787885108,8002976
1787885408,7991599
1787885708,7989936
1787886008,7994462
1787886308,7990389
1787886608,7984036
1787886908,7993885
1787887208,7996593
1787887508,8003679
1787887808,7994301
1787888108,7993591
1787888408,7986730
1787888708,7984082
1787889008,7983880
1787889308,7985280
1787889608,7983325
1787889908,7979897
1787890208,7969208
1787890508,7984893
1787890808,7993982
1787891108,7985612
1787891408,7982418
1787891708,7972870
1787892008,7966730
1787892308,7972176
1787892608,7968831
1787892908,7967547
1787893208,7965172
1787893508,7966116
1787893808,7962340
1787894108,7960577
1787894408,7966118
1787894708,7960990
1787895008,7969516
1787895308,7979507
1787895608,7984466
1787895908,7981094
1787896208,7986392
1787896508,7981636
1787896808,7968355
1787897108,7982886
1787897408,7987261
1787897708,7989437
1787898008,7988322
1787898308,7985797
1787898608,7984360
1787898908,7983253
1787899208,7986935
1787899508,7985689
1787899515,7985690
1787899816,7994761
1787900121,7997726
1787900416,7992466
1787900716,7983804
1787901016,7969666
1787901316,7969930
1787901616,7972754
1787901916,7971497
1787902216,7979738
1787902516,7975590
1787902816,7969792
1787903116,7961911
1787903416,7965164
1787903716,7965407
1787904016,7967319
1787904315,7976397
1787904616,7979504
1787904916,7976131
1787905216,7982348
1787905516,7980868
1787905816,7979394
1787906116,7979385
1787906416,7976453
1787906716,7974516
1787907016,7956628
1787907316,7957725
1787907616,7951334
1787907916,7936381
1787908216,7943230
1787908516,7940891
1787908816,7942426
1787909116,7943638
1787909416,7939516
1787909717,7937843
1787910016,7939791
1787910316,7932896
1787910616,7928853
1787910916,7933143
1787911216,7929718
1787911516,7922779
1787911816,7906948
1787912116,7921635
1787912416,7918818
1787912716,7918216
1787913016,7926639
1787913316,7934827
1787913616,7934670
1787913916,7933874
1787914216,7938772
1787914516,7942813
1787914816,7955160
1787915116,7966009
1787915417,7967000
1787915717,7967329
1787916017,7968832
1787916317,7973654
1787916617,7967705
1787916917,7971362
1787917217,7960225
1787917517,7962365
1787917817,7962876
1787918117,7958884
1787918417,7959853
1787918717,7960949
1787919017,7959898
1787919317,7952711
1787919617,7963808
1787919917,7962467
1787920217,7953543
1787920517,7947856
1787920816,7941145
1787921117,7938236
1787921416,7941293
1787921716,7938937
1787922016,7940374
1787922316,7945082
1787922616,7933390
1787922916,7936110
1787923216,7936195
1787923516,7928448
1787923816,7921970
1787924116,7931821
1787924416,7921484
1787924716,7909265
1787925016,7921899
1787925317,7933782
1787925616,7949161
1787925917,7890506
1787926217,7886844
1787926516,7860041
1787926816,7880953
1787927117,7883292
1787927416,7877506
1787927716,7919522
1787928016,7954737
1787928316,7941915
1787928617,7922820
1787928916,7947209
1787929216,7953638
1787929516,7948805
1787929816,7938631
1787930116,7933556
1787930416,7943350
1787930716,7938996
1787931016,7933080
1787931316,7920773
1787931616,7917877
1787931916,7884938
1787932217,7873747
1787932516,7856532
1787932816,7839102
1787933117,7808621
1787933416,7815141
1787933716,7786630
1787934016,7763186
1787934316,7722374
1787934616,7746438
1787934916,7771851
1787935216,7787703
1787935517,7783397
1787935816,7794254
1787936116,7784377
1787936417,7783830
1787936716,7775505
1787937016,7781131
1787937317,7797326
1787937616,7801789
1787937916,7796622
1787938216,7794692
1787938526,7795556
1787938816,7775533
1787939117,7777572
1787939417,7795333
1787939717,7790808
1787940017,7788435
1787940317,7788757
1787940616,7780127
1787940916,7775296
1787941216,7770036
1787941516,7752530
1787941816,7758272
1787942116,7753262
1787942417,7739084
1787942716,7742096
1787943016,7729085
1787943316,7745637
1787943616,7752292
1787943916,7755151
1787944217,7767259
1787944516,7765663
1787944816,7766400
1787945117,7771729
1787945416,7771211
1787945716,7763351
1787946016,7763265
1787946316,7755560
1787946616,7740397
1787946916,7743303
1787947217,7753967
1787947517,7751223
1787947817,7751190
1787948117,7753788
1787948417,7747019
1787948717,7748133
1787949016,7749505
1787949316,7733571
1787949616,7737440
1787949916,7741005
1787950216,7741730
1787950517,7737381
1787950816,7739604
1787951116,7736108
1787951416,7737077
1787951716,7738136
1787952016,7738796
1787952316,7736202
1787952616,7740150
1787952916,7749063
1787953216,7751565
1787953516,7746575
1787953816,7739073
1787954117,7736165
1787954416,7733925
1787954716,7736559
1787955016,7741888
1787955316,7745037
1787955616,7743319
1787955916,7745733
1787956216,7757360
1787956516,7759302
1787956816,7767561
1787957116,7771974
1787957417,7774998
1787957716,7774830
1787958016,7772499
1787958316,7769546
1787958617,7769927
1787958916,7774659
1787959216,7769921
1787959516,7767986
1787959816,7768913
1787960116,7769839
1787960416,7769126
1787960716,7768760
1787961016,7764644
1787961316,7773014
1787961616,7782554
1787961916,7782048
1787962216,7786144
1787962516,7782628
1787962817,7786563
1787963116,7789296
1787963416,7792526
1787963716,7780021
1787964016,7779826
1787964316,7778600
1787964616,7775556
1787964916,7775311
1787965216,7773525
1787965516,7770047
1787965816,7767874
1787966116,7766355
1787966416,7768304
1787966716,7773928
1787967016,7777508
1787967316,7780865
1787967616,7777266
1787967916,7782426
1787968216,7780575
1787968516,7780949
1787968816,7779067
1787969116,7779376
1787969416,7779538
1787969716,7776724
1787970016,7768757
1787970316,7760767
1787970616,7762116
1787970916,7763324
1787971216,7766170
1787971516,7762356
1787971816,7763857
1787972117,7767683
1787972416,7767085
1787972716,7771244
1787973016,7769538
1787973316,7769582
1787973616,7765523
1787973916,7766984
1787974216,7768639
1787974516,7765535
1787974816,7760747
1787975116,7763046
1787975416,7758695
1787975716,7755245
1787976016,7751489
1787976316,7756326
1787976616,7756459
1787976916,7758438
1787977216,7759473
1787977516,7760838
1787977816,7760799
1787978116,7759087
1787978416,7761647
1787978716,7761510
1787979016,7762529
1787979316,7764434
1787979616,7764228
1787979916,7766197
1787980216,7767547
1787980516,7770061
1787980816,7769344
1787981116,7766684
1787981416,7766491
1787981716,7764990
1787982016,7769618
1787982316,7769039
1787982616,7768220
1787982916,7763413
1787983216,7763308
1787983517,7757921
1787983816,7757016
1787984116,7749771
1787984416,7748702
1787984716,7740338
1787985016,7740583
1787985316,7745614
1787985616,7743333
1787985916,7745438
1787986216,7746080
1787986516,7743843
1787986816,7745707
1787987116,7751633
1787987417,7744547
1787987716,7747099
1787988016,7750909
1787988317,7750830
1787988616,7752347
1787988916,7753674
1787989216,7759968
1787989516,7764213
1787989810,7763082
1787990111,7763096
1787990411,7764613
1787990711,7750116
1787991011,7750785
1787991311,7752487
1787991611,7752314
1787991911,7755108
1787992211,7758374
1787992511,7753312
1787992811,7754572
1787993111,7757878
1787993411,7757977
1787993711,7758446
1787994011,7762173
1787994311,7763678
1787994611,7760900
1787994911,7763945
1787995211,7765588
1787995511,7763442
1787995811,7763068
1787996111,7765299
1787996411,7770426
1787996711,7768345
1787997011,7765464
1787997311,7767035
1787997611,7766063
1787997911,7760764
1787998211,7754582
1787998511,7757272
1787998811,7769581
1787999111,7767807
1787999411,7767141
1787999711,7766946
1788000011,7769856
1788000311,7768993
1788000616,7772180
1788000911,7771675
1788001211,7769331
1788001511,7763652
1788001811,7763832
1788002111,7770511
1788002411,7770985
1788002711,7768465
1788003012,7768697
1788003311,7768146
1788003611,7767758
1788003911,7764266
1788004211,7765294
1788004511,7763233
1788004811,7757528
1788005111,7758807
1788005411,7759426
1788005711,7758768
1788006011,7763274
1788006311,7760596
1788006611,7757261
1788006911,7753910
1788007211,7756721
1788007511,7757447
1788007811,7758030
1788008111,7755883
1788008411,7758055
1788008712,7758346
1788009011,7759271
1788009311,7763643
1788009611,7767190
1788009911,7768304
1788010211,7767024
1788010511,7764978
1788010812,7768938
1788011111,7766119
1788011411,7769136
1788011711,7769914
1788012011,7770591
1788012311,7770155
1788012611,7770128
1788012911,7768551
1788013211,7768761
1788013511,7771774
1788013811,7771052
1788014111,7769569
1788014411,7772847
1788014711,7793230
1788015011,7806805
1788015311,7799384
1788015611,7801782
1788015916,7788759
1788016218,7792749
1788016517,7794049
1788016812,7790743
1788017111,7794888
1788017411,7790819
1788017711,7784994
1788018011,7786683
1788018311,7785357
1788018611,7792009
1788018911,7787353
1788019211,7784801
1788019511,7789370
1788019811,7793790
1788020111,7797207
1788020411,7802761
1788020711,7794692
1788021011,7793368
1788021311,7798539
1788021611,7797119
1788021911,7800233
1788022216,7802767
1788022512,7805048
1788022811,7800978
1788023111,7805852
1788023411,7803154
1788023711,7803936
1788024011,7807988
1788024311,7801288
1788024617,7799500
1788024911,7795415
1788025211,7796218
1788025511,7800476
1788025811,7804243
1788026111,7803402
1788026411,7804746
1788026711,7809608
1788027011,7808754
1788027311,7807213
1788027611,7805920
1788027911,7808396
1788028211,7806711
1788028511,7807531
1788028811,7817273
1788029111,7814086
1788029411,7821644
1788029711,7821121
1788030011,7816455
1788030311,7820491
1788030611,7824507
1788030911,7829522
1788031211,7829353
1788031511,7826317
1788031811,7824538
1788032111,7822431
1788032411,7820917
1788032711,7824675
1788033011,7824883
1788033311,7822947
1788033611,7817644
1788033911,7825387
1788034211,7824638
1788034511,7822529
1788034811,7825172
1788035111,7820718
1788035411,7818945
1788035711,7812341
1788036011,7813559
1788036311,7813730
1788036611,7813349
1788036911,7814184
1788037217,7812569
1788037511,7806451
1788037811,7813454
1788038111,7816616
1788038411,7817256
1788038711,7815409
1788039011,7810261
1788039311,7810990
1788039611,7808615
1788039911,7808931
1788040211,7814726
1788040512,7818140
1788040811,7816030
1788041111,7817222
1788041411,7820191
1788041711,7812982
1788042011,7809526
1788042311,7809916
1788042611,7813013
1788042911,7814615
1788043211,7816109
1788043511,7816993
1788043811,7818605
1788044111,7819543
1788044411,7821819
1788044711,7822685
1788045011,7821369
1788045311,7822842
1788045611,7824421
1788045911,7821133
1788046211,7824680
1788046511,7824781
1788046811,7825545
1788047111,7823407
1788047411,7826927
1788047711,7823994
1788048011,7823431
1788048311,7820796
1788048611,7819618
1788048911,7816588
1788049211,7826010
1788049511,7821026
1788049811,7821841
1788050111,7820719
1788050411,7824184
1788050711,7820873
1788051011,7822183
1788051311,7821370
1788051611,7819374
1788051911,7817579
1788052211,7811290
1788052511,7807636
1788052811,7801266
1788053111,7804004
1788053411,7800890
1788053711,7800699
1788054011,7804315
1788054311,7804747
1788054611,7809853
1788054911,7807637
1788055211,7806586
1788055511,7811033
1788055811,7807499
1788056111,7808172
1788056411,7806416
1788056711,7804889
1788057011,7803010
1788057311,7802993
1788057611,7804875
1788057911,7809406
1788058211,7809345
1788058511,7815484
1788058811,7811721
1788059111,7810296
1788059411,7807611
1788059711,7807617
1788060011,7807040
1788060311,7807484
1788060611,7812132
1788060911,7819997
1788061211,7817816
1788061511,7819706
1788061811,7816116
1788062111,7814209
1788062411,7814293
1788062711,7819796
1788063011,7815662
1788063311,7815486
1788063611,7814566
1788063911,7810155
1788064211,7813271
1788064511,7809683
1788064811,7805800
1788065111,7802630
1788065411,7800383
1788065711,7805342
1788066011,7809415
1788066311,7816747
1788066611,7816646
1788066911,7814553
1788067211,7813379
1788067511,7813795
1788067811,7814162
1788068111,7813527
1788068411,7812373
1788068711,7812582
1788069011,7813028
1788069311,7812318
1788069611,7812641
1788069911,7812094
1788070211,7811881
1788070511,7811115
1788070811,7812956
1788071111,7816884
1788071411,7817991
1788071711,7818444
1788072011,7822951
1788072311,7823227
1788072611,7826548
1788072911,7825516
1788073211,7826988
1788073511,7826479
1788073811,7825243
1788074111,7825330
1788074411,7823710
1788074711,7822579
1788075011,7822463
1788075311,7818500
1788075611,7817946
1788075912,7814953
1788076211,7814112
1788076511,7815297
1788076811,7811859
1788077111,7813430
1788077411,7817594
1788077711,7814278
1788078011,7816644
1788078311,7815148
1788078612,7814529
1788078911,7812351
1788079211,7804611
1788079511,7804875
1788079811,7805372
1788080112,7804510
1788080411,7807098
1788080711,7807675
1788081011,7807256
1788081311,7809380
1788081611,7806916
1788081911,7804830
1788082211,7801938
1788082511,7800416
1788082811,7800102
1788083111,7802581
1788083411,7802728
1788083711,7799660
1788084011,7800128
1788084311,7797590
1788084611,7803041
1788084911,7801727
1788085211,7800323
1788085511,7805009
1788085811,7806968
1788086111,7805920
1788086411,7806997
1788086711,7810563
1788087011,7813866
1788087311,7813792
1788087611,7813862
1788087911,7814533
1788088211,7818502
1788088511,7814671
1788088811,7815617
1788089111,7815964
1788089411,7819141
1788089711,7820758
1788090012,7815002
1788090311,7819253
1788090611,7815548
1788090911,7813090
1788091211,7815371
1788091511,7821506
1788091811,7851023
1788092111,7867073
1788092411,7854694
1788092712,7852526
1788093011,7858455
1788093311,7868026
1788093611,7859857
1788093911,7865469
1788094211,7860972
1788094511,7863445
1788094811,7872528
1788095111,7872621
1788095411,7869593
1788095711,7864709
1788096016,7865827
1788096311,7870300
1788096617,7871485
1788096911,7871437
1788097211,7870488
1788097511,7877215
1788097811,7890242
1788098111,7890515
1788098411,7887607
1788098711,7889983
1788099011,7887756
1788099311,7889218
1788099611,7883607
1788099911,7882733
1788100211,7885091
1788100511,7886629
1788100811,7874544
1788101111,7876293
1788101411,7875140
1788101711,7879471
1788102016,7877999
1788102311,7870904
1788102611,7878268
1788102917,7868943
1788103211,7871005
1788103511,7873744
1788103811,7878205
1788104111,7880205
1788104411,7880221
1788104711,7881795
1788105011,7883235
1788105311,7881579
1788105611,7880760
1788105911,7890739
1788106211,7884335
1788106511,7902291
1788106817,7907104
1788107111,7906656
1788107411,7905427
1788107711,7912789
1788108012,7912115
1788108311,7915801
1788108611,7916402
1788108911,7918864
1788109211,7931563
1788109511,7923605
1788109811,7918721
1788110111,7916955
1788110411,7899860
1788110711,7889120
1788111011,7891900
1788111311,7897083
1788111611,7899628
1788111911,7903051
1788112211,7901994
1788112511,7900089
1788112811,7899484
1788113111,7900509
1788113411,7888503
1788113711,7882711
1788114012,7887571
1788114311,7886664
1788114611,7891228
1788114911,7912703
1788115211,7914919
1788115511,7909990
1788115811,7906863
1788116111,7902998
1788116411,7901824
1788116711,7898714
1788117011,7900159
1788117311,7901163
1788117611,7898816
1788117911,7892645
1788118211,7891022
1788118511,7889389
1788118811,7880488
1788119111,7879163
1788119412,7879595
1788119711,7882896
1788120011,7884888
1788120311,7887880
1788120611,7884862
1788120911,7887064
1788121211,7885913
1788121511,7887970
1788121811,7884944
1788122111,7877824
1788122411,7878155
1788122711,7860177
1788123011,7863770
1788123311,7870733
1788123611,7861349
1788123926,7845768
1788124211,7846969
1788124511,7849899
1788124811,7858386
1788125111,7853307
1788125411,7861320
1788125711,7869144
1788126011,7864306
1788126311,7861236
1788126611,7855751
1788126911,7859997
1788127211,7864293
1788127511,7873775
1788127811,7865124
1788128111,7857397
1788128411,7848957
1788128711,7840487
1788129011,7834892
1788129311,7837680
1788129611,7842745
1788129911,7845343
1788130211,7842669
1788130511,7841125
1788130811,7844785
1788131111,7832930
1788131411,7834726
1788131711,7837971
1788132011,7829788
1788132311,7802016
1788132611,7779190
1788132911,7775458
1788133211,7756412
1788133511,7743237
1788133811,7724543
1788134111,7756129
1788134411,7768072
1788134711,7775049
1788135011,7748785
1788135311,7768994
1788135611,7784866
1788135911,7793370
1788136211,7788330
1788136511,7793026
1788136811,7802422
1788137111,7802491
1788137411,7794727
1788137711,7799998
1788138011,7792404
1788138311,7782117
1788138611,7764085
1788138911,7759523
1788139211,7766848
1788139511,7782293
1788139811,7777908
1788140111,7771701
1788140411,7776797
1788140711,7774837
1788141011,7772859
1788141311,7769714
1788141621,7761674
1788141911,7759519
1788142211,7770483
1788142511,7789514
1788142811,7786084
1788143111,7783130
1788143411,7786111
1788143711,7784990
1788144011,7776810
1788144311,7771383
1788144611,7761813
1788144911,7747170
1788145211,7745545
1788145511,7753855
1788145811,7755615
1788146111,7763078
1788146411,7758988
1788146711,7769279
1788147011,7770943
1788147311,7768566
1788147611,7776280
1788147911,7779970
1788148211,7781766
1788148511,7777935
1788148811,7774437
1788149111,7761315
1788149411,7762167
1788149711,7757489
1788150011,7751707
1788150311,7751278
1788150611,7750761
1788150911,7748440
1788151211,7750116
1788151511,7753324
1788151811,7750812
1788152111,7757159
1788152411,7761921
1788152711,7760037
1788153011,7764085
1788153311,7775750
1788153611,7792565
1788153911,7800441
1788154211,7798812
1788154511,7802169
1788154811,7788618
1788155111,7796309
1788155411,7798910
1788155711,7800694
1788156011,7800770
1788156311,7803790
1788156612,7792346
1788156911,7799730
1788157211,7807561
1788157511,7798785
1788157811,7800999
1788158111,7796184
1788158411,7803958
1788158711,7807732
1788159011,7808271
1788159311,7809850
1788159608,7808513
1788159909,7806078
1788160209,7806411
1788160509,7812098
1788160809,7818587
1788161109,7822567
1788161409,7821107
1788161709,7816834
1788162009,7821003
1788162309,7825145
1788162609,7821612
1788162909,7819110
1788163209,7819807
1788163509,7811845
1788163809,7810909
1788164109,7817686
1788164409,7807551
1788164709,7799805
1788165009,7806554
1788165309,7811846
1788165609,7813514
1788165909,7832687
1788166209,7837349
1788166509,7840083
1788166809,7845814
1788167109,7839717
1788167409,7866408
1788167709,7862913
1788168009,7868067
1788168309,7874021
1788168609,7866200
1788168909,7864932
1788169209,7861798
1788169509,7865430
1788169809,7866524
1788170109,7856332
1788170409,7850653
1788170709,7840799
1788171009,7833364
1788171309,7847019
1788171609,7841094
1788171909,7838661
1788172209,7840872
1788172509,7837295
1788172809,7846522
1788173109,7849047
1788173409,7850831
1788173709,7860289
1788174009,7864575
1788174309,7858693
1788174609,7858712
1788174909,7860675
1788175209,7857947
1788175509,7853860
1788175809,7845863
1788176109,7841881
1788176409,7840094
1788176709,7835061
1788177009,7833163
1788177309,7830046
1788177609,7828128
1788177909,7845879
1788178209,7842733
1788178509,7839384
1788178809,7837252
1788179109,7830460
1788179409,7809260
1788179709,7807618
1788180009,7799387
1788180309,7784787
1788180609,7778447
1788180909,7784935
1788181209,7788610
1788181509,7800900
1788181809,7803065
1788182109,7804280
1788182409,7799005
1788182709,7800412
1788183009,7799953
1788183309,7792811
1788183609,7803784
1788183909,7805753
1788184209,7793570
1788184509,7779582
1788184809,7784804
1788185109,7791491
1788185409,7790443
1788185709,7790174
1788186009,7793584
1788186309,7781782
1788186609,7794345
1788186909,7796051
1788187209,7814704
1788187509,7856534
1788187809,7845237
1788188109,7842509
1788188409,7855715
1788188709,7847191
1788189009,7847153
1788189309,7833646
1788189609,7826203
1788189909,7832453
1788190209,7841387
1788190509,7853042
1788190809,7848720
1788191109,7866458
1788191409,7862920
1788191709,7859241
1788192009,7856353
1788192309,7859658
1788192609,7859529
1788192909,7869166
1788193209,7860860
1788193509,7857654
1788193809,7860271
1788194109,7860637
1788194409,7859934
1788194709,7864570
1788195009,7869212
1788195309,7868030
1788195609,7865207
1788195909,7867128
1788196209,7870375
1788196509,7873534
1788196809,7859011
1788197109,7858338
1788197409,7852242
1788197709,7859379
1788198009,7869301
1788198309,7888729
1788198609,7887119
1788198909,7888925
1788199209,7889720
1788199509,7880717
1788199809,7883411
1788200109,7888868
1788200409,7903963
1788200709,7890784
1788201009,7890382
1788201309,7888637
1788201609,7898818
1788201909,7914105
1788202209,7908145
1788202509,7900420
1788202809,7902104
1788203109,7905900
1788203409,7919103
1788203709,7921104
1788204009,7908136
1788204309,7906785
1788204609,7908161
1788204909,7906020
1788205209,7907696
1788205509,7897681
1788205809,7900757
1788206109,7893150
1788206410,7891281
1788206709,7891788
1788207009,7893232
1788207309,7893599
1788207609,7905113
1788207909,7902257
1788208209,7892852
1788208509,7883935
1788208809,7879336
1788209109,7886154
1788209409,7883371
1788209709,7887167
1788210009,7885093
1788210309,7881561
1788210609,7883502
1788210909,7882558
1788211209,7880079
1788211509,7883360
1788211809,7893347
1788212109,7898167
1788212409,7900913
1788212709,7902069
1788213009,7899933
1788213309,7898306
1788213609,7894971
1788213909,7892049
1788214209,7895189
1788214509,7888672
1788214809,7882353
1788215109,7876953
1788215409,7874353
1788215709,7871439
1788216009,7867249
1788216309,7865185
1788216609,7859131
1788216909,7860016
1788217209,7857365
1788217509,7841775
1788217809,7846939
1788218109,7843159
1788218409,7850935
1788218709,7852379
1788219009,7855443
1788219309,7852605
1788219609,7851693
1788219909,7854265
1788220209,7853494
1788220509,7854294
1788220809,7854768
1788221109,7860145
1788221409,7866587
1788221709,7873353
1788222009,7878004
1788222309,7881491
1788222609,7885416
1788222909,7875208
1788223209,7873934
1788223509,7867883
1788223809,7874594
1788224109,7865258
1788224409,7859163
1788224709,7866953
1788225009,7866545
1788225309,7854844
1788225609,7859035
1788225909,7857946
1788226209,7841012
1788226509,7840722
1788226809,7849405
1788227109,7854363
1788227409,7850854
1788227709,7842705
1788228009,7837588
1788228309,7829715
1788228609,7828798
1788228909,7821727
1788229209,7821096
1788229509,7828113
1788229809,7820679
1788230109,7834144
1788230409,7831252
1788230709,7833913
1788231009,7836977
1788231309,7838435
1788231609,7841647
1788231909,7842485
1788232209,7841847
1788232509,7842255
1788232809,7845199
1788233109,7842038
1788233409,7844757
1788233709,7864708
1788234009,7880325
1788234309,7878919
1788234609,7867364
1788234909,7868758
1788235209,7865368
1788235509,7867877
1788235809,7869669
1788236109,7865726
1788236409,7871106
1788236709,7875596
1788237009,7880075
1788237309,7875487
1788237609,7871474
1788237909,7869538
1788238209,7873949
1788238509,7871340
1788238809,7868791
1788239109,7882978
1788239409,7889290
1788239709,7883833
1788240009,7883836
1788240309,7877657
1788240609,7890966
1788240909,7902423
1788241209,7906410
1788241509,7913782
1788241809,7911339
1788242109,7913760
1788242409,7915056
1788242709,7907093
1788243009,7901064
1788243309,7899441
1788243609,7890596
1788243909,7883906
1788244209,7886904
1788244509,7889783
1788244809,7888220
1788245114,7885913
1788245409,7879400
1788245709,7878695
1788246009,7873013
1788246309,7873786
1788246609,7876919
1788246909,7870160
1788247209,7872552
1788247509,7874337
1788247809,7871255
1788248109,7875741
1788248409,7859246
1788248709,7859230
1788249009,7862045
1788249309,7862506
1788249609,7860803
1788249909,7855727
1788250209,7832896
1788250509,7829130
1788250809,7817199
1788251109,7815084
1788251409,7791167
1788251709,7792210
1788252009,7793744
1788252309,7792038
1788252609,7793925
1788252909,7789598
1788253210,7786522
1788253509,7781691
1788253809,7785505
1788254109,7782417
1788254409,7784453
1788254709,7793039
1788255009,7791833
1788255309,7792044
1788255609,7788165
1788255909,7799524
1788256209,7795868
1788256509,7792962
1788256809,7789493
1788257109,7792171
1788257409,7787085
1788257709,7787684
1788258009,7780475
1788258309,7797519
1788258609,7797194
1788258909,7809789
1788259209,7813005
1788259509,7812981
1788259809,7808633
1788260109,7799081
1788260409,7799879
1788260709,7799469
1788261009,7793439
1788261309,7795336
1788261609,7797338
1788261909,7791677
1788262209,7795283
1788262509,7803047
1788262809,7812515
1788263109,7809165
1788263409,7807622
1788263709,7814175
1788264009,7805336
1788264309,7798839
1788264609,7806579
1788264909,7800420
1788265209,7799627
1788265509,7794550
1788265809,7797763
1788266109,7787174
1788266409,7779807
1788266709,7791424
1788267009,7798349
1788267309,7798862
1788267609,7798039
1788267909,7783293
1788268209,7776681
1788268509,7778702
1788268809,7777007
1788269109,7775892
1788269409,7782858
1788269709,7782932
1788269886,7765322
1788270187,7755288
1788270487,7799131
1788270787,7812383
1788271087,7800797
1788271387,7814634
1788271687,7822559
1788271987,7825877
1788272287,7829324
1788272587,7818135
1788272887,7829570
1788273187,7824101
1788273487,7831051
1788273787,7827680
1788274087,7835216
1788274387,7828153
1788274687,7816013
1788274987,7792063
1788275287,7781312
1788275587,7774686
1788275887,7776361
1788276187,7779542
1788276487,7778174
1788276787,7780290
1788277087,7788203
1788277387,7789236
1788277687,7794769
1788277987,7803701
1788278287,7796314
1788278587,7783679
1788278887,7786795
1788279187,7778994
1788279487,7765891
1788279788,7749037
1788280087,7754892
1788280387,7751273
1788280687,7742619
1788280987,7749941
1788281287,7750352
1788281587,7756903
1788281887,7758862
1788282187,7760390
1788282487,7752926
1788282787,7749777
1788283087,7745398
1788283387,7756116
1788283687,7748126
1788283731,7749372
1788284032,7754885
1788284332,7762395
1788284632,7757101
1788284932,7738884
1788285232,7734213
1788285532,7731857
1788285832,7722048
1788286132,7718962
1788286432,7716808
1788286732,7709800
1788287032,7707157
1788287332,7688730
1788287632,7698647
1788287932,7675050
1788288232,7667736
1788288533,7651207
1788288832,7689540
1788289132,7701051
1788289432,7714190
1788289732,7716766
1788290032,7716817
1788290332,7721556
1788290632,7731397
1788290932,7736734
1788291232,7730742
1788291532,7731006
1788291832,7728841
1788292132,7725414
1788292432,7721927
1788292732,7722565
1788293032,7724671
1788293332,7725724
1788293632,7728302
1788293931,7735065
1788294232,7735726
1788294532,7732696
1788294832,7734184
1788295131,7740634
1788295432,7733193
1788295732,7732164
1788296032,7734251
1788296332,7741351
1788296632,7743112
1788296932,7724708
1788297232,7707738
1788297532,7695973
1788297831,7708452
1788298131,7716860
1788298432,7704612
1788298732,7705620
1788299032,7713400
1788299332,7712290
1788299632,7719111
1788299932,7720772
1788300232,7720594
1788300532,7721830
1788300832,7725763
1788301132,7718387
1788301432,7710647
1788301732,7711621
1788302031,7700312
1788302332,7709943
1788302632,7706456
1788302931,7718802
1788303232,7727157
1788303532,7724909
1788303832,7722804
1788304131,7725417
1788304432,7724702
1788304731,7725044
1788305032,7724130
1788305332,7728953
1788305632,7739311
1788305932,7749010
1788306232,7750917
1788306532,7750674
1788306832,7745700
1788307132,7740500
1788307432,7740046
1788307732,7737292
1788308032,7733770
1788308332,7739391
1788308631,7734487
1788308932,7730278
1788309231,7726578
1788309532,7718110
1788309831,7716132
1788310132,7719746
1788310432,7718431
1788310732,7721581
1788311031,7717310
1788311332,7713050
1788311631,7724178
1788311931,7723940
1788312231,7723989
1788312532,7718494
1788312831,7708803
1788313131,7698502
1788313431,7695359
1788313731,7687573
1788314032,7675484
1788314331,7687149
1788314632,7697034
1788314932,7705687
1788315232,7707592
1788315532,7712232
1788315832,7716446
1788316132,7720557
1788316432,7722329
1788316732,7720093
1788317032,7714715
1788317332,7718015
1788317632,7722188
1788317931,7722826
1788318232,7736903
1788318532,7740711
1788318832,7744076
1788319131,7751549
1788319432,7750197
1788319732,7767378
1788320032,7752296
1788320332,7748068
1788320632,7752354
1788320932,7756699
1788321232,7754671
1788321532,7750030
1788321831,7746295
1788322132,7741375
1788322432,7732050
1788322731,7730082
1788323032,7736988
1788323332,7738908
1788323632,7744598
1788323932,7745276
1788324232,7750891
1788324532,7754245
1788324832,7753753
1788325132,7751335
1788325432,7744997
1788325732,7741476
1788326032,7750577
1788326332,7762378
1788326412,7761540
1788326713,7767439
1788327013,7769500
1788327313,7764552
1788327613,7764160
1788327913,7766575
1788328213,7770720
1788328513,7767448
1788328813,7760075
1788329113,7763720
1788329413,7765271
1788329713,7761479
1788330013,7757151
1788330313,7754350
1788330613,7755515
1788330913,7747030
1788331213,7749168
1788331513,7760464
1788331819,7756026
1788332113,7749319
1788332413,7755120
1788332713,7759674
1788333013,7758137
1788333313,7766869
1788333613,7757648
1788333913,7760190
1788334213,7756879
1788334513,7754499
1788334813,7756197
1788335113,7755219
1788335413,7753644
1788335713,7748937
1788336013,7745476
1788336313,7741741
1788336613,7748038
1788336913,7738552
1788337213,7736186
1788337513,7726789
1788337813,7725962
1788338113,7709554
1788338413,7706682
1788338713,7697246
1788339013,7684374
1788339313,7678293
1788339613,7680370
1788339913,7696345
1788340213,7698370
1788340513,7695496
1788340813,7687044
1788341113,7669619
1788341413,7681913
1788341713,7665320
1788342013,7654875
1788342313,7652302
1788342613,7662495
1788342913,7666895
1788343213,7669357
1788343513,7658629
1788343813,7658880
1788344113,7658741
1788344413,7663599
1788344713,7663145
1788345013,7657548
1788345313,7648290
1788345613,7649141
1788345913,7654508
1788346213,7645276
1788346513,7641494
1788346813,7660133
1788347113,7654998
1788347413,7657969
1788347713,7662968
1788348013,7652755
1788348313,7638772
1788348613,7642922
1788348913,7656070
1788349213,7665116
1788349513,7659215
1788349542,7658160
1788349843,7658984
1788350143,7665475
1788350443,7672578
1788350743,7668573
1788351043,7672993
1788351343,7676702
1788351642,7683775
1788351943,7694897
1788352243,7696230
1788352543,7687588
1788352843,7677861
1788353143,7676803
1788353443,7671155
1788353743,7669061
1788354043,7660693
1788354348,7674695
1788354643,7673699
1788354943,7671650
1788355243,7677637
1788355543,7672562
1788355843,7683721
1788356143,7671454
1788356443,7663378
1788356743,7720483
1788357043,7715291
1788357343,7708750
1788357643,7703153
1788357943,7703590
1788358243,7721856
1788358543,7726246
1788358843,7724953
1788359143,7724286
1788359443,7724652
1788359743,7711265
1788360010,7712610
1788360311,7721562
1788360611,7716914
1788360905,7710366
1788361206,7705116
1788361506,7702751
1788361806,7687115
1788362106,7674873
1788362406,7697984
1788362706,7697525
1788363006,7701080
1788363306,7722697
1788363606,7716822
1788363906,7730040
1788364206,7715200
1788364506,7714365
1788364811,7723363
1788365106,7721028
1788365406,7726795
1788365706,7731884
1788366006,7738113
1788366306,7748224
1788366606,7746343
1788366906,7750900
1788367206,7737966
1788367506,7726845
1788367806,7723786
1788368106,7724541
1788368406,7716583
1788368706,7713340
1788369006,7705874
1788369306,7710200
1788369316,7709072
1788369616,7701495
1788369916,7702372
1788370216,7704962
1788370516,7712662
1788370816,7712960
1788371116,7719516
1788371416,7733745
1788371716,7731229
1788372016,7734437
1788372316,7732668
1788372616,7736202
1788372916,7737346
1788373216,7739888
1788373516,7740468
1788373816,7741408
1788374116,7739892
1788374416,7729828
1788374716,7729134
1788375016,7733279
1788375316,7731030
1788375616,7732872
1788375916,7732289
1788376216,7735978
1788376516,7733641
1788376816,7727824
1788377116,7723105
1788377416,7717334
1788377716,7712670
1788378016,7712510
1788378316,7720520
1788378616,7718252
1788378916,7720885
1788379216,7725440
1788379516,7739053
1788379816,7738531
1788380116,7733089
1788380416,7722000
1788380716,7740166
1788381017,7735362
1788381316,7739070
1788381616,7742186
1788381916,7732588
1788382216,7735762
1788382516,7741000
1788382816,7740219
1788383116,7731449
1788383416,7729928
1788383716,7731569
1788384016,7724819
1788384316,7726410
1788384616,7726262
1788384916,7722594
1788385216,7730881
1788385516,7739155
1788385816,7726822
1788386116,7729501
1788386416,7727209
1788386716,7717101
1788387016,7710413
1788387316,7713628
1788387616,7709595
1788387916,7702930
1788388216,7700419
1788388516,7705236
1788388816,7709726
1788389116,7709012
1788389416,7704072
1788389716,7701104
1788390016,7700710
1788390316,7706705
1788390616,7716797
1788390916,7718577
1788391216,7712914
1788391516,7712400
1788391816,7715896
1788392116,7713234
1788392416,7710353
1788392716,7709881
1788393016,7718226
1788393316,7727432
1788393616,7729576
1788393916,7732690
1788394216,7719493
1788394516,7717219
1788394816,7710110
1788395116,7706850
1788395416,7702240
1788395716,7699889
1788396016,7702461
1788396316,7707505
1788396616,7707191
1788396916,7706183
1788397216,7706042
1788397516,7708653
1788397816,7723277
1788398116,7736234
1788398416,7730588
1788398716,7733545
1788399016,7735330
1788399316,7747314
1788399616,7740260
1788399916,7734536
1788400216,7729210
1788400516,7735387
1788400816,7734907
1788401116,7726741
1788401416,7724520
1788401716,7738786
1788402016,7743255
1788402316,7746814
1788402616,7754187
1788402916,7772219
1788403216,7770824
1788403516,7776488
1788403816,7777836
1788404116,7782232
1788404416,7777249
1788404716,7769428
1788405016,7768800
1788405316,7773182
1788405616,7781750
1788405916,7775432
1788406216,7773600
1788406516,7769570
1788406816,7763916
1788407116,7763328
1788407416,7764099
1788407716,7770168
1788408016,7768159
1788408316,7770815
1788408616,7773091
1788408916,7764272
1788409216,7757849
1788409516,7759251
1788409816,7754688
1788410116,7757804
1788410416,7756568
1788410716,7753932
1788411016,7760151
1788411316,7773049
1788411616,7772446
1788411916,7774252
1788412216,7767575
1788412516,7761144
1788412816,7749119
1788413116,7724091
1788413416,7713922
1788413716,7729358
1788414016,7740083
1788414316,7743610
1788414616,7746378
1788414916,7763979
1788415216,7776260
1788415516,7770862
1788415816,7768589
1788416116,7768352
1788416416,7772364
1788416716,7772980
1788417016,7771713
1788417316,7773880
1788417616,7773484
1788417916,7776664
1788418216,7779138
1788418516,7775777
1788418816,7778567
1788419116,7795149
1788419416,7799264
1788419716,7803970
1788420016,7791745
1788420316,7794951
1788420616,7791731
1788420916,7787237
1788421216,7790986
1788421516,7793648
1788421816,7773038
1788422116,7765374
1788422416,7763352
1788422716,7779908
1788423021,7793097
1788423316,7789147
1788423616,7786513
1788423916,7782681
1788424216,7790141
1788424516,7791207
1788424816,7791052
1788425116,7784781
1788425416,7779171
1788425716,7778452
1788426016,7781146
1788426316,7778209
1788426616,7784021
1788426916,7784097
1788427216,7783595
1788427516,7780052
1788427816,7773360
1788428116,7771937
1788428416,7771646
1788428716,7768003
1788429016,7764999
1788429316,7761910
1788429616,7759080
1788429916,7761016
1788430216,7759834
1788430516,7754132
1788430816,7756084
1788431116,7762936
1788431416,7759862
1788431716,7754564
1788432016,7748856
1788432316,7746505
1788432616,7753141
1788432916,7769407
1788433216,7769959
1788433516,7770914
1788433816,7773428
1788434116,7777743
1788434416,7786113
1788434716,7784265
1788435016,7788645
1788435316,7790259
1788435616,7789233
1788435916,7791689
1788436216,7788537
1788436517,7788678
1788436816,7792061
1788437116,7790089
1788437417,7788557
1788437716,7802705
1788438016,7796686
1788438316,7794794
1788438616,7793441
1788438916,7825847
1788439216,7832029
1788439517,7827199
1788439816,7834742
1788440116,7848216
1788440416,7868316
1788440716,7860715
1788441016,7850357
1788441316,7853176
1788441616,7846506
1788441916,7856022
1788442216,7848283
1788442516,7860058
1788442816,7873620
1788443116,7886575
1788443416,7881767
1788443716,7880127
1788444016,7881176
1788444316,7884892
1788444616,7887949
1788444916,7893147
1788445216,7904009
1788445516,7927594
1788445816,7959417
1788446116,7975228
1788446416,7973668
1788446716,7979684
1788447016,8023558
1788447316,8020853
1788447616,8040248
1788447916,8077942
1788448216,8062582
1788448516,8055877
1788448816,8058927
1788449116,8072767
1788449416,8070426
1788449716,8084041
1788450016,8091025
1788450316,8090365
1788450616,8076966
1788450916,8123004
1788451216,8134038
1788451516,8100147
1788451816,8095725
1788452116,8095254
1788452416,8075091
1788452716,8077693
1788453016,8069555
1788453316,8090968
1788453616,8085010
1788453916,8078381
1788454216,8099339
1788454516,8097550
1788454816,8095211
1788455116,8093382
1788455416,8097944
1788455716,8106488
1788456016,8106774
1788456316,8100544
1788456616,8100699
1788456916,8108722
1788457216,8114052
1788457516,8108194
1788457816,8115681
1788458116,8107085
1788458416,8104401
1788458716,8118564
1788459016,8126179
1788459316,8123177
1788459616,8117895
1788459916,8106982
1788460216,8096791
1788460516,8095669
1788460816,8101649
1788461116,8098382
1788461416,8102167
1788461716,8115217
1788462016,8125860
1788462316,8132418
1788462616,8125154
1788462916,8122612
1788463216,8133170
1788463516,8155308
1788463816,8153615
1788464116,8143455
1788464416,8147197
1788464716,8155702
1788465016,8149197
1788465316,8165784
1788465616,8175037
1788465916,8155238
1788466216,8162012
1788466516,8149632
1788466816,8148056
1788467116,8141096
1788467416,8153116
1788467716,8148648
1788468016,8156606
1788468316,8148743
1788468616,8153982
1788468916,8148571
1788469216,8145526
1788469516,8139484
1788469816,8137280
1788470116,8159969
1788470416,8157012
1788470716,8153643
1788471016,8171647
1788471316,8199656
1788471616,8171497
1788471916,8154951
1788472216,8158663
1788472516,8170851
1788472816,8161297
1788473116,8152547
1788473416,8144819
1788473716,8137005
1788474016,8135459
1788474316,8130738
1788474616,8115354
1788474916,8099252
1788475216,8112619
1788475516,8120327
1788475816,8118659
1788476116,8115930
1788476416,8115898
1788476716,8116227
1788477016,8119088
1788477316,8114246
1788477616,8122713
1788477916,8119244
1788478216,8124318
1788478516,8118482
1788478816,8131335
1788479116,8124197
1788479416,8122902
1788479716,8129006
1788480016,8126829
1788480316,8115872
1788480616,8117047
1788480916,8122201
1788481216,8120934
1788481516,8125653
1788481816,8115789
1788482116,8128956
1788482416,8137381
1788482716,8125747
1788483016,8115023
1788483316,8104730
1788483616,8097516
1788483916,8097120
1788484216,8105444
1788484516,8097581
1788484816,8094727
1788485116,8084947
1788485416,8082798
1788485716,8083863
1788486016,8085928
1788486316,8078832
1788486616,8086075
1788486916,8095529
1788487216,8099605
1788487516,8087581
1788487816,8082911
1788488116,8079555
1788488416,8079950
1788488716,8071607
1788489016,8072532
1788489316,8077266
1788489616,8079232
1788489916,8078370
1788490216,8068121
1788490516,8073110
1788490816,8080207
1788491116,8091336
1788491416,8097027
1788491716,8091749
1788492016,8091511
1788492316,8091519
1788492616,8086149
1788492916,8083254
1788493216,8084958
1788493516,8085241
1788493816,8093704
1788494116,8092236
1788494416,8087676
1788494716,8083703
1788495016,8087103
1788495316,8094529
1788495616,8105321
1788495916,8116242
1788496216,8125645
1788496516,8119312
1788496816,8110001
1788497116,8104444
1788497416,8106747
1788497716,8107238
1788498016,8107614
1788498316,8100549
1788498616,8104448
1788498916,8099032
1788499216,8105047
1788499516,8108675
1788499816,8105326
1788500116,8096908
1788500416,8095023
1788500716,8096207
1788501016,8091119
1788501316,8088106
1788501616,8099029
1788501916,8093284
1788502216,8098489
1788502516,8104024
1788502816,8096260
1788503116,8088748
1788503416,8073609
1788503716,8071314
1788504016,8069487
1788504316,8081857
1788504616,8076541
1788504916,8074624
1788505216,8076638
1788505516,8084857
1788505816,8090730
1788506116,8092799
1788506417,8090299
1788506716,8084977
1788507016,8085428
1788507315,8086349
1788507616,8076140
1788507916,8076214
1788508216,8072509
1788508516,8069891
1788508816,8065986
1788509116,8064322
1788509416,8068937
1788509715,8071622
1788510016,8084302
1788510316,8087391
1788510616,8097660
1788510916,8105058
1788511216,8109096
1788511511,8106827
1788511812,8110804
1788512112,8116511
1788512411,8113659
1788512712,8117310
1788513012,8111392
1788513311,8109249
1788513611,8122576
1788513616,8122576
1788513917,8100481
1788514217,8101322
1788514516,8109072
1788514817,8116870
1788515116,8114819
1788515417,8109489
1788515717,8107553
1788516016,8103832
1788516317,8109298
1788516617,8095762
1788516917,8095599
1788517217,8083694
1788517517,8084767
1788517816,8091524
1788518117,8097876
1788518416,8107270
1788518717,8104853
1788519017,8108313
1788519317,8105878
1788519617,8116248
1788519917,8109851
1788520217,8115409
1788520517,8117859
1788520817,8116077
1788521117,8126221
1788521416,8135056
1788521717,8125929
1788522017,8129488
1788522317,8122367
1788522616,8124102
1788522917,8128069
1788523216,8122696
1788523517,8120275
1788523817,8122202
1788524117,8119626
1788524417,8114921
1788524717,8116640
1788525016,8129385
1788525317,7983771
1788525617,7979035
1788525917,7983462
1788526217,7940247
1788526517,7958347
1788526817,7944636
1788527117,7944774
1788527416,7936412
1788527717,7926938
1788528017,7936215
1788528316,7940764
1788528617,7933019
1788528916,7927312
1788529217,7934235
1788529517,7937393
1788529817,7965190
1788530116,7932341
1788530417,7935346
1788530717,7949794
1788531017,7929251
1788531317,7941750
1788531617,7923075
1788531917,7930590
1788532217,7934790
1788532517,7936276
1788532817,7928287
1788533117,7904200
1788533417,7875146
1788533717,7882753
1788534017,7892919
1788534317,7895093
1788534617,7914072
1788534917,7914421
1788535217,7923771
1788535517,7924996
1788535817,7939511
1788536117,7939025
1788536417,7950380
1788536717,7952171
1788537017,7942060
1788537317,7946406
1788537617,7942494
1788537917,7942948
1788538217,7946515
1788538517,7946430
1788538817,7947109
1788539117,7949646
1788539417,7953782
1788539717,7967859
1788540017,7971461
1788540317,7983709
1788540617,7978722
1788540917,7976755
1788541217,7976903
1788541517,7967730
1788541817,7969964
1788542117,7965180
1788542417,7958748
1788542717,7960757
1788543017,7955825
1788543317,7951826
1788543617,7952889
1788543917,7948478
1788544217,7948154
1788544517,7943490
1788544817,7948747
1788545117,7956034
1788545417,7957023
1788545717,7954496
1788546017,7958281
1788546317,7958749
1788546617,7957477
1788546917,7960907
1788547217,7957469
1788547517,7964405
1788547817,7961153
1788548117,7962216
1788548417,7964217
1788548717,7971711
1788549017,7972713
1788549317,7970234
1788549617,7978353
1788549917,7979601
1788550217,7981149
1788550517,7973429
1788550817,7970313
1788551117,7967325
1788551417,7973444
1788551717,7967629
1788552017,7977025
1788552317,7981341
1788552617,7981279
1788552917,7981893
1788553217,7983665
1788553517,7979749
1788553817,7977770
1788554117,7975600
1788554417,7977101
1788554717,7972147
1788555017,7975238
1788555317,7973568
1788555617,7971228
1788555917,7975253
1788556217,7979237
1788556517,7980147
1788556817,7982162
1788557117,7981527
1788557417,7978978
1788557717,7981155
1788558017,7981714
1788558317,7978832
1788558617,7978094
1788558917,7965446
1788559217,7965366
1788559517,7968746
1788559817,7967339
1788560117,7967901
1788560417,7971510
1788560717,7971086
1788561017,7969903
1788561317,7970351
1788561617,7971715
1788561917,7970850
1788562217,7966891
1788562517,7966789
1788562817,7965537
1788563117,7964623
1788563417,7966178
1788563717,7963635
1788564017,7964433
1788564317,7971609
1788564617,7976275
1788564917,7969658
1788565217,7969101
1788565517,7968544
1788565817,7966559
1788566117,7965611
1788566417,7967258
1788566717,7966051
1788567017,7965611
1788567317,7970336
1788567617,7964215
1788567917,7965641
1788568217,7966985
1788568517,7967808
1788568817,7965538
1788569117,7966732
1788569417,7961638
1788569717,7965119
1788570017,7960203
1788570317,7961534
1788570617,7965390
1788570917,7967528
1788571217,7969166
1788571517,7967670
1788571817,7965166
1788572117,7970002
1788572417,7965712
1788572717,7964437
1788573017,7962126
1788573317,7960403
1788573617,7955824
1788573917,7950893
1788574217,7955429
1788574517,7958572
1788574817,7959396
1788575117,7959767
1788575417,7954019
1788575717,7956219
1788576017,7960437
1788576317,7962841
1788576617,7958391
1788576917,7957760
1788577217,7958604
1788577517,7956755
1788577817,7954660
1788578117,7955915
1788578417,7959790
1788578717,7960332
1788579017,7960231
1788579317,7961046
1788579617,7962950
1788579917,7963288
1788580217,7963295
1788580517,7961213
1788580817,7959971
1788581117,7957558
1788581417,7958134
1788581717,7954869
1788582017,7957738
1788582317,7958239
1788582617,7957630
1788582917,7957017
1788583217,7954863
1788583517,7954857
1788583817,7955847
1788584117,7954967
1788584417,7952991
1788584717,7947188
1788585017,7947871
1788585317,7957134
1788585617,7957013
1788585917,7953734
1788586217,7957454
1788586517,7960111
1788586817,7958776
1788587117,7955758
1788587417,7952411
1788587717,7958137
1788588017,7959359
1788588317,7961227
1788588617,7959950
1788588917,7963927
1788589217,7963237
1788589517,7964057
1788589817,7964411
1788590117,7965215
1788590417,7969934
1788590717,7968631
1788591017,7968094
1788591317,7967438
1788591617,7966316
1788591917,7969458
1788592217,7968959
1788592517,7970172
1788592817,7970332
1788593117,7971191
1788593417,7972689
1788593717,7973082
1788594017,7974076
1788594317,7973307
1788594617,7975567
1788594917,7974208
1788595217,7971763
1788595517,7968214
1788595817,7966176
1788596117,7968311
1788596417,7969770
1788596717,7966444
1788597017,7965055
1788597317,7959342
1788597617,7961489
1788597917,7962135
1788598217,7961442
1788598517,7962736
1788598817,7965065
1788599117,7969230
1788599417,7970069
1788599717,7972596
1788600017,7969696
1788600317,7969854
1788600617,7969818
1788600917,7969851
1788601217,7968321
1788601517,7966971
1788601817,7965471
1788602117,7965423
1788602417,7962615
1788602717,7963886
1788603017,7963077
1788603317,7962192
1788603617,7962577
1788603917,7963766
1788604217,7962044
1788604517,7965029
1788604817,7961987
1788605117,7960512
1788605417,7959808
1788605717,7962104
1788606017,7963465
1788606317,7964539
1788606617,7966675
1788606917,7965546
1788607217,7962814
1788607517,7962799
1788607817,7962818
1788608117,7964051
1788608417,7964034
1788608717,7962755
1788609017,7962859
1788609317,7965987
1788609617,7963050
1788609917,7965772
1788610217,7967073
1788610517,7966844
1788610817,7966258
1788611117,7967333
1788611417,7966581
1788611717,7968188
1788612017,7969787
1788612317,7973730
1788612617,7973331
1788612917,7973357
1788613217,7972247
1788613517,7970563
1788613817,7969877
1788614117,7970725
1788614417,7970976
1788614717,7976466
1788615017,7975959
1788615317,7973718
1788615617,7967496
1788615917,7965966
1788616217,7968373
1788616517,7961732
1788616817,7962569
1788617117,7966127
1788617417,7968441
1788617717,7967821
1788618017,7968383
1788618317,7968369
1788618617,7973620
1788618917,7974748
1788619217,7973752
1788619517,7973416
1788619817,7973428
1788620117,7974488
1788620417,7974043
1788620717,7974276
1788621017,7974281
1788621317,7972322
1788621617,7969832
1788621917,7974628
1788622217,7969810
1788622517,7971475
1788622817,7973117
1788623117,7975303
1788623417,7975382
1788623717,7975905
1788624017,7980740
1788624317,7984505
1788624617,7978110
1788624917,7977904
1788625217,7980598
1788625517,7985735
1788625817,7986717
1788626117,7995747
1788626417,7994145
1788626717,7994166
1788627017,7997923
1788627317,8003797
1788627617,8010037
1788627917,8006232
1788628217,8010576
1788628517,8011696
1788628817,8005558
1788629117,8006556
1788629417,8001244
1788629717,8008961
1788630017,8000458
1788630317,8004084
1788630617,8005286
1788630917,8007476
1788631217,8004727
1788631517,8003566
1788631817,8002206
1788632117,7999780
1788632417,8001083
1788632717,8000491
1788633017,7997196
1788633317,7997320
1788633617,7997981
1788633917,7997205
1788634217,7995183
1788634517,7996407
1788634817,7999640
1788635117,7993452
1788635417,7995267
1788635717,7994370
1788636017,7993986
1788636317,7994542
1788636617,7996748
1788636917,7986743
1788637217,7977844
1788637517,7985530
1788637817,7977589
1788638117,7976012
1788638417,7975096
1788638717,7972939
1788639017,7975751
1788639317,7976528
1788639617,7970321
1788639917,7978123
1788640217,7973254
1788640517,7971961
1788640817,7972612
1788641117,7976742
1788641417,7976546
1788641717,7975035
1788642017,7974457
1788642317,7974601
1788642617,7976658
1788642917,7977822
1788643217,7981913
1788643517,7985841
1788643817,7985536
1788644117,7984921
1788644417,7985237
1788644717,7989076
1788645017,7990234
1788645317,7990736
1788645617,7991988
1788645917,7990352
1788646217,7987319
1788646517,7992109
1788646817,7988779
1788647117,7986180
1788647417,7981050
1788647717,7982572
1788648017,7981171
1788648317,7978387
1788648617,7977839
1788648917,7980272
1788649217,7977688
1788649517,7976024
1788649817,7975698
1788650117,7975288
1788650417,7979518
1788650717,7978364
1788651017,7980315
1788651317,7982515
1788651617,7977492
1788651917,7981540
1788652217,7984030
1788652517,7985345
1788652817,7982182
1788653117,7986132
1788653417,7989314
1788653717,7990784
1788654017,7990473
1788654317,7988240
1788654617,7992563
1788654917,7991826
1788655217,7990375
1788655517,7988913
1788655817,7988159
1788656117,7989762
1788656417,7989178
1788656717,7994638
1788657017,7997906
1788657317,7997802
1788657617,7996706
1788657917,7993212
1788658217,7992617
1788658517,7993327
1788658817,8000143
1788659117,7998463
1788659417,7995595
1788659717,7999475
1788660017,7996093
1788660317,7994432
1788660617,7996913
1788660917,7999084
1788661217,7996094
1788661517,7992643
1788661817,7992526
1788662117,7993933
1788662417,7992500
1788662717,7990642
1788663017,7988502
1788663317,7988808
1788663617,7991076
1788663917,7991440
1788664217,7991478
1788664517,7992430
1788664817,7996385
1788665117,7994824
1788665417,7989812
1788665717,7995498
1788666017,7999703
1788666317,8009552
1788666617,8002646
1788666917,8005196
1788667217,8003190
1788667517,8000000
1788667817,7996917
1788668117,7997581
1788668417,7995937
1788668717,7991673
1788669017,7992524
1788669317,7991530
1788669617,7991028
1788669917,7992083
1788670217,7991751
1788670517,7988968
1788670817,7986769
1788671117,7988010
1788671417,7986527
1788671717,7981165
1788672017,7980686
1788672317,7985037
1788672617,7985248
1788672917,7990434
1788673217,8002657
1788673517,8003002
1788673817,7998829
1788674117,7999292
1788674417,7997073
1788674717,7995878
1788675017,7994392
1788675317,7994053
1788675617,7991226
1788675917,7986837
1788676217,7984076
1788676517,7983829
1788676817,7982387
1788677117,7980500
1788677417,7976099
1788677717,7977397
1788678017,7976719
1788678317,7979208
1788678617,7976191
1788678917,7966511
1788679217,7979282
1788679517,7980595
1788679817,7984343
1788680117,7982410
1788680417,7981284
1788680717,7983825
1788681010,7984159
1788681311,7981878
1788681611,7982102
1788681911,7982566
1788682211,7986425
1788682511,7987050
1788682811,7983746
1788683111,7981910
1788683411,7980497
1788683711,7980124
1788684011,7979594
1788684311,7977848
1788684611,7977132
1788684911,7984402
1788685211,7983925
1788685511,7986352
1788685811,7987106
1788686111,7992035
1788686411,7994382
1788686711,7996986
1788687011,7998816
1788687311,7998576
1788687611,7992938
1788687911,7986705
1788688211,7985896
1788688511,7986541
1788688811,7987369
1788689111,7991822
1788689411,7992178
1788689711,7992529
1788690011,7996703
1788690311,7997562
1788690611,7997447
1788690911,7998342
1788691211,7997077
1788691511,8000483
1788691811,7999482
1788692111,7999733
1788692411,8000612
1788692711,7998507
1788693011,7996181
1788693311,7995769
1788693611,7997138
1788693911,7994290
1788694211,7994515
1788694511,7994032
1788694811,7991191
1788695111,7993897
1788695411,7995497
1788695711,7992767
1788696011,7991689
1788696311,7991740
1788696611,7990089
1788696911,7989597
1788697211,7996982
1788697511,7998772
1788697811,7998612
1788698111,7998260
1788698411,7997568
1788698711,7995985
1788699011,7994348
1788699311,7997000
1788699611,7993269
1788699911,7992808
1788700211,7994257
1788700511,7989984
1788700811,7984775
1788700816,7984775
1788701117,7982820
1788701417,7981473
1788701717,7980119
1788702017,7982230
1788702317,7980641
1788702617,7982181
1788702917,7981062
1788703217,7981162
1788703517,7981835
1788703817,7977463
1788704117,7975238
1788704417,7972989
1788704717,7964957
1788705017,7967640
1788705317,7950247
1788705617,7962138
1788705917,7969797
1788706217,7962711
1788706517,7969014
1788706817,7957266
1788707117,7950171
1788707417,7953294
1788707717,7952599
1788708017,7958225
1788708317,7962622
1788708617,7962511
1788708917,7961444
1788709217,7967168
1788709517,7969003
1788709817,7969324
1788710117,7969244
1788710417,7969457
1788710717,7964784
1788711017,7962983
1788711317,7970148
1788711617,7969730
1788711917,7966366
1788712217,7970331
1788712517,7976256
1788712817,7971421
1788713117,7970297
1788713417,7969151
1788713717,7969225
1788714017,7966729
1788714317,7965601
1788714617,7962163
1788714917,7962252
1788715217,7968895
1788715517,7971906
1788715817,7969790
1788716117,7972287
1788716417,7973993
1788716717,7974297
1788717017,7973848
1788717317,7973547
1788717617,7974311
1788717917,7977082
1788718217,7982318
1788718517,7984741
1788718817,7984985
1788719117,7988915
1788719417,7989036
1788719717,7993013
1788720017,7994698
1788720317,7993392
1788720617,7991694
1788720917,7991776
1788721217,7993543
1788721517,7989888
1788721817,7986823
1788722117,7986218
1788722417,7985311
1788722717,7984117
1788723017,7984234
1788723317,7982710
1788723617,7980822
1788723917,7980182
1788724217,7980728
1788724517,7980725
1788724817,7981455
1788725117,7980855
1788725417,7977986
1788725717,7979427
1788726017,7981696
1788726317,7992905
1788726617,7992961
1788726917,7994568
1788727217,7993914
1788727517,7992794
1788727817,7992356
1788728117,7990167
1788728417,7989485
1788729317,7998897
1788729617,8001559
1788729917,7994859
1788730217,7991424
1788730517,7989855
1788730817,7989658
1788731117,7991343
1788731417,7994383
1788731717,7993654
1788732017,7994376
1788732317,7983275
1788732617,7973313
1788732917,7973764
1788733217,7967035
1788733517,7972042
1788733817,7980210
1788734117,7991554
1788734417,7997681
1788734717,7995440
1788735017,7996702
1788735317,8001920
1788735617,8004435
1788735917,8021620
1788736217,8019583
1788736517,8018782
1788736817,8024965
1788737117,8014929
1788737417,8014241
1788737717,8019925
1788738017,8040546
1788738317,8039234
1788738617,8047990
1788738917,8041308
1788739217,8034448
1788739517,8032765
1788739817,8037618
1788740117,8033517
1788740417,8013633
1788740717,8016547
1788741017,8019704
1788741317,8016749
1788741617,8013627
1788741917,8014840
1788742217,8013543
1788742517,8014484
1788742817,8010497
1788743117,8020121
1788743417,8001541
1788743717,7996225
1788744017,7993963
1788744317,7990933
1788744617,7990731
1788744917,7994341
1788745217,7991415
1788745517,7985465
1788745817,7986336
1788746117,7990989
1788746417,7992637
1788746717,7989373
1788747017,7981848
1788747317,7982613
1788747617,7990069
1788747917,7994924
1788748217,8000417
1788748517,8000752
1788748817,8025914
1788749117,8027238
1788749417,8023708
1788749717,8012627
1788750017,7992371
1788750317,7993377
1788750617,7983510
1788750917,7978269
1788751217,7976734
1788751517,7980458
1788751817,7974768
1788752117,7972558
1788752417,7967538
1788752717,7963245
1788753017,7963491
1788753317,7960988
1788753617,7961600
1788753917,7961062
1788754217,7962606
1788754517,7961415
1788754817,7966413
1788755117,7967826
1788755417,7962001
1788755717,7960818
1788756017,7961637
1788756317,7963475
1788756617,7967537
1788756917,7965701
1788757217,7970516
1788757517,7972168
1788757817,7971552
1788758117,7970052
1788758417,7982523
1788758717,7984444
1788759017,7983470
1788759317,7983107
1788759617,7984240
1788759917,7984643
1788760217,7983608
1788760517,7980234
1788760817,7975327
1788761117,7977344
1788761417,7977020
1788761717,7979381
1788762017,7974189
1788762317,7973133
1788762617,7970524
1788762917,7969215
1788763217,7968531
1788763517,7967010
1788763817,7966012
1788764117,7966184
1788764417,7964825
1788764717,7961303
1788765017,7965923
1788765317,7962321
1788765617,7958355
1788765917,7948910
1788766217,7942257
1788766517,7931587
1788766817,7925184
1788767117,7925011
1788767417,7932329
1788767717,7935358
1788768017,7938271
1788768317,7942519
1788768617,7946994
1788768917,7945824
1788769217,7947085
1788769517,7946194
1788769817,7945561
1788770117,7948216
1788770417,7943355
1788770717,7946400
1788771017,7945196
1788771317,7941397
1788771617,7943905
1788771917,7943399
1788772217,7948863
1788772517,7951872
1788772813,7951769
1788773114,7946139
1788773414,7947840
1788773714,7943608
1788774014,7935597
1788774314,7937360
1788774614,7940334
1788774914,7932975
1788775214,7930999
1788775514,7937342
1788775814,7935640
1788776114,7937184
1788776414,7939724
1788776714,7940332
1788777014,7941350
1788777314,7940535
1788777614,7940288
1788777914,7943182
1788778214,7940230
1788778514,7941889
1788778814,7935466
1788779114,7932273
1788779414,7928956
1788779714,7938485
1788780014,7940357
1788780314,7943891
1788780614,7943563
1788780914,7945058
1788781214,7941138
1788781514,7940714
1788781814,7940455
1788782114,7941064
1788782414,7939053
1788782714,7940716
1788783014,7947103
1788783314,7943371
1788783614,7943384
1788783914,7947650
1788784214,7951624
1788784512,7950163
1788784813,7947246
1788785113,7946585
1788785413,7951067
1788785713,7958565
1788786016,7960063
1788786313,7957314
1788786613,7954271
1788786913,7959252
1788787213,7959018
1788787513,7961507
1788787813,7961672
1788788113,7947890
1788788418,7940164
1788788713,7936870
1788789013,7933070
1788789313,7937888
1788789613,7937365
1788789913,7934878
1788790213,7914672
1788790513,7915790
1788790813,7913766
1788791113,7908183
1788791413,7907284
1788791713,7905078
1788792013,7903758
1788792313,7902398
1788792613,7906272
1788792913,7921666
1788793213,7919215
1788793513,7912334
1788793813,7907931
1788794113,7904441
1788794413,7904702
1788794713,7908600
1788795013,7903137
1788795017,7903137
1788795318,7886151
1788795618,7878340
1788795918,7873602
1788796219,7881166
1788796517,7882796
1788796818,7880796
1788797117,7887398
1788797418,7886402
1788797718,7888814
1788798017,7887171
1788798318,7883159
1788798618,7881075
1788798918,7890205
1788799218,7899063
1788799518,7899914
1788799818,7897033
1788800118,7899369
1788800418,7900435
1788800717,7900740
1788801012,7906411
1788801313,7911757
1788801613,7913257
1788801913,7911132
1788802213,7911799
1788802513,7909333
1788802813,7911913
1788803113,7914903
1788803413,7914361
1788803713,7917401
1788804013,7916563
1788804313,7916395
1788804613,7915112
1788804913,7917740
1788805213,7917480
1788805513,7913873
1788805813,7913346
1788806113,7909868
1788806413,7910172
1788806713,7913683
1788807013,7915686
1788807313,7921366
1788807613,7919327
1788807913,7916809
1788808213,7916211
1788808513,7915410
1788808813,7916805
1788809113,7922556
1788809413,7922381
1788809713,7932571
1788810013,7936090
1788810313,7932997
1788810613,7933973
1788810913,7935837
1788811213,7933744
1788811513,7932290
1788811812,7922363
1788812113,7922172
1788812413,7923638
1788812713,7918865
1788813013,7919179
1788813313,7921697
1788813613,7920462
1788813913,7919327
1788814213,7919978
1788814513,7921276
1788814813,7921784
1788815112,7922411
1788815412,7919327
1788815712,7922678
1788816013,7922270
1788816313,7923629
1788816612,7921820
1788816913,7919692
1788817213,7919786
1788817512,7917896
1788817813,7917930
1788818113,7917420
1788818413,7917535
1788818713,7915680
1788819013,7918403
1788819313,7915065
1788819613,7906481
1788819913,7914016
1788820213,7910423
1788820513,7905554
1788820812,7893694
1788821113,7881216
1788821413,7892320
1788821713,7893294
1788822013,7891340
1788822313,7898420
1788822612,7911427
1788822913,7910915
1788823213,7908255
1788823513,7898189
1788823812,7899590
1788824113,7898697
1788824413,7902007
1788824712,7906613
1788825012,7916030
1788825313,7913707
1788825612,7910129
1788825913,7904788
1788826213,7904390
1788826513,7902019
1788826813,7907416
1788827113,7898478
1788827413,7900759
1788827713,7911854
1788828013,7919958
1788828313,7919995
1788828612,7923586
1788828912,7925944
1788829213,7928802
1788829513,7928561
1788829813,7932839
1788830113,7929886
1788830413,7929945
1788830713,7938284
1788831013,7937684
1788831313,7932533
1788831613,7931003
1788831913,7930605
1788832212,7931945
1788832513,7934727
1788832813,7941441
1788833113,7937678
1788833412,7931513
1788833713,7931313
1788834013,7928171
1788834313,7943035
1788834613,7925852
1788834912,7920045
1788835213,7917333
1788835513,7910899
1788835813,7911061
1788836113,7900041
1788836413,7893325
1788836713,7893332
1788837013,7895330
1788837313,7891330
1788837613,7888691
1788837913,7879088
1788838213,7874519
1788838513,7890028
1788838813,7892273
1788839113,7891760
1788839413,7887859
1788839712,7889495
1788840013,7888522
1788840313,7888046
1788840613,7884049
1788840913,7879372
1788841213,7882679
1788841513,7877845
1788841813,7880287
1788842113,7882346
1788842413,7879287
1788842713,7874080
1788843013,7877847
1788843313,7874893
1788843613,7868295
1788843913,7871902
1788844212,7865553
1788844513,7869698
1788844813,7878521
1788845113,7881375
1788845412,7879359
1788845713,7871326
1788846013,7870809
1788846313,7863884
1788846613,7864360
1788846913,7861185
1788847213,7856310
1788847513,7851203
1788847813,7857097
1788848112,7854787
1788848413,7848205
1788848713,7841951
1788849013,7837195
1788849312,7839576
1788849613,7838245
1788849913,7838591
1788850213,7839030
1788850513,7828134
1788850813,7829650
1788851113,7829419
1788851413,7838643
1788851713,7839346
1788852013,7841695
1788852311,7841347
1788852612,7846172
1788852912,7844831
1788853081,7850219
1788853382,7851780
1788853682,7833752
1788853982,7820682
1788854282,7838774
1788854582,7833079
1788854882,7837489
1788855182,7832851
1788855482,7830868
1788855782,7830429
1788856082,7841091
1788856382,7845921
1788856516,7847454
1788856817,7851969
1788857117,7849397
1788857417,7848305
1788857717,7838741
1788858017,7838572
1788858317,7839929
1788858616,7836285
1788858917,7844569
1788859217,7843161
1788859517,7837039
1788859817,7844985
1788860117,7853960
1788860417,7865059
1788860717,7872590
1788861017,7873806
1788861317,7873526
1788861617,7871691
1788861917,7870321
1788862217,7868504
1788862517,7870427
1788862817,7874925
1788863117,7886615
1788863417,7882079
1788863716,7872697
1788864017,7869319
1788864317,7865613
1788864617,7864070
1788864917,7861313
1788865217,7856052
1788865516,7847812
1788865817,7838916
1788866117,7829118
1788866417,7835944
1788866717,7844364
1788867017,7842662
1788867317,7845428
1788867617,7842645
1788867917,7842827
1788868217,7838586
1788868517,7838747
1788868817,7841114
1788869117,7824598
1788869417,7829441
1788869717,7821366
1788870017,7822102
1788870317,7827473
1788870617,7834089
1788870917,7839657
1788871217,7835572
1788871517,7830922
1788871817,7831573
1788872117,7838786
1788872417,7839621
1788872717,7845728
1788873017,7847648
1788873317,7843728
1788873617,7838699
1788873917,7831974
1788874217,7831069
1788874517,7814714
1788874817,7794277
1788875117,7774805
1788875417,7783320
1788875717,7774758
1788876017,7792854
1788876317,7798130
1788876617,7802491
1788876917,7813000
1788877216,7825332
1788877517,7833291
1788877817,7829840
1788878117,7831865
1788878416,7833496
1788878717,7837472
1788879011,7851728
1788879312,7849402
1788879612,7854145
1788879912,7855906
1788880210,7853236
1788880511,7861597
1788880811,7862840
1788881111,7849770
1788881411,7846460
1788881711,7847888
1788882011,7858284
1788882311,7868884
1788882611,7874304
1788882911,7880046
1788883211,7888269
1788883511,7879410
1788883811,7876020
1788884111,7863658
1788884411,7863966
1788884711,7861905
1788885011,7864823
1788885311,7867045
1788885611,7879933
1788885911,7881755
1788886211,7880791
1788886511,7878490
1788886811,7873222
1788887111,7881594
1788887411,7872994
1788887711,7870905
1788888011,7864281
1788888311,7859583
1788888611,7857886
1788888911,7858415
1788889211,7860862
1788889511,7854463
1788889512,7854705
1788889814,7852045
1788890114,7859770
1788890413,7851236
1788890714,7852919
1788891013,7864865
1788891313,7865541
1788891613,7873739
1788891914,7876714
1788892213,7871326
1788892217,7871326
1788892518,7871439
1788892818,7860508
1788893118,7859745
1788893419,7842547
1788893718,7836873
1788894018,7842532
1788894319,7849829
1788894618,7844505
1788894919,7845397
1788895219,7843372
1788895518,7840995
1788895819,7844823
1788896118,7841377
1788896418,7845134
1788896718,7842037
1788897019,7837860
1788897318,7834521
1788897618,7837527
1788897918,7845671
1788898218,7850876
1788898518,7857242
1788898818,7852440
1788899118,7850020
1788899418,7856753
1788899718,7845824
1788900018,7852077
1788900319,7851921
1788900618,7851956
1788900919,7852297
1788901219,7849770
1788901518,7854634
1788901818,7853448
1788902118,7855501
1788902418,7853159
1788902718,7852558
1788903018,7854504
1788903318,7850694
1788903618,7847481
1788903918,7851821
1788904218,7851308
1788904518,7843610
1788904818,7845748
1788905118,7857769
1788905418,7848477
1788905718,7848112
1788906019,7846405
1788906318,7853336
1788906618,7850220
1788906918,7847922
1788907218,7848383
1788907518,7848284
1788907818,7852469
1788908118,7853124
1788908418,7855169
1788908718,7851640
1788909018,7851091
1788909318,7849579
1788909618,7847145
1788909918,7845646
1788910218,7844818
1788910518,7845448
1788910818,7845563
1788911118,7844430
1788911418,7844061
1788911718,7842525
1788912018,7844944
1788912318,7853600
1788912618,7860939
1788912918,7870043
1788913218,7869302
1788913518,7865796
1788913818,7862255
1788914118,7860549
1788914418,7862476
1788914718,7865946
1788915018,7873527
1788915318,7875837
1788915618,7877753
1788915918,7872376
1788916218,7876456
1788916518,7874625
1788916818,7865085
1788917118,7866773
1788917418,7873306
1788917718,7874181
1788918018,7882622
1788918318,7883741
1788918618,7885838
1788918918,7886545
1788919218,7886564
1788919518,7887765
1788919818,7890413
1788920118,7880835
1788920418,7874236
1788920718,7876562
1788921018,7879952
1788921318,7878630
1788921618,7875728
1788921918,7877865
1788922218,7877823
1788922519,7877950
1788922818,7873463
1788923118,7867110
1788923418,7865057
1788923718,7860935
1788924018,7859426
1788924318,7858495
1788924618,7856721
1788924918,7858071
1788925218,7859432
1788925518,7863888
1788925819,7863327
1788926118,7862033
1788926418,7863428
1788926718,7886957
1788927018,7878819
1788927318,7880240
1788927618,7880486
1788927918,7887711
1788928218,7888772
1788928518,7888011
1788928818,7891086
1788929118,7909108
1788929418,7912458
1788929718,7915421
1788930018,7915780
1788930318,7908330
1788930619,7910870
1788930918,7918073
1788931218,7928556
1788931518,7919008
1788931818,7913020
1788932118,7901055
1788932418,7895774
1788932718,7891801
1788933018,7884609
1788933318,7889666
1788933618,7891761
1788933918,7887855
1788934218,7893421
1788934518,7907983
1788934818,7915097
1788935118,7922693
1788935418,7915321
1788935718,7915254
1788936018,7919743
1788936318,7917417
1788936618,7913928
1788936918,7911757
1788937219,7914511
1788937518,7918387
1788937818,7928424
1788938118,7925813
1788938418,7925636
1788938718,7927933
1788939018,7925210
1788939318,7922853
1788939619,7921917
1788939918,7919923
1788940218,7919406
1788940518,7923937
1788940819,7925219
1788941118,7939969
1788941418,7943916
1788941718,7945347
1788942018,7947762
1788942319,7955125
1788942618,7963191
1788942919,7965779
1788943218,7961788
1788943518,7964488
1788943818,7964311
1788944118,7966056
1788944418,7967924
1788944719,7963324
1788945018,7953764
1788945319,7952132
1788945618,7948318
1788945918,7945744
1788946218,7943468
1788946518,7939167
1788946818,7933656
1788947118,7913549
1788947418,7903223
1788947718,7898189
1788948018,7894522
1788948318,7901705
1788948618,7897181
1788948916,7899964
1788949217,7901415
1788949517,7906449
1788949817,7907568
1788950117,7911274
1788950417,7913886
1788950717,7907012
1788951017,7902222
1788951317,7889586
1788951617,7891040
1788951917,7877488
1788952218,7880365
1788952517,7886722
1788952817,7881656
1788953118,7885606
1788953417,7895358
1788953717,7902556
1788954017,7902128
1788954317,7901168
1788954617,7908663
1788954917,7929438
1788955217,7930513
1788955517,7931180
1788955817,7939680
1788956117,7936813
1788956417,7934393
1788956717,7937977
1788957017,7937321
1788957317,7947208
1788957617,7949184
1788957917,7951161
1788958217,7956698
1788958517,7959996
1788958817,7959040
1788959117,7954282
1788959417,7954014
1788959717,7949782
1788960017,7946923
1788960317,7953103
1788960617,7957096
1788960917,7958971
1788961217,7935053
1788961517,7918265
1788961817,7928908
1788962117,7925399
1788962417,7917723
1788962717,7899346
1788963018,7900216
1788963317,7902892
1788963617,7897603
1788963917,7893761
1788964217,7917468
1788964517,7926207
1788964817,7924532
1788965117,7904139
1788965417,7906351
1788965717,7893758
1788966017,7892798
1788966318,7879640
1788966617,7861379
1788966917,7845505
1788967217,7852713
1788967517,7812978
1788967817,7831911
1788968117,7848388
1788968417,7859541
1788968717,7862380
1788969017,7859523
1788969317,7861524
1788969617,7860031
1788969917,7870107
1788970217,7855042
1788970517,7861759
1788970817,7851922
1788971117,7847396
1788971417,7859654
1788971717,7877826
1788972017,7877870
1788972317,7876253
1788972617,7874466
1788972917,7873728
1788973217,7877571
1788973517,7874707
1788973817,7876958
1788974117,7885752
1788974417,7882107
1788974717,7880679
1788975017,7884121
1788975317,7879451
1788975617,7873753
1788975917,7869758
1788976217,7872304
1788976517,7875997
1788976823,7878046
1788977117,7873217
1788977417,7866412
1788977717,7859832
1788978017,7857387
1788978317,7857692
1788978617,7860191
1788978917,7859971
1788979217,7854551
1788979517,7851725
1788979817,7850078
1788980117,7844670
1788980417,7843544
1788980717,7838609
1788981017,7838877
1788981317,7845609
1788981617,7848668
1788981917,7853301
1788982217,7851773
1788982517,7851533
1788982817,7836677
1788983117,7832254
1788983417,7829322
1788983717,7820124
1788984017,7821522
1788984317,7820292
1788984617,7823612
1788984917,7824282
1788985217,7826569
1788985517,7820868
1788985817,7811913
1788986117,7824082
1788986417,7829035
1788986717,7826307
1788987018,7815191
1788987317,7817711
1788987617,7828272
1788987917,7828583
1788988217,7825638
1788988517,7821822
1788988817,7815644
1788989117,7819318
1788989417,7825722
1788989717,7818871
1788990017,7820170
1788990317,7821545
1788990617,7810232
1788990917,7809946
1788991217,7811337
1788991517,7805309
1788991817,7791181
1788992117,7788735
1788992417,7791923
1788992717,7800090
1788993017,7801285
1788993317,7797785
1788993617,7800650
1788993917,7800662
1788994217,7800157
1788994517,7795350
1788994817,7791163
1788995117,7804997
1788995417,7814034
1788995717,7813307
1788996017,7813225
1788996317,7810236
1788996617,7814828
1788996917,7819832
1788997217,7821475
1788997517,7820600
1788997817,7823831
1788998117,7825924
1788998417,7826815
1788998717,7831669
1788999017,7829873
1788999317,7827499
1788999617,7824602
1788999917,7823503
1789000217,7825966
1789000517,7824606
1789000817,7823527
1789001117,7815814
1789001417,7817314
1789001717,7813386
1789002017,7814274
1789002317,7823936
1789002617,7840644
1789002917,7830995
1789003217,7821204
1789003517,7819916
1789003817,7816416
1789004117,7805985
1789004417,7796481
1789004717,7813353
1789005017,7809658
1789005317,7797871
1789005617,7807779
1789005917,7801657
1789006217,7802801
1789006517,7800434
1789006817,7800312
1789007117,7799540
1789007417,7797689
1789007717,7808687
1789008017,7814574
1789008317,7822932
1789008617,7826441
1789008917,7831660
1789009217,7832155
1789009517,7843830
1789009817,7839756
1789010117,7836293
1789010417,7834688
1789010717,7831780
1789011017,7833620
1789011317,7836369
1789011617,7832654
1789011917,7834112
1789012217,7840363
1789012517,7831474
1789012817,7827407
1789013117,7830968
1789013417,7834390
1789013717,7831783
1789014017,7835965
1789014317,7834837
1789014617,7836683
1789014917,7837516
1789015217,7833618
1789015517,7831877
1789015817,7831615
1789016117,7831049
1789016417,7837000
1789016717,7827477
1789017017,7828721
1789017317,7839866
1789017617,7835787
1789017917,7835126
1789018217,7844625
1789018517,7844970
1789018817,7844575
1789019117,7839128
1789019417,7839003
1789019718,7847123
1789020017,7850172
1789020317,7843880
1789020617,7840347
1789020917,7829527
1789021217,7818637
1789021517,7817444
1789021817,7818938
1789022117,7814997
1789022422,7816109
1789022717,7821331
1789023017,7837408
1789023317,7841279
1789023617,7840299
1789023917,7826912
1789024217,7816659
1789024517,7819680
1789024817,7817617
1789025117,7808875
1789025417,7801852
1789025717,7793816
1789026017,7794337
1789026317,7796727
1789026618,7802828
1789026917,7810203
1789027217,7808574
1789027517,7809813
1789027817,7811917
1789028117,7805860
1789028417,7804483
1789028717,7812152
1789029018,7813750
1789029317,7807692
1789029617,7808613
1789029917,7807095
1789030217,7807527
1789030517,7812841
1789030817,7808503
1789031117,7814607
1789031417,7812318
1789031717,7811901
1789032017,7815050
1789032317,7816156
1789032617,7817812
1789032918,7809016
1789033218,7798046
1789033517,7794655
1789033818,7795198
1789034117,7797734
1789034417,7794493
1789034717,7798618
1789035017,7795055
1789035317,7796326
1789035617,7796468
1789035917,7794161
1789036217,7794610
1789036517,7788642
1789036817,7797891
1789037117,7797289
1789037434,7795048
1789037735,7787433
1789038035,7784795
1789038335,7779222
1789038635,7780538
1789038935,7789621
1789039235,7793657
1789039535,7798502
1789039835,7797939
1789040116,7801663
1789040417,7800283
1789040718,7797988
1789041018,7790715
1789041318,7787276
1789041617,7782821
1789041917,7778597
1789042217,7771230
1789042517,7777629
1789042818,7772216
1789043117,7771420
1789043417,7771204
1789043716,7741984
1789044017,7713922
1789044317,7712600
1789044618,7696754
1789044918,7687793
1789045218,7685114
1789045518,7702071
1789045818,7693786
1789046118,7682972
1789046418,7678827
1789046718,7688575
1789047018,7689488
1789047318,7687306
1789047618,7697430
1789047918,7693178
1789048218,7703728
1789048518,7709417
1789048818,7715854
1789049118,7721671
1789049418,7701387
1789049718,7707726
1789050018,7696912
1789050318,7715276
1789050618,7727415
1789050918,7725720
1789051218,7725016
1789051518,7725351
1789051818,7730246
1789052118,7735050
1789052418,7736457
1789052718,7726940
1789053018,7732582
1789053318,7731134
1789053618,7724795
1789053918,7714916
1789054218,7711328
1789054518,7712185
1789054818,7727347
1789055118,7718892
1789055418,7712431
1789055718,7713288
1789056018,7719613
1789056318,7711464
1789056618,7695808
1789056918,7695314
1789057218,7687897
1789057518,7694563
1789057818,7690183
1789058118,7686399
1789058418,7695323
1789058718,7698402
1789059018,7715723
1789059318,7706391
1789059618,7714040
1789059918,7710934
1789060218,7711661
1789060518,7713950
1789060818,7712102
1789061118,7722038
1789061418,7728065
1789061718,7741008
1789062018,7734937
1789062318,7732055
1789062618,7732110
1789062918,7737633
1789063218,7730803
1789063518,7716887
1789063818,7706988
1789064118,7698962
1789064418,7699235
1789064718,7707968
1789065018,7706850
1789065318,7703961
1789065618,7711288
1789065918,7710842
1789066218,7708594
1789066518,7720469
1789066818,7719774
1789067118,7716380
1789067418,7714810
1789067718,7712363
1789068018,7712310
1789068318,7712215
1789068618,7717430
1789068919,7711903
1789069218,7712878
1789069518,7721940
1789069818,7714282
1789070118,7707187
1789070418,7712895
1789070718,7713276
1789071018,7723319
1789071318,7726912
1789071618,7728909
1789071918,7726585
1789072218,7725685
1789072518,7722690
1789072818,7723711
1789073118,7726072
1789073418,7721998
1789073718,7726096
1789074018,7725226
1789074318,7721888
1789074618,7723134
1789074918,7723772
1789075218,7718444
1789075518,7718010
1789075818,7720411
1789076118,7719286
1789076418,7715944
1789076718,7713250
1789077018,7715164
1789077318,7712428
1789077618,7711188
1789077918,7712063
1789078218,7713956
1789078518,7710520
1789078817,7716585
1789079118,7714077
1789079418,7707299
1789079718,7697329
1789080018,7689156
1789080318,7684056
1789080618,7693238
1789080918,7688826
1789081218,7682313
1789081518,7677503
1789081818,7669013
1789082118,7658777
1789082418,7664162
1789082718,7668549
1789083018,7673957
1789083318,7674647
1789083618,7674865
1789083918,7674246
1789084218,7670737
1789084518,7665384
1789084818,7655245
1789085118,7664859
1789085418,7675595
1789085718,7680319
1789086018,7676565
1789086318,7681976
1789086618,7679295
1789086918,7672160
1789087218,7676488
1789087518,7673950
1789087818,7674058
1789088118,7684271
1789088418,7686745
1789088718,7695363
1789089018,7693850
1789089317,7692454
1789089618,7687913
1789089918,7680468
1789090218,7679765
1789090518,7670816
1789090818,7675119
1789091118,7680686
1789091418,7684868
1789091718,7690692
1789092018,7693706
1789092318,7691855
1789092618,7689618
1789092918,7692788
1789093218,7686961
1789093517,7683516
1789093818,7677883
1789094118,7675951
1789094418,7686976
1789094718,7685269
1789095018,7688639
1789095318,7684482
1789095618,7681594
1789095918,7679591
1789096218,7669462
1789096518,7679592
1789096818,7679443
1789097118,7675476
1789097418,7678515
1789097718,7672217
1789098018,7681012
1789098318,7684551
1789098630,7676322
1789098918,7677377
1789099218,7685091
1789099518,7689860
1789099818,7693471
1789100118,7693843
1789100418,7695455
1789100718,7701871
1789101018,7714165
1789101318,7712919
1789101618,7708968
1789101918,7707845
1789102218,7707975
1789102518,7710119
1789102818,7710103
1789103118,7705445
1789103418,7706114
1789103718,7708892
1789104018,7710503
1789104318,7709567
1789104618,7707167
1789104918,7706922
1789105218,7713682
1789105518,7715264
1789105818,7716015
1789106118,7717381
1789106418,7721034
1789106718,7722744
1789107018,7724929
1789107318,7732725
1789107618,7729912
1789107918,7725675
1789108218,7724514
1789108518,7716426
1789108818,7721030
1789109118,7720361
1789109418,7723570
1789109718,7725755
1789110018,7726554
1789110318,7727258
1789110618,7731937
1789110918,7730105
1789111218,7731116
1789111518,7732154
1789111818,7730430
1789112118,7726521
1789112418,7725241
1789112718,7723924
1789113018,7722174
1789113318,7719175
1789113618,7720727
1789113918,7718895
1789114218,7713860
1789114518,7714701
1789114818,7721054
1789115118,7727597
1789115418,7733913
1789115718,7738655
1789116018,7735764
1789116318,7739106
1789116618,7736273
1789116918,7733315
1789117218,7733415
1789117518,7730591
1789117818,7726304
1789118118,7725855
1789118418,7725368
1789118718,7722134
1789119018,7714647
1789119318,7711325
1789119618,7691672
1789119918,7692934
1789120218,7699352
1789120518,7701513
1789120818,7701409
1789121118,7709920
1789121418,7709027
1789121718,7704504
1789122018,7708612
1789122318,7707440
1789122613,7701768
1789122914,7698941
1789123214,7700360
1789123514,7698533
1789123814,7698228
1789124114,7700330
1789124414,7698483
1789124714,7688213
1789125014,7677572
1789125314,7678325
1789125614,7678387
1789125914,7678226
1789126214,7682857
1789126514,7680324
1789126814,7682615
1789127114,7686427
1789127414,7691237
1789127714,7695041
1789128014,7697986
1789128314,7703744
1789128614,7690296
1789128914,7688745
1789129214,7698902
1789129514,7696950
1789129814,7699409
1789130114,7695041
1789130414,7748589
1789130714,7755039
1789131014,7787743
1789131314,7797648
1789131614,7794671
1789131914,7776931
1789132214,7760200
1789132514,7764821
1789132814,7765862
1789133114,7772443
1789133414,7754014
1789133714,7743613
1789134014,7751749
1789134314,7776755
1789134614,7817461
1789134914,7865689
1789135214,7895947
1789135514,7945039
1789135814,7902355
1789136114,7900985
1789136414,7909772
1789136714,7902766
1789137014,7902475
1789137314,7885298
1789137614,7867655
1789137914,7860163
1789138224,7862710
1789138514,7877044
1789138814,7879827
1789139114,7862649
1789139414,7865663
1789139714,7854194
1789140014,7860480
1789140314,7865969
1789140614,7872710
1789140914,7878464
1789141214,7873989
1789141514,7868007
1789141814,7854903
1789142114,7786063
1789142414,7771055
1789142714,7784117
1789143014,7793121
1789143314,7779779
1789143614,7764988
1789143914,7745835
1789144214,7764964
1789144514,7767111
1789144814,7764811
1789145114,7775803
1789145414,7791280
1789145714,7788255
1789146014,7790675
1789146314,7783403
1789146614,7780769
1789146914,7778500
1789147214,7779908
1789147514,7779553
1789147814,7783098
1789148114,7780266
1789148414,7760550
1789148714,7759994
1789149014,7757124
1789149314,7751142
1789149614,7752100
1789149914,7720856
1789150214,7709376
1789150514,7703748
1789150814,7720531
1789151114,7714396
1789151414,7715007
1789151714,7721422
1789152014,7721308
1789152314,7711440
1789152614,7705248
1789152914,7696569
1789153214,7702723
1789153514,7710380
1789153814,7717047
1789154114,7718113
1789154414,7715319
1789154714,7722886
1789155014,7723175
1789155314,7720376
1789155614,7724142
1789155914,7726857
1789156214,7728633
1789156514,7730861
1789156814,7729621
1789157114,7740521
1789157414,7740678
1789157714,7743837
1789158014,7737413
1789158314,7740918
1789158614,7738683
1789158914,7735107
1789159214,7740386
1789159514,7738966
1789159814,7729266
1789160114,7725640
1789160414,7731558
1789160714,7732293
1789161014,7736950
1789161314,7733541
1789161614,7737942
1789161914,7738615
1789162214,7735445
1789162514,7735648
1789162814,7736724
1789163114,7733639
1789163414,7727731
1789163714,7721957
1789164014,7711277
1789164314,7706106
1789164614,7708124
1789164914,7715933
1789165214,7715105
1789165514,7718428
1789165814,7716222
1789166114,7706433
1789166414,7713097
1789166714,7714352
1789167014,7707117
1789167314,7706675
1789167614,7711600
1789167914,7715935
1789168214,7717185
1789168514,7712965
1789168814,7713634
1789169114,7713799
1789169414,7717331
1789169714,7718650
1789170014,7718722
1789170314,7716167
1789170614,7717015
1789170914,7717726
1789171214,7719412
1789171514,7727271
1789171814,7727621
1789172114,7727433
1789172414,7727933
1789172714,7728054
1789173014,7727247
1789173314,7724326
1789173614,7724381
1789173914,7727233
1789174214,7727380
1789174514,7729019
1789174814,7728897
1789175114,7726266
1789175414,7732457
1789175714,7735096
1789176014,7735340
1789176314,7731666
1789176614,7729497
1789176914,7730947
1789177214,7728947
1789177514,7727146
1789177814,7729372
1789178114,7727243
1789178414,7726007
1789178714,7728212
1789179014,7730055
1789179314,7729912
1789179614,7729257
1789179914,7729725
1789180214,7729001
1789180514,7727143
1789180814,7723249
1789181114,7722730
1789181414,7724808
1789181714,7724487
1789182014,7725125
1789182314,7727924
1789182614,7727465
1789182914,7726428
1789183214,7728498
1789183514,7723809
1789183814,7725016
1789184114,7725823
1789184414,7724805
1789184714,7723697
1789185014,7723290
1789185314,7724624
1789185614,7725769
1789185914,7728598
1789186214,7729044
1789186514,7728634
1789186814,7723297
1789187114,7722899
1789187414,7723162
1789187714,7726468
1789188014,7727773
1789188314,7724161
1789188614,7724030
1789188914,7723516
1789189214,7721394
1789189514,7719580
1789189814,7717440
1789190114,7721372
1789190414,7722446
1789190714,7720264
1789191014,7720422
1789191314,7721965
1789191614,7723799
1789191914,7722549
1789192214,7722828
1789192514,7722741
1789192814,7720619
1789193114,7719672
1789193414,7719580
1789193714,7719731
1789194014,7721868
1789194314,7722181
1789194614,7722316
1789194914,7725534
1789195214,7725556
1789195514,7730018
1789195814,7731907
1789196114,7729593
1789196414,7728061
1789196714,7730468
1789197014,7732360
1789197314,7732497
1789197614,7730653
1789197914,7731277
1789198214,7729343
1789198514,7728309
1789198814,7726984
1789199114,7726538
1789199414,7726083
1789199714,7726600
1789200014,7726555
1789200314,7727125
1789200614,7730819
1789200914,7728366
1789201214,7729938
1789201514,7729782
1789201814,7728643
1789202114,7729153
1789202414,7732361
1789202714,7733161
1789203014,7733775
1789203092,7734084
1789203393,7733737
1789203693,7733486
1789203994,7735592
1789204293,7733627
1789204593,7734468
1789204893,7734012
1789205193,7734509
1789205493,7735396
1789205793,7732921
1789206093,7734530
1789206393,7732566
1789206693,7732209
1789206993,7731670
1789207293,7733186
1789207593,7736736
1789207893,7737522
1789208193,7737570
1789208493,7736702
1789208793,7735863
1789209093,7735609
1789209393,7734001
1789209693,7734357
1789209993,7735072
1789210293,7733425
1789210593,7732076
1789210893,7731850
1789211193,7730507
1789211493,7729721
1789211793,7730684
1789212093,7728550
1789212393,7727901
1789212693,7727959
1789212993,7729158
1789213293,7730839
1789213593,7732815
1789213893,7733096
1789214193,7733760
1789214413,7733924
1789214714,7733259
1789215014,7734084
1789215314,7731448
1789215614,7730459
1789215914,7729912
1789216214,7731466
1789216514,7731368
1789216814,7732184
1789216818,7732184
1789217119,7731476
1789217419,7731383
1789217719,7727847
1789218019,7729606
1789218319,7731594
1789218619,7735461
1789218919,7731452
1789219219,7727429
1789219519,7726766
1789219819,7727999
1789220119,7728062
1789220419,7728111
1789220719,7727869
1789221019,7726657
1789221319,7731018
1789221619,7734291
1789221919,7735307
1789222219,7736238
1789222519,7735094
1789222819,7735590
1789223119,7737517
1789223419,7740022
1789223717,7743608
1789224018,7744857
1789224318,7744628
1789224611,7746372
1789224912,7746311
1789225212,7744297
1789225512,7744516
1789225812,7742024
1789226112,7740310
1789226117,7740310
1789226417,7743195
1789226718,7742455
1789227018,7744937
1789227318,7739388
1789227618,7737633
1789227918,7738521
1789228218,7736460
1789228518,7736597
1789228818,7737714
1789229118,7739493
1789229418,7734795
1789229718,7734875
1789230018,7736122
1789230318,7736622
1789230618,7736628
1789230918,7736941
1789231218,7734691
1789231518,7734542
1789231818,7734144
1789232118,7733237
1789232418,7734223
1789232718,7735292
1789233028,7737771
1789233318,7733749
1789233618,7730688
1789233918,7728409
1789234218,7727561
1789234518,7725365
1789234818,7722674
1789235118,7721586
1789235418,7718939
1789235718,7716993
1789236018,7719275
1789236318,7717407
1789236618,7719413
1789236918,7716897
1789237218,7712043
1789237518,7715822
1789237818,7717686
1789238118,7714822
1789238418,7715657
1789238718,7716479
1789239018,7716504
1789239318,7713499
1789239618,7713730
1789239918,7714760
1789240218,7712651
1789240518,7714097
1789240818,7714315
1789241118,7714065
1789241418,7715031
1789241718,7712063
1789242018,7707470
1789242318,7706878
1789242618,7709471
1789242918,7710306
1789243218,7711483
1789243518,7714790
1789243818,7716352
1789244118,7716791
1789244418,7715910
1789244718,7715486
1789245018,7717066
1789245318,7717290
1789245618,7715037
1789245918,7717438
1789246218,7717828
1789246518,7716027
1789246818,7714814
1789247118,7718698
1789247418,7720531
1789247718,7715895
1789248018,7715431
1789248318,7716023
1789248618,7719192
1789248918,7721269
1789249218,7722801
1789249518,7723038
1789249818,7723041
1789250118,7723912
1789250418,7724506
1789250718,7725509
1789251018,7723326
1789251318,7722557
1789251618,7724811
1789251918,7727584
1789252218,7720804
1789252518,7719468
1789252818,7719430
1789253118,7718448
1789253418,7719727
1789253718,7722487
1789254018,7722234
1789254318,7723503
1789254618,7725730
1789254918,7725937
1789255218,7725730
1789255518,7723726
1789255818,7723959
1789256118,7724047
1789256418,7723604
1789256718,7723910
1789257018,7724551
1789257318,7727242
1789257618,7727407
1789257918,7727003
1789258218,7726965
1789258518,7725762
1789258818,7725838
1789259118,7725577
1789259418,7726103
1789259718,7725363
1789260018,7725513
1789260318,7719301
1789260618,7721946
1789260918,7725001
1789261218,7725633
1789261518,7724791
1789261818,7724874
1789262118,7725717
1789262418,7726486
1789262718,7729897
1789263018,7725069
1789263318,7723172
1789263618,7724184
1789263918,7727277
1789264218,7728355
1789264518,7727806
1789264818,7729054
1789265118,7728335
1789265418,7726185
1789265718,7726162
1789266018,7726844
1789266318,7726354
1789266618,7724460
1789266918,7725286
1789267218,7723622
1789267518,7725116
1789267818,7729369
1789268118,7728563
1789268418,7727222
1789268718,7728536
1789269018,7726611
1789269318,7726600
1789269618,7726169
1789269918,7726225
1789270218,7723920
1789270518,7720835
1789270818,7719589
1789271118,7720063
1789271418,7718614
1789271718,7718914
1789272018,7718157
1789272318,7718862
1789272618,7720893
1789272918,7720139
1789273218,7722484
1789273518,7721530
1789273818,7721099
1789274118,7720785
1789274418,7720017
1789274718,7719593
1789275018,7719664
1789275318,7719812
1789275618,7719450
1789275918,7719668
1789276218,7720927
1789276518,7721775
1789276818,7723289
1789277118,7724665
1789277418,7725856
1789277718,7727349
1789278018,7727804
1789278318,7728277
1789278618,7729336
1789278918,7729826
1789279218,7729663
1789279518,7729753
1789279818,7729299
1789280118,7729027
1789280418,7728063
1789280718,7727470
1789281018,7727600
1789281318,7727901
1789281618,7726659
1789281918,7726369
1789282218,7723438
1789282518,7716828
1789282819,7706928
1789283118,7712580
1789283418,7714473
1789283718,7714546
1789284018,7715063
1789284318,7714460
1789284618,7712359
1789284918,7710900
1789285218,7709295
1789285518,7712819
1789285818,7712335
1789286118,7711350
1789286418,7709144
1789286718,7713352
1789287018,7711163
1789287318,7703989
1789287618,7700234
1789287918,7700668
1789288218,7699677
1789288518,7690725
1789288818,7682214
1789289118,7681433
1789289418,7682596
1789289718,7680475
1789290018,7678357
1789290318,7681220
1789290618,7682561
1789290918,7679647
1789291218,7676236
1789291518,7673824
1789291818,7665749
1789292118,7657183
1789292418,7667396
1789292718,7670361
1789293018,7673413
1789293318,7674573
1789293618,7675123
1789293918,7676513
1789294218,7675749
1789294518,7676009
1789294818,7675868
1789295118,7672005
1789295418,7672266
1789298712,7662294
1789299013,7663341
1789299313,7665205
1789299613,7672302
1789299913,7674718
1789300213,7673793
1789300513,7675879
1789300813,7674515
1789301113,7673412
1789301413,7674613
1789301713,7677143
1789302013,7680977
1789302313,7681327
1789302613,7681517
1789302913,7677936
1789303213,7674211
1789303513,7671163
1789303812,7667871
1789304113,7671166
1789304413,7671703
1789304713,7668743
1789305013,7670259
1789305313,7673527
1789305613,7669775
1789305913,7663039
1789306213,7655877
1789306513,7663604
1789306813,7667746
1789307113,7673500
1789307413,7679146
1789307713,7684727
1789308013,7682723
1789308313,7683701
1789308613,7691716
1789308913,7695906
1789309213,7703029
1789309513,7704575
1789309813,7707394
1789310113,7706896
1789310413,7715607
1789310714,7715572
1789311013,7719234
1789311313,7716557
1789311613,7717423
1789311913,7711216
1789312213,7710321
1789312513,7708771
1789312813,7700997
1789313113,7710578
1789313413,7703979
1789313713,7708364
1789314013,7705822
1789314313,7711947
1789314613,7712948
1789314913,7711896
1789315213,7710555
1789315513,7714859
1789315813,7713872
1789316113,7718730
1789316413,7719018
1789316713,7722922
1789317013,7722120
1789317313,7722040
1789317613,7722889
1789317913,7728950
1789318213,7723021
1789318513,7725887
1789318813,7726804
1789319113,7729294
1789319413,7731211
1789319713,7735379
1789320013,7733180
1789320313,7730872
1789320613,7728359
1789320913,7722877
1789321213,7724894
1789321513,7724824
1789321813,7728730
1789322113,7732260
1789322413,7730416
1789322713,7729093
1789323013,7728840
1789323313,7730520
1789323613,7733521
1789323913,7734500
1789324213,7730820
1789324513,7730659
1789324813,7734213
1789325113,7734323
1789325413,7735159
1789325713,7734616
1789326013,7731537
1789326313,7734028
1789326614,7733652
1789326913,7726386
1789327213,7723454
1789327513,7723350
1789327813,7724232
1789328113,7721688
1789328413,7720556
1789328713,7721432
1789329013,7721809
1789329313,7722860
1789329613,7725115
1789329913,7726249
1789330213,7724597
1789330513,7725611
1789330813,7727642
1789331113,7729040
1789331413,7729524
1789331713,7732663
1789332013,7728266
1789332313,7728392
1789332613,7731855
1789332913,7731696
1789333213,7731259
1789333513,7730074
1789333813,7729393
1789334113,7732545
1789334413,7734869
1789334713,7740167
1789335013,7739388
1789335313,7736995
1789335613,7733544
1789335913,7734575
1789336213,7732833
1789336513,7729997
1789336813,7728926
1789337113,7708312
1789337413,7696602
1789337713,7692056
1789338013,7676973
1789338313,7675589
1789338613,7676270
1789338913,7676713
1789339213,7679302
1789339513,7670827
1789339813,7671541
1789340113,7673416
1789340413,7666958
1789340713,7670844
1789341013,7666003
1789341313,7668102
1789341613,7662758
1789341913,7665286
1789342213,7668239
1789342513,7680669
1789342813,7676871
1789343113,7679143
1789343413,7680204
1789343713,7678369
1789344013,7681808
1789344313,7681331
1789344613,7694150
1789344913,7689498
1789345213,7685961
1789345513,7670544
1789345813,7649809
1789346113,7668494
1789346413,7672655
1789346713,7674657
1789347013,7677160
1789347313,7675947
1789347613,7678542
1789347913,7679182
1789348213,7674248
1789348513,7673452
1789348813,7666517
1789349113,7674563
1789349413,7683390
1789349713,7666933
1789350013,7674923
1789350313,7681674
1789350613,7683078
1789350913,7687335
1789351213,7705168
1789351513,7702320
1789351813,7715025
1789352113,7730497
1789352413,7726376
1789352713,7737066
1789353013,7751190
1789353313,7756696
1789353613,7745112
1789353913,7744731
1789354213,7753977
1789354513,7764161
1789354813,7755755
1789355113,7759403
1789355413,7774678
1789355713,7778081
1789356013,7772974
1789356313,7776990
1789356613,7778743
1789356913,7765047
1789357213,7758340
1789357513,7751098
1789357813,7751858
1789358113,7750406
1789358415,7752172
1789358713,7752450
1789359013,7756307
1789359313,7755580
1789359613,7753771
1789359913,7760130
1789360213,7760509
1789360513,7754732
1789360813,7756425
1789361113,7760219
1789361413,7763893
1789361713,7761825
1789362013,7761962
1789362313,7758780
1789362613,7757377
1789362913,7758451
1789363213,7755009
1789363513,7751113
1789363813,7749411
1789364113,7749366
1789364413,7756893
1789364713,7752466
1789365013,7749691
1789365313,7748020
1789365613,7756328
1789365913,7766075
1789366213,7773925
1789366513,7775415
1789366813,7770545
1789367113,7763839
1789367413,7758743
1789367713,7741903
1789368013,7746495
1789368313,7767380
1789368612,7765461
1789368913,7758139
1789369213,7755938
1789369513,7765031
1789369813,7761032
1789370113,7762297
1789370413,7767473
1789370713,7768864
1789371013,7768327
1789371313,7765972
1789371613,7772841
1789371913,7781027
1789372213,7780117
1789372513,7780567
1789372813,7784133
1789373113,7770856
1789373413,7776744
1789373713,7774393
1789374013,7770278
1789374313,7780805
1789374613,7776120
1789374913,7769887
1789375406,7774983
1789375707,7767988
1789376007,7765142
1789376307,7767012
1789376607,7771731
1789376907,7768963
1789377207,7772105
1789377507,7764838
1789377807,7763725
1789378107,7761947
1789378407,7783165
1789378707,7777837
1789379007,7785309
1789379307,7790674
1789379607,7818774
1789379907,7818512
1789380207,7806881
1789380507,7804413
1789380807,7800572
1789381107,7800139
1789381407,7796785
1789381707,7793373
1789381819,7792968
1789382120,7791054
1789382420,7791824
1789382720,7792954
1789383020,7797813
1789383320,7789549
1789383620,7788340
1789383920,7779742
1789384220,7771870
1789384520,7774647
1789384820,7775070
1789385120,7782419
1789385420,7785758
1789385720,7773955
1789386020,7777457
1789386320,7780041
1789386620,7777259
1789386920,7769085
1789387220,7772281
1789387520,7778060
1789387820,7779053
1789388120,7780394
1789388420,7787792
1789388720,7791143
1789389020,7794306
1789389320,7800580
1789389620,7782469
1789389920,7788430
1789390220,7776897
1789390520,7769158
1789390820,7765015
1789391120,7760867
1789391420,7749120
1789391720,7766340
1789392020,7778629
1789392320,7776418
1789392619,7781178
1789392920,7810641
1789393220,7807911
1789393520,7809199
1789393820,7833670
1789394120,7821038
1789394420,7813578
1789394720,7836662
1789395020,7829352
1789395320,7846621
1789395620,7848528
1789395920,7834069
1789396220,7837756
1789396520,7857227
1789396820,7841189
1789397120,7837854
1789397420,7848701
1789397720,7846444
1789398020,7847750
1789398320,7833063
1789398620,7851029
1789398920,7845563
1789399220,7850522
1789399520,7846333
1789399820,7840732
1789400118,7847087
1789400420,7843594
1789400720,7852215
1789401020,7843513
1789401320,7858429
1789401618,7855215
1789401919,7846612
1789402219,7843530
1789402519,7843686
1789402819,7877189
1789403119,7882875
1789403419,7867537
1789403719,7866167
1789404019,7864693
1789404319,7862599
1789404619,7880676
1789404919,7883021
1789405219,7875160
1789405519,7879042
1789405819,7879014
1789406119,7881482
1789406419,7880878
1789406723,7892322
1789407019,7888058
1789407319,7875412
1789407619,7879610
1789407919,7883502
1789408219,7894277
1789408519,7895668
1789408819,7892452
1789409119,7893454
1789409419,7896360
1789409719,7886770
1789410019,7896004
1789410319,7917041
1789410619,7915733
1789410919,7919224
1789411219,7910112
1789411518,7917173
1789411818,7925587
1789412119,7920466
1789412418,7922113
1789412719,7907489
1789413019,7903552
1789413318,7910368
1789413618,7915217
1789413919,7918908
1789414219,7914621
1789414518,7912998
1789414819,7900727
1789415119,7909739
1789415419,7908968
1789415719,7905163
1789416019,7898876
1789416319,7900716
1789416619,7902722
1789416919,7911721
1789417218,7940126
1789417519,7946112
1789417819,7941587
1789418119,7940713
1789418418,7937739
1789418719,7936236
1789419019,7926011
1789419319,7924301
1789419619,7909912
1789419919,7895796
1789420218,7897138
1789420518,7890040
1789420818,7888481
1789421119,7895576
1789421418,7890959
1789421719,7889433
1789422018,7880591
1789422319,7881144
1789422619,7879568
1789422919,7876271
1789423219,7875373
1789423519,7872233
1789423818,7876721
1789424118,7881663
1789424418,7867742
1789424719,7857170
1789425018,7853882
1789425318,7851477
1789425619,7857901
1789425918,7863501
1789426218,7857563
1789426518,7855658
1789426818,7854221
1789427119,7845042
1789427418,7840891
1789427718,7842283
1789428018,7838538
1789428318,7839612
1789428618,7840024
1789428919,7829602
1789429218,7827343
1789429518,7831367
1789429818,7826909
1789430118,7816287
1789430419,7816474
1789430718,7817457
1789431018,7820125
1789431319,7812375
1789431618,7806376
1789431918,7803066
1789432218,7800342
1789432518,7800599
1789432818,7799804
1789433118,7795206
1789433418,7795603
1789433719,7795844
1789434019,7794272
1789434319,7782952
1789434618,7778136
1789434918,7782471
1789435218,7786285
1789435518,7798240
1789435818,7785246
1789436118,7795380
1789436418,7795500
1789436718,7797636
1789437018,7800840
1789437318,7797101
1789437618,7790808
1789437918,7791758
1789438218,7791180
1789438518,7798393
1789438819,7793225
1789439119,7793942
1789439418,7795048
1789439718,7792334
1789440018,7786685
1789440318,7785607
1789440619,7782722
1789440919,7783646
1789441218,7788381
1789441518,7778954
1789441818,7778081
1789442118,7770703
1789442418,7772111
1789442718,7780115
1789443019,7781559
1789443318,7782063
1789443619,7780979
1789443918,7777801
1789444218,7773910
1789444518,7771337
1789444818,7765236
1789445118,7769325
1789445418,7766733
1789445718,7763056
1789446018,7764382
1789446318,7761876
1789446619,7760288
1789446919,7755666
1789447218,7754632
1789447519,7761338
1789447818,7759445
1789448118,7756121
1789448418,7755491
1789448719,7758253
1789449019,7757321
1789449318,7740228
1789449618,7732747
1789449919,7735831
1789450219,7742973
1789450519,7743924
1789450819,7738765
1789451118,7744241
1789451419,7747674
1789451719,7756971
1789452018,7762450
1789452319,7769491
1789452618,7764193
1789452918,7756287
1789453218,7755381
1789453518,7745513
1789453818,7738907
1789454118,7741689
1789454419,7740286
1789454719,7742181
1789455019,7733796
1789455319,7720574
1789455619,7724969
1789455919,7725610
1789456219,7720546
1789456519,7719459
1789456819,7725431
1789457119,7725381
1789457419,7726350
1789457719,7714935
1789458019,7708941
1789458319,7701532
1789458619,7699701
1789458919,7689786
1789459219,7687781
1789459519,7682576
1789459819,7672909
1789460119,7674009
1789460419,7672684
1789460719,7681077
1789461019,7681188
1789461319,7684090
1789461619,7681919
1789461917,7681846
1789462218,7686794
1789462518,7688265
1789462818,7694963
1789463118,7689546
1789463418,7689051
1789463718,7687522
1789464018,7689418
1789464318,7687666
1789464326,7687706
1789464627,7686595
1789464927,7690386
1789465227,7691830
1789465527,7694003
1789465827,7698230
1789466127,7699904
1789466421,7695721
1789466721,7690902
1789467021,7696937
1789467321,7698084
1789467621,7696937
1789467921,7694929
1789468221,7688172
1789468521,7692593
1789468821,7690206
1789469121,7699055
1789469421,7706290
1789469721,7699983
1789470021,7702355
1789470321,7706547
1789470621,7712530
1789470921,7700675
1789471221,7704316
1789471514,7694867
1789471815,7696703
1789472115,7690215
1789472415,7688816
1789472715,7689797
1789473015,7682461
1789473315,7687776
1789473615,7691029
1789473915,7689215
1789474215,7685422
1789474515,7690670
1789474815,7692744
1789475115,7691693
1789475415,7688743
1789475715,7688144
1789476015,7691372
1789476315,7690836
1789476615,7694741
1789476923,7705546
1789477215,7692681
1789477515,7699939
1789477815,7699958
1789478115,7697609
1789478415,7692359
1789478715,7691087
1789479015,7690164
1789479315,7676487
1789479615,7633301
1789479915,7637790
1789480215,7630897
1789480515,7615822
1789480815,7648806
1789481115,7647783
1789481415,7638832
1789481715,7638140
1789482015,7632372
1789482315,7636266
1789482615,7636518
1789482915,7614760
1789483215,7591111
1789483515,7583308
1789483815,7570538
1789484115,7573798
1789484415,7588422
1789484712,7592962
1789485014,7600863
1789485313,7598928
1789485613,7599641
1789485913,7610869
1789486213,7636358
1789486513,7632576
1789486813,7633996
1789487113,7638063
1789487413,7641189
1789487713,7648247
1789488013,7651320
1789488313,7647134
1789488613,7633297
1789488913,7624495
1789489213,7634586
1789489513,7642322
1789489813,7643144
1789490113,7634830
1789490413,7636097
1789490713,7630461
1789491013,7634499
1789491314,7642774
1789491613,7636790
1789491913,7626187
1789492213,7617016
1789492218,7617817
1789492519,7617837
1789492819,7622405
1789493119,7627578
1789493419,7645360
1789493719,7678509
1789494019,7701697
1789494319,7674158
1789494619,7693957
1789494919,7699805
1789495219,7692783
1789495519,7687270
1789495819,7685778
1789496119,7681271
1789496419,7655650
1789496719,7657255
1789497019,7670491
1789497319,7674150
1789497619,7628738
1789497919,7576925
1789498219,7515478
1789498519,7565919
1789498819,7595543
1789499119,7606788
1789499419,7596500
1789499719,7594293
1789500019,7615382
1789500319,7608471
1789500619,7595063
1789500919,7588992
1789501219,7590699
1789501519,7585229
1789501819,7587387
1789502119,7595101
1789502419,7610552
1789502719,7604780
1789503019,7591521
1789503319,7594829
1789503619,7592326
1789503919,7583936
1789504219,7576368
1789504519,7564608
1789504819,7575328
1789505119,7577705
1789505419,7588775
1789505719,7591058
1789506019,7588530
1789506319,7574309
1789506619,7569681
1789506919,7584606
1789507219,7581797
1789507519,7573883
1789507819,7563514
1789508119,7563742
1789508419,7563834
1789508719,7569284
1789509019,7562418
1789509319,7552728
1789509619,7540800
1789509919,7546785
1789510219,7538947
1789510519,7533603
1789510819,7518760
1789511119,7516308
1789511419,7543886
1789511719,7552872
1789512019,7557633
1789512319,7554531
1789512619,7563046
1789512919,7568161
1789513219,7565345
1789513519,7569171
1789513819,7577428
1789514119,7583027
1789514419,7586669
1789514719,7583940
1789515019,7571710
1789515319,7561736
1789515619,7554279
1789515919,7562866
1789516219,7560194
1789516519,7563225
1789516819,7560660
1789517119,7565095
1789517419,7567193
1789517719,7566229
1789518019,7572940
1789518319,7574728
1789518619,7577667
1789518919,7577250
1789519219,7583101
1789519519,7575002
1789519819,7577919
1789520119,7570785
1789520419,7572352
1789520719,7569707
1789521019,7569913
1789521319,7568670
1789521619,7573322
1789521919,7584863
1789522219,7583473
1789522519,7566707
1789522819,7552005
1789523119,7559899
1789523419,7553659
1789523719,7545338
1789524019,7544513
1789524319,7556480
1789524619,7556920
1789524919,7559602
1789525219,7574971
1789525519,7577161
1789525819,7587229
1789526119,7593383
1789526419,7598937
1789526719,7593096
1789527019,7592634
1789527319,7588172
1789527619,7582329
1789527919,7588837
1789528219,7578105
1789528519,7589009
1789528819,7597932
1789529119,7599146
1789529419,7582789
1789529719,7582177
1789530019,7574590
1789530319,7574150
1789530619,7573306
1789530919,7570898
1789531219,7575574
1789531519,7583192
1789531819,7581778
1789532119,7582266
1789532419,7579414
1789532719,7590560
1789533019,7585791
1789533319,7584611
1789533619,7589333
1789533919,7590372
1789534219,7585911
1789534519,7577847
1789534819,7579656
1789535119,7566571
1789535419,7569806
1789535719,7573894
1789536019,7579621
1789536319,7583616
1789536619,7582107
1789536919,7580497
1789537219,7585591
1789537519,7590121
1789537819,7588644
1789538119,7585218
1789538419,7590642
1789538719,7593244
1789539019,7594894
1789539319,7594566
1789539619,7594099
1789539919,7587193
1789540219,7585239
1789540519,7585987
1789540819,7580201
1789541119,7585297
1789541419,7592696
1789541719,7587501
1789542019,7592285
1789542319,7599123
1789542619,7591709
1789542919,7578871
1789543219,7580359
1789543519,7575937
1789543819,7577416
1789544119,7576171
1789544419,7579326
1789544719,7577911
1789545019,7581185
1789545319,7574294
1789545619,7569703
1789545919,7563607
1789546219,7546930
1789546519,7549499
1789546819,7546935
1789547119,7541621
1789547419,7537213
1789547719,7543653
1789548019,7547731
1789548319,7548143
1789548619,7549152
1789548919,7552558
1789549219,7564730
1789549519,7576843
1789549819,7577684
1789550119,7574595
1789550419,7574808
1789550719,7578740
1789551019,7579037
1789551319,7580653
1789551619,7585503
1789551919,7585530
1789552219,7585892
1789552519,7589427
1789552819,7591890
1789553119,7595686
1789553419,7594932
1789553719,7589249
1789554017,7593064
1789554318,7587412
1789554618,7590308
1789554918,7589495
1789555218,7591823
1789555518,7593357
1789555818,7589516
1789556118,7587752
1789556418,7586088
1789556718,7590958
1789557018,7586986
1789557318,7586114
1789557618,7587709
1789557918,7586636
1789558218,7591199
1789558518,7595854
1789558818,7594465
1789559118,7616724
1789559418,7615543
1789559718,7618314
1789560018,7616888
1789560318,7616961
1789560618,7614525
1789560918,7606565
1789561218,7603396
1789561518,7597625
1789561818,7587958
1789562128,7589400
1789562439,7590021
1789562729,7589288
1789563029,7593822
1789563339,7592300
1789563639,7588489
1789563939,7571778
1789564239,7566928
1789564529,7571027
1789564839,7575359
1789565139,7568354
1789565429,7573599
1789565729,7565304
1789566029,7558032
1789566339,7566004
1789566639,7583222
1789566939,7568136
1789567229,7565238
1789567529,7550991
1789567839,7549657
1789568129,7548219
1789568439,7556048
1789568730,7556406
1789569039,7573999
1789569329,7568594
1789569639,7561626
1789569928,7567129
1789570238,7557719
1789570538,7555809
1789570838,7560758
1789571129,7567057
1789571438,7563370
1789571738,7565676
1789572028,7564400
1789572338,7569132
1789572629,7560826
1789572928,7558466
1789573229,7569404
1789573529,7569771
1789573829,7579917
1789574138,7581852
1789574438,7575299
1789574738,7572963
1789575038,7564552
1789575338,7577736
1789575629,7580070
1789575938,7576911
1789576238,7572572
1789576529,7568165
1789576828,7570322
1789577129,7564601
1789577429,7570766
1789577738,7573505
1789578038,7570954
1789578329,7571025
1789578638,7563027
1789578938,7566311
1789579229,7568255
1789579538,7563618
1789579838,7565828
1789580129,7561268
1789580429,7540211
1789580738,7540942
1789581029,7536838
1789581338,7542899
1789581629,7569981
1789581938,7576487
1789582238,7631195
1789582529,7582365
1789582829,7581108
1789583129,7591338
1789583438,7585375
1789583738,7559502
1789584038,7547808
1789584329,7600825
1789584629,7589349
1789584938,7557792
1789585238,7558660
1789585538,7591181
1789585829,7590057
1789586129,7582635
1789586429,7568144
1789586728,7543748
1789587028,7536164
1789587338,7563015
1789587629,7570860
1789587929,7584466
1789588238,7600355
1789588528,7597068
1789588828,7599583
1789589138,7614742
1789589428,7616626
1789589738,7613627
1789590038,7623008
1789590338,7622801
1789590628,7612946
1789590938,7610750
1789591238,7604200
1789591529,7603809
1789591829,7607144
1789592138,7605869
1789592428,7610802
1789592738,7610536
1789593038,7609882
1789593328,7604684
1789593638,7606060
1789593928,7601859
1789594238,7602518
1789594538,7600638
1789594828,7595052
1789595128,7589996
1789595438,7590763
1789595738,7591899
1789596028,7591928
1789596338,7572302
1789596638,7568038
1789596938,7580071
1789597228,7576816
1789597538,7565727
1789597828,7569619
1789598128,7564248
1789598428,7568630
1789598728,7574391
1789599028,7567627
1789599328,7560111
1789599638,7562980
1789599928,7567334
1789600228,7572018
1789600538,7576860
1789600838,7596300
1789601128,7604388
1789601438,7603001
1789601738,7603121
1789602029,7605980
1789602328,7613195
1789602628,7612435
1789602928,7618767
1789603228,7614592
1789603538,7616832
1789603838,7624399
1789604138,7630048
1789604428,7638111
1789604738,7636999
1789605038,7632315
1789605328,7637234
1789605638,7641104
1789605928,7639582
1789606228,7633177
1789606538,7632951
1789606828,7628960
1789607138,7617649
1789607438,7622361
1789607738,7622082
1789608038,7626391
1789608328,7640034
1789608638,7655594
1789608938,7662603
1789609238,7657560
1789609528,7652385
1789609828,7646639
1789610128,7636662
1789610428,7632101
1789610728,7631458
1789611038,7614777
1789611328,7610003
1789611628,7608570
1789611928,7605646
1789612228,7611791
1789612538,7617100
1789612828,7633346
1789613128,7637026
1789613428,7634721
1789613738,7630618
1789614028,7630532
1789614338,7637820
1789614628,7638133
1789614928,7636027
1789615238,7636709
1789615538,7641510
1789615828,7642125
1789616128,7645210
1789616429,7642808
1789616728,7639521
1789617038,7639975
1789617338,7637189
1789617629,7636962
1789617928,7631872
1789618238,7628633
1789618528,7624221
1789618838,7623062
1789619138,7616308
1789619428,7614338
1789619738,7615156
1789620038,7624787
1789620328,7629466
1789620638,7639665
1789620938,7639912
1789621238,7648600
1789621538,7645313
1789621838,7643081
1789622128,7640031
1789622438,7637239
1789622728,7639723
1789623038,7641420
1789623328,7634811
1789623629,7632932
1789623938,7628423
1789624229,7631055
1789624538,7633393
1789624838,7625291
1789625138,7630674
1789625428,7635544
1789625738,7638851
1789626028,7633299
1789626338,7627447
1789626638,7636976
1789626938,7642599
1789627238,7648266
1789627538,7648671
1789627838,7649311
1789628138,7643627
1789628429,7640183
1789628728,7647427
1789629038,7658088
1789629338,7648536
1789629629,7652106
1789629938,7649827
1789630228,7647076
1789630538,7644876
1789630838,7643108
1789631128,7643866
1789631172,7642440
1789631340,7644896
1789631651,7640261
1789631951,7637064
1789632241,7639813
1789632541,7642279
1789632851,7638275
1789633151,7637850
1789633451,7644870
1789633741,7643172
1789634051,7640297
1789634351,7643674
1789634651,7639851
1789634941,7640995
1789635241,7645751
1789635541,7650178
1789635841,7657506
1789636141,7659242
1789636441,7662280
1789636741,7662321
1789637041,7663727
1789637351,7662939
1789637641,7660048
1789637951,7664887
1789638251,7657988
1789638556,7650054
1789638851,7645036
1789639141,7642774
1789639451,7629972
1789639741,7632584
1789640041,7634277
1789640351,7628600
1789640651,7627265
1789640951,7628157
1789641251,7626037
1789641551,7631886
1789641841,7628984
1789642141,7622716
1789642451,7628266
1789642741,7629810
1789643041,7634972
1789643351,7630472
1789643641,7632435
1789643941,7629075
1789644251,7630757
1789644551,7630827
1789644851,7625219
1789645151,7618641
1789645228,7616175
1789645539,7614423
1789645829,7614643
1789646129,7617053
1789646439,7628959
1789646729,7641583
1789647039,7646468
1789647329,7668651
1789647639,7685873
1789647939,7687600
1789648239,7689629
1789648529,7689122
1789648838,7689795
1789649129,7682907
1789649439,7673973
1789649739,7673210
1789650038,7669580
1789650339,7676468
1789650629,7663583
1789650929,7659972
1789651229,7662565
1789651539,7655946
1789651839,7645250
1789652138,7630700
1789652429,7600368
1789652739,7605289
1789653039,7627493
1789653339,7643991
1789653629,7656274
1789653939,7639675
1789654229,7654233
1789654539,7679637
1789654839,7668521
1789655139,7683471
1789655429,7688947
1789655739,7682341
1789656039,7671915
1789656339,7658227
1789656629,7661172
1789656929,7656929
1789657239,7651882
1789657539,7631533
1789657829,7629397
1789658139,7626635
1789658429,7630536
1789658739,7634027
1789659029,7637890
1789659329,7645029
1789659638,7657671
1789659939,7670541
1789660229,7657451
1789660539,7666106
1789660839,7670554
1789661129,7671502
1789661429,7665598
1789661729,7663549
1789662029,7665420
1789662339,7669563
1789662639,7663592
1789662929,7654663
1789663229,7654402
1789663529,7658299
1789663839,7655053
1789664139,7662173
1789664429,7666545
1789664739,7679244
1789665029,7681597
1789665324,7675569
1789665625,7678180
1789665935,7684373
1789666235,7685459
1789666525,7685818
1789666835,7676697
1789667125,7668852
1789667435,7657312
1789667735,7655048
1789668035,7661216
1789668335,7661288
1789668625,7660005
1789668935,7664661
1789669235,7670320
1789669535,7668924
1789669825,7669071
1789670125,7663603
1789670425,7650129
1789670735,7653382
1789671035,7657037
1789671325,7654409
1789671635,7652320
1789671935,7652999
1789672225,7653023
1789672525,7650046
1789672835,7648414
1789673135,7651969
1789673435,7652185
1789673725,7650724
1789674025,7649208
1789674335,7653701
1789674625,7648337
1789674925,7656168
1789675235,7650015
1789675535,7652136
1789675825,7656726
1789676125,7657353
1789676435,7654311
1789676735,7662643
1789677035,7664600
1789677325,7659562
1789677625,7656846
1789677925,7647830
1789678225,7647560
1789678525,7647578
1789678825,7648981
1789679125,7647147
1789679425,7645176
1789679735,7644832
1789680035,7645491
1789680325,7646808
1789680635,7649213
1789680935,7650470
1789681225,7651381
1789681535,7648069
1789681825,7642794
1789682135,7639873
1789682425,7636200
1789682735,7634464
1789683025,7633380
1789683335,7630791
1789683625,7621753
1789683935,7622218
1789684225,7620691
1789684535,7624069
1789684835,7635449
1789685125,7635843
1789685425,7635778
1789685735,7629197
1789686035,7628805
1789686335,7639984
1789686625,7641336
1789686925,7643066
1789687225,7642619
1789687535,7642985
1789687835,7642637
1789688125,7637464
1789688425,7636636
1789688735,7637098
1789689025,7639717
1789689325,7637901
1789689625,7639678
1789689935,7635527
1789690235,7634103
1789690535,7636489
1789690825,7630393
1789691125,7628711
1789691435,7629911
1789691725,7636809
1789692025,7631635
1789692325,7634237
1789692625,7635967
1789692925,7646969
1789693235,7652384
1789693535,7651803
1789693835,7658048
1789694135,7651114
1789694435,7650566
1789694725,7653503
1789695035,7652044
1789695335,7651785
1789695625,7656699
1789695925,7664153
1789696235,7666252
1789696525,7666637
1789696825,7667697
1789697125,7666902
1789697435,7661660
1789697735,7670885
1789698035,7669566
1789698335,7675016
1789698635,7684980
1789698935,7692247
1789699225,7693818
1789699535,7688476
1789699825,7686849
1789700135,7694214
1789700435,7692767
1789700735,7693568
1789701025,7698899
1789701325,7721519
1789701625,7739478
1789701935,7731770
1789702229,7739028
1789702531,7735017
1789702844,7727102
1789703125,7726872
1789703425,7733954
1789703725,7735717
1789704035,7731501
1789704335,7727101
1789704625,7718607
1789704925,7724972
1789705225,7726147
1789705535,7722242
1789705825,7720576
1789706125,7719388
1789706425,7722772
1789706725,7731510
1789707025,7729631
1789707335,7736626
1789707635,7747366
1789707925,7743546
1789708225,7745877
1789708525,7748111
1789708825,7745025
1789709135,7743166
1789709435,7746807
1789709725,7759605
1789710025,7758240
1789710335,7754590
1789710625,7745774
1789710935,7740845
1789711225,7742402
1789711525,7749365
1789711835,7745719
1789712135,7745758
1789712425,7744350
1789712725,7756053
1789713035,7752491
1789713335,7745393
1789713635,7747705
1789713935,7746015
1789714235,7743879
1789714525,7739202
1789714835,7745037
1789715125,7758826
1789715425,7758684
1789715735,7756185
1789716025,7761581
1789716335,7768575
1789716635,7773564
1789716925,7773646
1789717235,7770370
1789717525,7772864
1789717825,7769892
1789718135,7770915
1789718435,7771345
1789718735,7784416
1789719035,7767530
1789719335,7766928
1789719635,7779692
1789719925,7796257
1789720235,7789608
1789720535,7793604
1789720825,7788492
1789721125,7789621
1789721425,7791803
1789721735,7796719
1789722025,7815166
1789722325,7824548
1789722625,7835756
1789722935,7831725
1789723235,7826386
1789723535,7827495
1789723825,7811686
1789724125,7804997
1789724435,7798638
1789724725,7798056
1789725035,7805694
1789725325,7808188
1789725635,7813324
1789725935,7811865
1789726215,7809205
1789726526,7810123
1789726817,7812959
1789727126,7811524
1789727426,7819400
1789727726,7821497
1789728026,7818985
1789728326,7815588
1789728626,7824004
1789728917,7824625
1789729226,7821268
1789729526,7826795
1789729817,7809250
1789730126,7803918
1789730417,7805338
1789730717,7800981
1789731028,7799809
1789731318,7805065
1789731618,7807190
1789731923,7797149
1789732225,7797582
1789732525,7802134
1789732835,7799388
1789733125,7798814
1789733725,7799565
1789734035,7795562
1789734325,7795216
1789734625,7795667
1789734934,7801150
1789735225,7807159
1789735525,7807136
1789735825,7803197
1789736135,7798559
1789736425,7797516
1789736725,7797545
1789737034,7796915
1789737325,7795260
1789737635,7802610
1789737935,7802338
1789738235,7809622
1789738525,7827779
1789738835,7868997
1789739125,7913744
1789739425,7984506
1789739725,8018707
1789740025,7995887
1789740325,8019098
1789740625,8019981
1789740925,8024851
1789741234,8050288
1789741545,8083698
1789741845,8072658
1789742145,8063345
1789742436,8057443
1789742745,8070100
1789743046,8080904
1789743345,8086681
1789743645,8089812
1789743945,8072045
1789744236,8068582
1789744536,8069322
1789744835,8085761
1789745136,8098564
1789745445,8091611
1789745745,8078977
1789746045,8074964
1789746345,8065664
1789746646,8068951
1789746945,8068737
1789747236,8068279
1789747536,8073018
1789747836,8075755
1789748145,8087053
1789748436,8096711
1789748736,8092645
1789749045,8098776
1789749345,8116115
1789749645,8097636
1789749936,8093588
1789750247,8085190
1789750547,8088888
1789750837,8083796
1789751147,8082394
1789751437,8078261
1789751737,8084803
1789752047,8079702
1789752347,8070124
1789752647,8071064
1789752937,8058057
1789753247,8065165
1789753547,8073098
1789753837,8082819
1789754147,8084208
1789754447,8093510
1789754737,8087964
1789755037,8089435
1789755347,8084099
1789755637,8086660
1789755947,8086808
1789756237,8095127
1789756547,8094550
1789756847,8106552
1789757137,8094416
1789757437,8099711
1789757747,8100736
1789758047,8093247
1789758337,8095333
1789758647,8104441
1789758947,8115502
1789759247,8117682
1789759537,8111355
1789759847,8123119
1789760147,8113262
1789760447,8107654
1789760737,8118200
1789761047,8130698
1789761347,8122347
1789761647,8115787
1789761937,8115419
1789762237,8102796
1789762547,8103875
1789762847,8115468
1789763137,8108816
1789763447,8098900
1789763747,8099986
1789764037,8097923
1789764337,8113358
1789764647,8110952
1789764947,8109779
1789765247,8110471
1789765537,8114447
1789765847,8119196
1789766147,8121371
1789766447,8117050
1789766737,8117654
1789767037,8117213
1789767347,8114865
1789767647,8120180
1789767947,8121281
1789768237,8119711
1789768537,8119736
1789768837,8123270
1789769137,8124212
1789769447,8130960
1789769747,8125987
1789770037,8129408
1789770337,8128438
1789770637,8124230
1789770947,8118233
1789771237,8111013
1789771537,8112481
1789771837,8109704
1789772137,8109974
1789772437,8113585
1789772737,8116683
1789773047,8111171
1789773337,8113416
1789773637,8112419
1789773937,8105992
1789774247,8098818
1789774547,8095098
1789774837,8090435
1789775147,8088493
1789775447,8088427
1789775737,8089249
1789776037,8092615
1789776337,8085022
1789776637,8086705
1789776947,8092536
1789777237,8104108
1789777547,8104862
1789777847,8108398
1789778137,8121283
1789778447,8124706
1789778747,8127842
1789779047,8126675
1789779337,8141151
1789779637,8154286
1789779937,8153874
1789780237,8142635
1789780537,8128708
1789780847,8118421
1789781147,8124962
1789781447,8126777
1789781737,8112418
1789782047,8109730
1789782347,8116493
1789782637,8128485
1789782947,8130057
1789783247,8126138
1789783537,8124559
1789783847,8130528
1789784147,8135426
1789784437,8132198
1789784737,8136371
1789785337,8134562
1789785647,8134600
1789785947,8128844
1789786237,8128499
1789786547,8127395
1789786847,8126653
1789787137,8131720
1789787437,8129999
1789787737,8125874
1789788047,8118519
1789788347,8116413
1789788647,8113148
1789788937,8110336
1789789237,8110383
1789789537,8114349
1789789847,8114949
1789790147,8115412
1789790437,8111423
1789790747,8111422
1789791047,8115905
1789791337,8118603
1789791637,8112583
1789791947,8110401
1789792247,8110906
1789792537,8101083
1789792847,8092107
1789793147,8093997
1789793437,8095147
1789793737,8097979
1789794037,8099596
1789794347,8103150
1789794647,8107644
1789794947,8103178
1789795237,8104036
1789795547,8105044
1789795847,8105502
1789796137,8105684
1789796447,8107326
1789796737,8100722
1789797037,8100485
1789797337,8103554
1789797637,8101931
1789797947,8100887
1789798247,8100952
1789798547,8098115
1789798837,8096563
1789799447,8095050
1789799747,8101193
1789800047,8105014
1789800347,8104460
1789800647,8105016
1789800947,8101534
1789801247,8103065
1789801547,8104621
1789801847,8106817
1789802137,8110845
1789802437,8118710
1789802747,8109884
1789803037,8106931
1789803337,8107691
1789803637,8102112
1789803947,8103100
1789804247,8101080
1789804547,8108954
1789804847,8110135
1789805147,8106201
1789805447,8115519
1789805747,8120067
1789806047,8121477
1789806347,8126957
1789806647,8125398
1789806937,8128944
1789807237,8130270
1789807547,8129933
1789807847,8130945
1789808147,8129874
1789808437,8128109
1789808747,8130629
1789809037,8139022
1789809337,8140716
1789809647,8139358
1789809947,8143500
1789810247,8141237
1789810537,8128252
1789810837,8128659
1789811137,8123949
1789811424,8130621
1789811725,8129926
1789812035,8129800
1789812335,8127305
1789812625,8122772
1789812935,8127480
1789813225,8124872
1789813525,8126626
1789813825,8125564
1789814135,8123004
1789814425,8120416
1789814725,8123203
1789815035,8125698
1789815325,8126946
1789815635,8123230
1789815925,8126037
1789816225,8129865
1789816535,8128909
1789816825,8130685
1789817135,8130179
1789817425,8125185
1789817735,8122472
1789818035,8122996
1789818325,8125938
1789818625,8126759
1789818935,8127188
1789819225,8127887
1789819535,8128047
1789819835,8131748
1789820125,8132079
1789820425,8129261
1789820725,8123216
1789821035,8122534
1789821335,8124506
1789821635,8125475
1789821935,8125504
1789822225,8123817
1789822525,8129417
1789822835,8129742
1789823135,8130422
1789823425,8124341
1789823725,8122399
1789824035,8126415
1789824335,8123513
1789824625,8121541
1789824925,8123625
1789825235,8123600
1789825525,8122621
1789825835,8123645
1789826145,8124700
1789826435,8132687
1789826735,8134810
1789827025,8138824
1789827335,8136750
1789827635,8143305
1789827935,8145975
1789828235,8152194
1789828535,8154294
1789828835,8148136
1789829135,8151950
1789829445,8149307
1789829735,8147678
1789830035,8152206
1789830325,8161564
1789830626,8167572
1789830925,8169842
1789831245,8159586
1789831525,8163887
1789831835,8155997
1789832125,8161131
1789832435,8163838
1789832725,8186981
1789833035,8169702
1789833335,8166741
1789833625,8160761
1789833945,8157900
1789834245,8159300
1789834535,8174146
1789834825,8177966
1789835135,8181080
1789835425,8182387
1789835735,8185345
1789836035,8181334
1789836325,8183424
1789836625,8181830
1789836925,8181924
1789837226,8181747
1789837525,8177346
1789837826,8179244
1789838125,8172581
1789838435,8169312
1789838725,8158570
1789839045,8145300
1789839345,8153300
1789839645,8145000
1789839925,8146824
1789840245,8146951
1789840535,8143562
1789840825,8144707
1789841125,8147587
1789841425,8143507
1789841725,8134356
1789842025,8138438
1789842335,8144172
1789842625,8142645
1789842935,8141388
1789843235,8147253
1789843535,8148430
1789843825,8143836
1789844135,8140754
1789844445,8143424
1789844726,8142326
1789845045,8136751
1789845335,8136671
1789845645,8136000
1789845935,8140172
1789846245,8137705
1789846526,8135553
1789846835,8133707
1789847135,8132225
1789847425,8133789
1789847735,8134142
1789848045,8130300
1789848335,8136750
1789848635,8139248
1789848925,8138942
1789849225,8131382
1789849535,8131433
1789849825,8126197
1789850135,8123064
1789850435,8124089
1789850735,8124797
1789851035,8119995
1789851335,8113019
1789851625,8111580
1789851935,8115855
1789852225,8108829
1789852525,8099596
1789852825,8098507
1789853135,8094453
1789853435,8102594
1789853725,8098420
1789854025,8100851
1789854325,8099765
1789854635,8106213
1789854935,8109460
1789855235,8107736
1789855525,8097102
1789855835,8100350
1789856135,8098360
1789856435,8102532
1789856735,8101074
1789857035,8104284
1789857325,8108034
1789857625,8117158
1789857935,8119637
1789858235,8118490
1789858525,8121580
1789858825,8122609
1789859125,8122436
1789859425,8121530
1789859725,8125352
1789860035,8125920
1789860325,8121463
1789860625,8124926
1789860925,8131061
1789861225,8128981
1789861525,8125123
1789861825,8126296
1789862135,8128020
1789862425,8123835
1789862735,8119905
1789863025,8119499
1789863335,8125900
1789863635,8122886
1789863925,8120053
1789864235,8126925
1789864525,8128402
1789864835,8126220
1789865135,8128575
1789865425,8126392
1789865725,8126422
1789866035,8125652
1789866325,8124651
1789866625,8121955
1789866935,8111848
1789867235,8112192
1789867525,8114004
1789867835,8110514
1789868125,8104755
1789868435,8104117
1789868735,8106776
1789869035,8102828
1789869325,8104453
1789869625,8106742
1789869935,8106914
1789870225,8108053
1789870535,8111450
1789870825,8105343
1789871135,8099571
1789871425,8095940
1789871735,8090950
1789872025,8090649
1789872335,8065267
1789872625,8058892
1789872935,8051813
1789873235,8034300
1789873535,8033025
1789873835,8044031
1789874135,8027775
1789874435,8034208
1789874735,8045868
1789875035,8035407
1789875325,8033846
1789875635,8029626
1789875935,8033763
1789876235,8041684
1789876525,8045452
1789876835,8047070
1789877125,8044888
1789877425,8042242
1789877725,8037885
1789878035,8038454
1789878325,8037249
1789878635,8041569
1789878935,8040275
1789879235,8043067
1789879535,8037021
1789879826,8034200
1789880125,8039290
1789880426,8041126
1789880735,8043446
1789881025,8048051
1789881325,8056547
1789881625,8048840
1789881927,8045412
1789882231,8050072
1789882525,8056477
1789882845,8046619
1789883140,8048679
1789883440,8049542
1789883735,8044373
1789884035,8046780
1789884325,8042574
1789884635,8043537
1789884926,8047076
1789885225,8047557
1789885525,8046603
1789885825,8044931
1789886135,8042303
1789886425,8037431
1789886735,8029980
1789887025,8037683
1789887335,8030553
1789887625,8027754
1789887935,8029094
1789888235,8029540
1789888535,8030500
1789888825,8029036
1789889135,8033603
1789889435,8036089
1789889725,8034541
1789890035,8028782
1789890325,8030927
1789890645,8030748
1789890925,8030791
1789891245,8030900
1789891535,8039298
1789891845,8041923
1789892145,8039367
1789892435,8038666
1789892745,8035900
1789893045,8034997
1789893325,8034909
1789893625,8031699
1789893945,8024800
1789894245,8020119
1789894545,8019900
1789894835,8022100
1789895135,8025270
1789895426,8024122
1789895735,8024188
1789896026,8026249
1789896326,8033110
1789896635,8035285
1789896935,8042380
1789897235,8049556
1789897535,8049548
1789897835,8046408
1789898135,8043584
1789898425,8045113
1789898735,8046714
1789899035,8033875
1789899335,8036749
1789899635,8035155
1789899935,8031197
1789900225,8032568
1789900535,8035585
1789900825,8031759
1789901135,8032045
1789901435,8031525
1789901725,8035034
1789902035,8029066
1789902335,8027897
1789902635,8032739
1789902935,8032556
1789903225,8032628
1789903535,8032205
1789903825,8033270
1789904125,8041317
1789904425,8041126
1789904725,8041816
1789905025,8043863
1789905325,8047880
1789905635,8043100
1789905925,8043471
1789906235,8046261
1789906535,8047022
1789906835,8040730
1789907135,8036611
1789907435,8034557
1789907725,8032096
1789908025,8033823
1789908325,8032388
1789908635,8035283
1789908925,8039160
1789909235,8044225
1789909525,8050792
1789909835,8056249
1789910135,8053303
1789910425,8048830
1789910735,8049089
1789911025,8049645
1789911325,8043467
1789911625,8043490
1789911925,8049305
1789912235,8051111
1789912535,8052930
1789912835,8052353
1789913135,8064325
1789913425,8062559
1789913735,8055605
1789914025,8042504
1789914340,8048347
1789914635,8049651
1789914935,8052610
1789915235,8057613
1789915525,8059816
1789915825,8062400
1789916135,8064770
1789916425,8066015
1789916735,8077150
1789917025,8078309
1789917325,8074881
1789917635,8081377
1789917935,8076579
1789918235,8070444
1789918535,8071325
1789918825,8075992
1789919135,8081444
1789919425,8085521
1789919735,8088051
1789920035,8089132
1789920335,8082475
1789920625,8097306
1789920935,8112564
1789921235,8111575
1789921526,8108983
1789921825,8115440
1789922125,8121678
1789922435,8134026
1789922735,8140091
1789923025,8124598
1789923335,8127159
1789923625,8128533
1789923935,8130491
1789924235,8126254
1789924535,8120852
1789924825,8123995
1789925125,8122225
1789925435,8117654
1789925725,8121499
1789926025,8134932
1789926335,8136100
1789926635,8133113
1789926935,8117565
1789927235,8112508
1789927525,8108010
1789927825,8114788
1789928126,8110576
1789928435,8120678
1789928725,8116821
1789929025,8124800
1789929335,8123053
1789929625,8118670
1789929935,8119804
1789930235,8116438
1789930535,8103766
1789930835,8105425
1789931135,8108334
1789931425,8110024
1789931735,8108285
1789932025,8105700
1789932335,8106350
1789932635,8108995
1789932935,8122914
1789933225,8125260
1789933535,8121716
1789933825,8123394
1789934135,8124339
1789934435,8116425
1789934725,8119310
1789935035,8117733
1789935335,8114412
1789935635,8111315
1789935935,8110363
1789936225,8116352
1789936525,8110900
1789936835,8109434
1789937135,8111687
1789937425,8112214
1789937725,8107060
1789938035,8107205
1789938335,8086025
1789938635,8085724
1789938925,8069761
1789939235,8087015
1789939525,8080209
1789939825,8085372
1789940125,8089770
1789940425,8089378
1789940735,8079503
1789941035,8089022
1789941325,8087526
1789941635,8092420
1789941925,8087834
1789942235,8107214
1789942525,8124687
1789942835,8113101
1789943135,8109813
1789943425,8111969
1789943725,8113877
1789944025,8118665
1789944335,8113737
1789944625,8115979
1789944925,8117818
1789945225,8118975
1789945535,8113378
1789945835,8117100
1789946135,8118141
1789946435,8120830
1789946725,8125643
1789947025,8116941
1789947335,8113050
1789947635,8117766
1789947935,8123394
1789948225,8124116
1789948525,8118060
1789948825,8116474
1789949125,8131960
1789949425,8149322
1789949725,8162168
1789950035,8164204
1789950325,8174522
1789950625,8173379
1789950935,8166481
1789951235,8168120
1789951525,8160541
1789951835,8170300
1789952125,8166279
1789952435,8160704
1789952725,8155886
1789953035,8171750
1789953335,8176950
1789953635,8176800
1789953935,8191371
1789954235,8152389
1789954535,8137363
1789954825,8138048
1789955135,8143584
1789955425,8129562
1789955725,8095669
1789956035,8101221
1789956335,8116950
1789956635,8122225
1789956925,8132101
1789957235,8138497
1789957535,8145676
1789957835,8142701
1789958135,8117700
1789958425,8125312
1789958725,8123412
1789959035,8121671
1789959335,8128512
1789959625,8129395
1789959935,8138815
1789960225,8131912
1789960535,8127094
1789960835,8136650
1789961135,8141263
1789961425,8140244
1789961725,8150326
1789962025,8146372
1789962335,8145999
1789962625,8145869
1789962935,8137735
1789963225,8139671
1789963525,8138051
1789963825,8132305
1789964125,8127208
1789964425,8127574
1789964735,8125474
1789965025,8126455
1789965325,8128813
1789965635,8134238
1789965935,8138531
1789966225,8145696
1789966525,8140911
1789966835,8137331
1789967125,8135670
1789967435,8130269
1789967735,8131329
1789968025,8137938
1789968335,8148501
1789968635,8156909
1789968925,8173629
1789969235,8165272
1789969535,8161184
1789969835,8153832
1789970135,8156027
1789970435,8152729
1789970735,8161665
1789971025,8159469
1789971335,8164562
1789971625,8177152
1789971925,8179213
1789972225,8180247
1789972535,8180250
1789972825,8161445
1789973135,8150873
1789973435,8168146
1789973725,8158781
1789974025,8162084
1789974325,8161444
1789974635,8155850
1789974935,8151445
1789975225,8157341
1789975525,8160783
1789975835,8162030
1789976135,8150800
1789976435,8154950
1789976725,8147002
1789977025,8153511
1789977325,8161271
1789977635,8173278
1789977925,8182529
1789978225,8192584
1789978525,8188556
1789978835,8192717
1789979125,8211870
1789979425,8220206
1789979725,8254000
1789980035,8356270
1789980335,8358729
1789980635,8373752
1789980925,8377205
1789981226,8374625
1789981526,8387112
1789981826,8396825
1789982125,8397329
1789982425,8399607
1789982726,8395974
1789983035,8443873
1789983326,8461240
1789983635,8501825
1789983935,8496800
1789984225,8488334
1789984535,8471086
1789984835,8463778
1789985135,8460775
1789985426,8457934
1789985725,8456839
1789986035,8461220
1789986335,8453099
1789986635,8444353
1789986926,8432125
1789987225,8416840
1789987525,8424746
1789987835,8420100
1789988135,8422002
1789988425,8440083
1789988725,8448136
1789989035,8451916
1789989335,8453925
1789989626,8457815
1789989935,8460184
1789990225,8465358
1789990535,8474326
1789990825,8476008
1789991135,8480525
1789991425,8478459
1789991725,8484949
1789992025,8476370
1789992325,8494592
1789992635,8500084
1789992935,8500716
1789993225,8517329
1789993525,8515831
1789993825,8505227
1789994135,8521248
1789994425,8527470
1789994725,8519173
1789995035,8523050
1789995325,8522594
1789995635,8531253
1789995935,8527517
1789996235,8531622
1789996525,8516154
1789996825,8511213
1789997125,8509554
1789997425,8494654
1789997725,8505733
1789998025,8494589
1789998335,8506990
1789998635,8545788
1789998925,8549106
1789999225,8546901
1789999525,8536021
1789999825,8518686
1790000135,8522757
1790000425,8538193
1790000735,8562888
1790001035,8571272
1790001325,8588173
1790001625,8589902
1790001925,8577111
1790002235,8592764
1790002525,8601807
1790002825,8579387
1790003118,8594989
1790003419,8623747
1790003719,8627095
1790004029,8611339
1790004319,8591543
1790004628,8586088
1790004939,8586376
1790005239,8593721
1790005529,8602264
1790005829,8609653
1790006129,8601955
1790006439,8593757
1790006729,8583653
1790007029,8574688
1790007339,8572663
1790007639,8579075
1790007939,8581808
1790008229,8591011
1790008539,8583366
1790008839,8569625
1790009129,8583131
1790009429,8600186
1790009739,8602575
1790010039,8597988
1790010329,8594390
1790010639,8605338
1790010939,8600062
1790011229,8579867
1790011529,8586670
1790011829,8588858
1790012139,8589058
1790012439,8593588
1790012729,8590948
1790013029,8584223
1790013339,8577475
1790013639,8587723
1790013929,8592063
1790014239,8594209
1790014539,8599934
1790014839,8604158
1790015139,8598651
1790015439,8593936
1790015729,8591713
1790016039,8591564
1790016339,8596000
1790016639,8595333
1790016929,8604742
1790017229,8605895
1790017529,8601333
1790017829,8601452
1790018129,8604306
1790018429,8628653
1790018739,8625560
1790019039,8632141
1790019329,8676469
1790019629,8658284
1790019939,8653611
1790020239,8651446
1790020539,8651252
1790020839,8659716
1790021129,8666239
1790021439,8670906
1790021739,8675784
1790022039,8694140
1790022339,8696325
1790022629,8731166
1790022939,8704799
1790023239,8695430
1790023539,8696090
1790023839,8688243
1790024139,8696347
1790024429,8696082
1790024739,8675188
1790025029,8662920
1790025329,8660230
1790025639,8658627
1790025939,8663577
1790026239,8660235
1790026539,8675140
1790026829,8678142
1790027139,8679138
1790027429,8665538
1790027729,8658108
1790028029,8658984
1790028329,8665862
1790028639,8655240
1790028929,8659766
1790029229,8667738
1790029529,8653569
1790029829,8640801
1790030129,8643676
1790030439,8652210
1790030729,8640733
1790031029,8633178
1790031339,8636729
1790031639,8638515
1790031929,8651923
1790032239,8654729
1790032529,8664104
1790032829,8656497
1790033129,8652937
1790033429,8648599
1790033729,8639530
1790034039,8641561
1790034339,8646745
1790034639,8645723
1790034929,8653507
1790035239,8659398
1790035529,8640703
1790035829,8632732
1790036129,8642039
1790036438,8639585
1790036739,8640296
1790037029,8638195
1790037329,8645574
1790037639,8628512
1790037929,8629278
1790038229,8623699
1790038539,8611739
1790038829,8590035
1790039139,8570400
1790039429,8582438
1790039729,8577595
1790040029,8564438
1790040338,8563538
1790040629,8568808
1790040939,8577300
1790041229,8566321
1790041539,8567560
1790041829,8561412
1790042129,8564020
1790042439,8559029
1790042739,8553625
1790043039,8557170
1790043329,8548361
1790043629,8556630
1790043939,8563173
1790044239,8574743
1790044539,8567821
1790044829,8578569
1790045129,8578368
1790045439,8578862
1790045729,8566157
1790046039,8569700
1790046339,8569090
1790046629,8559558
1790046934,8552264
1790047229,8546747
1790047529,8536012
1790047829,8558155
1790048129,8551665
1790048439,8547837
1790048729,8544967
1790049029,8550459
1790049329,8548096
1790049629,8562640
1790049929,8565244
1790050239,8562213
1790050529,8562420
1790050839,8551639
1790051139,8552175
1790051439,8556265
1790051729,8548301
1790052039,8553914
1790052339,8551783
1790052629,8545978
1790052939,8550232
1790053229,8541900
1790053529,8539481
1790053829,8546537
1790054139,8537946
1790054429,8525150
1790054729,8528404
1790055039,8518850
1790055339,8514314
1790055629,8529926
1790055929,8540434
1790056229,8553257
1790056529,8553999
1790056829,8543925
1790057139,8534180
1790057439,8531045
1790057729,8529711
1790058029,8527232
1790058334,8524596
1790058639,8532835
1790058939,8546675
1790059229,8553365
1790059538,8547650
1790059829,8543763
1790060129,8545641
1790060439,8535195
1790060729,8534180
1790061034,8540184
1790061329,8543624
1790061629,8535412
1790061929,8523398
1790062229,8527482
1790062539,8518336
1790062829,8519135
1790063113,8520726
1790063414,8525367
1790063714,8529308
1790064023,8529286
1790064314,8539144
1790064614,8544746
1790064914,8547775
1790065214,8547453
1790065514,8550810
1790065814,8541950
1790066114,8546933
1790066424,8582538
1790066724,8603628
1790067014,8616683
1790067318,8625885
1790067619,8618225
1790067929,8585575
1790068219,8582547
1790068529,8592069
1790068819,8592654
1790069119,8587713
1790069419,8586531
1790069719,8591667
1790070018,8596377
1790070319,8601734
1790070629,8602650
1790070929,8610919
1790071229,8615822
1790071529,8615598
1790071819,8609919
1790072129,8603999
1790072419,8602682
1790072719,8592958
1790073029,8585337
1790073329,8579350
1790073629,8587495
1790073919,8585425
1790074229,8579178
1790074529,8590574
1790074819,8589343
1790075129,8594323
1790075429,8588406
1790075719,8593270
1790076019,8602812
1790076319,8603440
1790076619,8592659
1790076919,8591967
1790077219,8603341
1790077519,8608861
1790077819,8603685
1790078119,8594169
1790078419,8595587
1790078719,8595389
1790079019,8593844
1790079319,8594495
1790079619,8583440
1790079919,8594498
1790080219,8603968
1790080519,8604752
1790080819,8601480
1790081119,8596823
1790081419,8597573
1790081719,8593668
1790082019,8599447
1790082319,8606899
1790082619,8613188
1790082919,8604950
1790083219,8598822
1790083519,8590476
1790083819,8573485
1790084119,8599247
1790084419,8580223
1790084719,8586397
1790085019,8602649
1790085320,8609068
1790085619,8628481
1790085919,8614713
1790086219,8618787
1790086519,8633881
1790086819,8614530
1790087119,8614370
1790087419,8598611
1790087719,8574244
1790088019,8577352
1790088319,8582379
1790088619,8599009
1790088919,8603372
1790089219,8620717
1790089519,8622828
1790089819,8629425
1790090119,8626035
1790090419,8618228
1790090719,8625506
1790091019,8628274
1790091319,8631119
1790091619,8635230
1790091919,8648697
1790092219,8651698
1790092519,8641409
1790092819,8642804
1790093119,8645104
1790093419,8635029
1790093719,8620900
1790094019,8612834
1790094319,8619336
1790094619,8611879
1790094919,8611971
1790095219,8618056
1790095519,8622617
1790095819,8631071
1790096119,8652514
1790096419,8646443
1790096719,8649316
1790097019,8647525
1790097319,8641796
1790097619,8632839
1790097919,8647646
1790098219,8656317
1790098519,8660774
1790098819,8648775
1790099119,8650102
1790099419,8650273
1790099719,8652031
1790100019,8660617
1790100319,8658327
1790100619,8651781
1790100919,8655754
1790101219,8663206
1790101519,8651462
1790101819,8632759
1790102119,8630423
1790102419,8639157
1790102719,8642390
1790103019,8651063
1790103319,8651436
1790103619,8650103
1790103919,8645346
1790104219,8649585
1790104519,8651361
1790104819,8654465
1790105119,8649286
1790105419,8653136
1790105719,8645732
1790106020,8632513
1790106319,8638047
1790106619,8634872
1790106919,8621738
1790107219,8623516
1790107519,8624109
1790107819,8626045
1790108119,8623725
1790108419,8623858
1790108719,8629948
1790109019,8634505
1790109319,8632200
1790109619,8635388
1790109919,8633739
1790110219,8627418
1790110519,8623986
1790110819,8625905
1790111119,8629596
1790111419,8628415
1790111719,8625713
1790112019,8624615
1790112319,8623086
1790112619,8625054
1790112919,8627492
1790113219,8625076
1790113519,8620147
1790113819,8629151
1790114119,8624498
1790114419,8620738
1790114719,8612544
1790115019,8610824
1790115319,8603772
1790115619,8617141
1790115919,8619112
1790116219,8617685
1790116519,8621048
1790116819,8621477
1790117119,8623440
1790117419,8620911
1790117719,8618080
1790118019,8613468
1790118319,8619302
1790118619,8641778
1790118919,8638704
1790119219,8638103
1790119519,8633007
1790119819,8621946
1790120119,8617147
1790120419,8612837
1790120719,8612421
1790121019,8616758
1790121319,8617010
1790121619,8618529
1790121919,8619655
1790122219,8619291
1790122519,8632917
1790122819,8643600
1790123119,8647626
1790123419,8646350
1790123719,8650283
1790124019,8647473
1790124319,8646410
1790124619,8647061
1790124919,8646497
1790125219,8644084
1790125519,8657569
1790125819,8664550
1790126119,8670539
1790126419,8669364
1790126719,8667492
1790127019,8662381
1790127319,8659391
1790127619,8643170
1790127919,8629752
1790128219,8623476
1790128519,8620112
1790128819,8631776
1790129119,8633220
1790129419,8633231
1790129719,8634347
1790130019,8642805
1790130319,8656348
1790130619,8657743
1790130919,8655831
1790131219,8651944
1790131519,8648101
1790131819,8647314
1790132119,8646302
1790132419,8651922
1790132719,8645677
1790133019,8645059
1790133319,8650701
1790133619,8654189
1790133919,8672177
1790134219,8664675
1790134519,8667551
1790134819,8678649
1790135119,8686347
1790135419,8674886
1790135719,8670653
1790136019,8670375
1790136319,8664416
1790136619,8679100
1790136919,8683052
1790137219,8682175
1790137519,8707017
1790137819,8707734
1790138119,8723185
1790138419,8713926
1790138719,8713590
1790139019,8719275
1790139319,8714550
1790139619,8716786
1790139919,8696041
1790140219,8690717
1790140519,8693216
1790140819,8688057
1790141119,8681024
1790141419,8678424
1790141719,8672553
1790142019,8676450
1790142319,8675690
1790142619,8669403
1790142919,8655789
1790143219,8646959
1790143519,8651611
1790143819,8653311
1790144119,8658559
1790144419,8653478
1790144719,8649532
1790145019,8643535
1790145319,8643595
1790145619,8651792
1790145919,8655095
1790146219,8647399
1790146519,8645211
1790146819,8646797
1790147119,8643543
1790147419,8640401
1790147719,8637128
1790148019,8638929
1790148319,8634888
1790148619,8636749
1790148919,8628099
1790149219,8619690
1790149519,8615580
1790149819,8608972
1790150119,8617027
1790150419,8615937
1790150719,8616030
1790151019,8617059
1790151319,8618027
1790151619,8624377
1790151919,8622018
1790152219,8615507
1790152519,8616987
1790152819,8618531
1790153119,8611676
1790153419,8590956
1790153719,8576990
1790154019,8588974
1790154319,8591554
1790154619,8598901
1790154919,8593561
1790155219,8591388
1790155519,8596622
1790155819,8591155
1790156119,8583931
1790156419,8581703
1790156719,8580162
1790157019,8580738
1790157319,8578669
1790157619,8586059
1790157919,8585560
1790158219,8583871
1790158519,8582416
1790158819,8582368
1790159119,8570810
1790159419,8575456
1790159719,8576857
1790160019,8584525
1790160319,8585408
1790160619,8586453
1790160919,8583277
1790161219,8588485
1790161519,8584931
1790161819,8584198
1790162119,8573671
1790162419,8569311
1790162719,8558602
1790163019,8552881
1790163319,8550830
1790163619,8547013
1790163919,8548359
1790164219,8560233
1790164519,8564460
1790164819,8563795
1790165119,8552621
1790165419,8552708
1790165719,8546238
1790166019,8534290
1790166319,8543332
1790166619,8545717
1790166919,8550896
1790167219,8549042
1790167519,8545770
1790167819,8550280
1790168119,8545920
1790168419,8544511
1790168719,8541061
1790169019,8531139
1790169319,8534997
1790169619,8541934
1790169919,8543021
1790170219,8552710
1790170519,8558823
1790170819,8573356
1790171119,8580880
1790171419,8566700
1790171719,8563121
1790172019,8576106
1790172319,8576201
1790172619,8540721
1790172919,8491341
1790173219,8445368
1790173518,8422767
1790173819,8406275
1790174119,8425738
1790174419,8434147
1790174719,8430766
1790175019,8427918
1790175319,8445038
1790175619,8449731
1790175919,8454293
1790176219,8460609
1790176519,8463919
1790176819,8461913
1790177119,8458484
1790177419,8455823
1790177719,8447149
1790178019,8436907
1790178319,8431063
1790178619,8424964
1790178919,8412825
1790179219,8403031
1790179519,8380013
1790179819,8425946
1790180119,8430542
1790180419,8429644
1790180719,8423284
1790181019,8420696
1790181319,8424609
1790181619,8412899
1790181919,8407708
1790182219,8394834
1790182519,8391803
1790182818,8401275
1790183119,8395415
1790183419,8386704
1790183719,8379288
1790184019,8398400
1790184319,8408613
1790184619,8404684
1790184919,8402442
1790185219,8401975
1790185519,8419160
1790185819,8429131
1790186119,8431457
1790186419,8429650
1790186719,8423966
1790187019,8425822
1790187319,8420622
1790187619,8422973
1790187919,8418325
1790188219,8415909
1790188519,8414565
1790188819,8414358
1790189119,8419233
1790189419,8424267
1790189719,8435634
1790190019,8433020
1790190319,8428173
1790190619,8428507
1790190919,8435693
1790191219,8434048
1790191519,8441495
1790191819,8441022
1790192119,8443338
1790192419,8444312
1790192719,8444493
1790193019,8449784
1790193319,8449710
1790193619,8450767
1790193919,8437000
1790194219,8438548
1790194519,8434372
1790194819,8436897
1790195119,8432175
1790195419,8427631
1790195719,8432441
1790196019,8435899
1790196319,8440449
1790196619,8434992
1790196919,8425942
1790197219,8423175
1790197519,8427755
1790197819,8428854
1790198119,8435008
1790198419,8433862
1790198719,8435729
1790199019,8439762
1790199319,8442359
1790199619,8447886
1790199919,8448215
1790200219,8446468
1790200519,8444078
1790200819,8442106
1790201119,8437615
1790201419,8459226
1790201724,8461163
1790202019,8456408
1790202319,8451459
1790202619,8448602
1790202919,8444314
1790203219,8442527
1790203519,8448300
1790203819,8458551
1790204119,8457047
1790204419,8454933
1790204719,8452672
1790205019,8452166
1790205319,8450447
1790205619,8446493
1790205919,8443790
1790206219,8446888
1790206519,8447076
1790206819,8449046
1790207119,8444565
1790207419,8441655
1790207719,8438000
1790208019,8438352
1790208319,8443935
1790208619,8440719
1790208919,8434633
1790209219,8441118
1790209519,8437051
1790209819,8434411
1790210119,8441202
1790210419,8429662
1790210719,8432623
1790211019,8431146
1790211319,8423749
1790211619,8428856
1790211919,8429001
1790212219,8426826
1790212519,8425848
1790212819,8427476
1790213119,8424676
1790213419,8425209
1790213719,8431756
1790214019,8429603
1790214319,8415899
1790214619,8411336
1790214919,8412338
1790215219,8410393
1790215519,8403639
1790215819,8382280
1790216119,8392607
1790216419,8418192
1790216719,8410106
1790217019,8412287
1790217319,8422713
1790217619,8422338
1790217919,8431719
1790218219,8434069
1790218519,8433600
1790218819,8435037
1790219119,8442514
1790219419,8432977
1790219719,8427706
1790220019,8424102
1790220319,8409175
1790220619,8403337
1790220919,8397233
1790221219,8391613
1790221519,8398564
1790221819,8393921
1790222119,8389491
1790222419,8389068
1790222719,8383569
1790223019,8391250
1790223319,8382189
1790223619,8381076
1790223919,8385677
1790224219,8390023
1790224519,8388693
1790224819,8386571
1790225119,8386285
1790225419,8378871
1790225719,8385552
1790226019,8401742
1790226319,8420336
1790226619,8432067
1790226919,8420224
1790227219,8416421
1790227519,8416692
1790227819,8417273
1790228119,8411031
1790228419,8416161
1790228719,8417884
1790229019,8415268
1790229319,8414344
1790229619,8399352
1790229919,8398746
1790230219,8408848
1790230519,8411685
1790230819,8415765
1790231119,8409112
1790231419,8415792
1790231719,8417504
1790232019,8417220
1790232319,8417909
1790232618,8412350
1790232919,8409875
1790233219,8411039
1790233519,8398308
1790233819,8407071
1790234119,8406179
1790234412,8413323
1790234713,8416245
1790235013,8433336
1790235313,8448368
1790235613,8446183
1790235913,8440353
1790236213,8443268
1790236513,8455165
1790236813,8450804
1790237113,8454114
1790237413,8452987
1790237713,8440017
1790238013,8435660
1790238313,8413283
1790238616,8386922
1790238913,8385754
1790239213,8380120
1790239513,8373816
1790239813,8351397
1790240113,8346218
1790240413,8357410
1790240713,8355399
1790241013,8359834
1790241313,8345896
1790241613,8342936
1790241913,8337619
1790242213,8334162
1790242513,8301969
1790242813,8323479
1790243113,8316781
1790243413,8307710
1790243713,8320057
1790244013,8322371
1790244313,8332916
1790244613,8322296
1790244913,8322315
1790245213,8329330
1790245513,8322740
1790245813,8322804
1790246113,8321972
1790246413,8329361
1790246713,8338518
1790247013,8342829
1790247313,8349077
1790247613,8347260
1790247913,8355861
1790248213,8351815
1790248513,8352558
1790248813,8352313
1790249113,8355091
1790249413,8351494
1790249713,8347407
1790250013,8344066
1790250275,8340671
1790250576,8341815
1790250876,8340841
1790251176,8344918
1790251476,8339763
1790251776,8345625
1790252076,8350920
1790252376,8353401
1790252676,8358718
1790252976,8352546
1790253276,8340361
1790253576,8336504
1790253876,8345859
1790254176,8345329
1790254476,8341151
1790254776,8359886
1790255076,8368622
1790255376,8368082
1790255676,8370214
1790255976,8381300
1790256276,8379508
1790256576,8377747
1790256876,8409025
1790257176,8412547
1790257476,8392185
1790257776,8395559
1790258076,8391360
1790258376,8419338
1790258676,8421043
1790258976,8427901
1790259276,8419909
1790259576,8424436
1790259876,8431517
1790260176,8473542
1790260476,8474703
1790260776,8452376
1790261076,8442693
1790261376,8408073
1790261676,8370526
1790261714,8364930
1790262015,8360486
1790262315,8356866
1790262615,8384624
1790262915,8385027
1790263215,8396117
1790263515,8413878
1790263815,8408969
1790264115,8418202
1790264415,8433236
1790264715,8434296
1790265015,8433011
1790265315,8436398
1790265615,8438728
1790265915,8425132
1790266215,8417078
1790266515,8411223
1790266815,8460141
1790267115,8461732
1790267415,8464954
1790267715,8449971
1790268015,8463100
1790268315,8468139
1790268615,8464334
1790268915,8448608
1790269215,8450264
1790269515,8444166
1790269815,8443524
1790270115,8442596
1790270415,8438272
1790270715,8425129
1790271015,8427785
1790271315,8432348
1790271615,8422382
1790271915,8416686
1790272215,8416871
1790272515,8408298
1790272815,8406784
1790273115,8391748
1790273415,8411755
1790273715,8419177
1790274015,8434114
1790274315,8435890
1790274615,8442916
1790274915,8434111
1790275215,8434941
1790275515,8438772
1790275815,8437662
1790276115,8441860
1790276415,8447241
1790276715,8430883
1790277015,8442470
1790277315,8455666
1790277613,8457788
1790277914,8458181
1790278214,8461203
1790278514,8458117
1790278814,8447585
1790279114,8443910
1790279414,8447521
1790279714,8450289
1790280014,8436358
1790280314,8438521
1790280614,8439045
1790280914,8428189
1790281214,8426153
1790281514,8419436
1790281814,8425839
1790282114,8421578
1790282414,8433334
1790282714,8437781
1790283014,8442416
1790283314,8437968
1790283614,8432667
1790283914,8432931
1790284214,8432636
1790284514,8433456
1790284814,8439129
1790285114,8439803
1790285414,8440703
1790285714,8446887
1790286014,8441283
1790286314,8445894
1790286614,8441090
1790286914,8439918
1790287214,8432935
1790287514,8433344
1790287814,8431226
1790288114,8430846
1790288414,8404736
1790288714,8408128
1790289013,8413046
1790289314,8415286
1790289614,8410598
1790289914,8409865
1790290214,8420095
1790290513,8422698
1790290814,8424282
1790291114,8428572
1790291414,8432793
1790291713,8427575
1790292014,8431925
1790292314,8436460
1790292614,8440727
1790292913,8441234
1790293214,8443124
1790293514,8439622
1790293814,8437896
1790294114,8437474
1790294414,8438224
1790294714,8446073
1790295014,8461937
1790295314,8463037
1790295613,8454922
1790295913,8459626
1790296213,8462412
1790296513,8457131
1790296813,8458283
1790297114,8459819
1790297414,8459684
1790297714,8461768
1790298014,8456400
1790298314,8465671
1790298613,8469207
1790298914,8469727
1790299213,8468921
1790299514,8458096
1790299814,8453384
1790300114,8441402
1790300414,8438762
1790300714,8448291
1790301013,8449852
1790301314,8454825
1790301614,8454757
1790301914,8473031
1790302214,8478035
1790302514,8481908
1790302813,8482578
1790303114,8477169
1790303414,8468071
1790303714,8466276
1790304013,8445623
1790304314,8444668
1790304614,8430540
1790304914,8424378
1790305214,8419313
1790305514,8419177
1790305814,8428046
1790306114,8424004
1790306414,8422749
1790306714,8422349
1790307013,8415134
1790307314,8418312
1790307614,8427717
1790307914,8424495
1790308214,8417387
1790308514,8416902
1790308814,8420842
1790309114,8415560
1790309414,8419217
1790309714,8406520
1790310014,8411715
1790310314,8410016
1790310614,8409685
1790310914,8414938
1790311214,8419049
1790311513,8426464
1790311814,8419592
1790312114,8416188
1790312414,8417672
1790312713,8423120
1790313014,8418287
1790313313,8418078
1790313614,8419915
1790313914,8410999
1790314214,8416816
1790314514,8412205
1790314814,8427523
1790315114,8424680
1790315413,8426220
1790315714,8421908
1790316014,8418725
1790316314,8417815
1790316614,8416188
1790316914,8402234
1790317214,8413671
1790317514,8420809
1790317814,8409766
1790318114,8403659
1790318414,8397147
1790318418,8397348
1790318720,8401465
1790319019,8401201
1790319319,8403497
1790319619,8402695
1790319919,8400580
1790320219,8390181
1790320519,8380502
1790320819,8391719
1790321119,8397870
1790321419,8401855
1790321719,8389305
1790322019,8381955
1790322319,8387726
1790322619,8396662
1790322919,8397657
1790323219,8403544
1790323519,8412138
1790323819,8408862
1790324118,8411938
1790324419,8420852
1790324719,8433106
1790325019,8442343
1790325319,8438841
1790325619,8434101
1790325919,8431028
1790326219,8428629
1790326519,8434049
1790326819,8440702
1790327119,8451701
1790327419,8466887
1790327719,8459975
1790328019,8456738
1790328319,8463019
1790328619,8478765
1790328919,8471858
1790329219,8467947
1790329519,8461514
1790329819,8460164
1790330119,8458271
1790330419,8458152
1790330719,8442844
1790331019,8440816
1790331319,8447400
1790331619,8444848
1790331919,8449043
1790332219,8468923
1790332519,8467890
1790332819,8472563
1790333118,8476849
1790333419,8477630
1790333719,8480096
1790334019,8470696
1790334318,8477366
1790334619,8505795
1790334919,8517367
1790335219,8509688
1790335519,8491728
1790335819,8492742
1790336119,8485613
1790336419,8484204
1790336719,8471371
1790337019,8461303
1790337319,8461696
1790337619,8458885
1790337919,8463875
1790338219,8465264
1790338519,8445961
1790338819,8399284
1790339119,8422893
1790339419,8434904
1790339719,8444604
1790340019,8448766
1790340319,8439435
1790340619,8441428
1790340919,8442549
1790341219,8445646
1790341519,8444177
1790341819,8446300
1790342119,8441807
1790342419,8436132
1790342719,8423058
1790343019,8410848
1790343319,8395400
1790343619,8409119
1790343919,8393759
1790344219,8372547
1790344519,8392201
1790344819,8390923
1790345119,8349330
1790345419,8341631
1790345719,8357068
1790346019,8356743
1790346319,8361761
1790346619,8363401
1790346919,8383345
1790347219,8386445
1790347519,8372616
1790347819,8378530
1790348119,8372158
1790348419,8395116
1790348719,8386927
1790349019,8388376
1790349319,8393876
1790349625,8384860
1790349919,8386139
1790350219,8376979
1790350519,8377036
1790350819,8359330
1790351119,8349181
1790351419,8343525
1790351719,8346874
1790352019,8372382
1790352319,8395350
1790352619,8396606
1790352919,8399142
1790353219,8403305
1790353519,8395681
1790353819,8397597
1790354119,8389137
1790354419,8391060
1790354719,8391300
1790355019,8377765
1790355319,8383824
1790355619,8374233
1790355919,8389416
1790356219,8387155
1790356519,8393403
1790356819,8391423
1790357119,8388250
1790357419,8371415
1790357719,8371704
1790358019,8369489
1790358319,8378670
1790358619,8375808
1790358919,8370543
1790359219,8373575
1790359519,8380161
1790359819,8386388
1790360119,8397829
1790360419,8400866
1790360719,8400013
1790361019,8393407
1790361319,8395621
1790361619,8392258
1790361919,8395536
1790362219,8393279
1790362519,8393990
1790362819,8396076
1790363119,8392644
1790363419,8394954
1790363719,8401710
1790364019,8397859
1790364319,8399271
1790364619,8397627
1790364919,8399244
1790365219,8402477
1790365519,8396096
1790365819,8400286
1790366119,8400334
1790366419,8401476
1790366719,8396901
1790367019,8395028
1790367319,8395713
1790367619,8399019
1790367919,8405274
1790368219,8405267
1790368519,8406544
1790368819,8411748
1790369119,8410703
1790369419,8404323
1790369719,8396480
1790370019,8386198
1790370319,8384215
1790370619,8368180
1790370919,8370961
1790371219,8363236
1790371519,8370052
1790371819,8375810
1790372119,8377202
1790372419,8377390
1790372719,8380040
1790373019,8382807
1790373319,8383722
1790373619,8381455
1790373919,8380802
1790374219,8388937
1790374519,8391884
1790374819,8394118
1790375119,8394812
1790375419,8390428
1790375719,8399262
1790376019,8405421
1790376319,8406142
1790376619,8405267
1790376919,8408739
1790377219,8406937
1790377519,8407990
1790377819,8408300
1790378119,8406296
1790378419,8406036
1790378719,8403800
1790379019,8407134
1790379319,8406866
1790379619,8406771
1790379919,8406433
1790380219,8406555
1790380519,8405521
1790380820,8406811
1790381119,8404877
1790381419,8408080
1790381719,8405587
1790382020,8403767
1790382319,8402893
1790382619,8398259
1790382919,8383152
1790383219,8380896
1790383519,8387678
1790383819,8389540
1790384119,8389362
1790384419,8389230
1790384719,8394071
1790385019,8392393
1790385319,8392165
1790385619,8395274
1790385919,8394675
1790386219,8393413
1790386519,8394909
1790386819,8400659
1790387119,8403091
1790387419,8403443
1790387719,8406244
1790388019,8406138
1790388319,8401790
1790388619,8402330
1790388919,8407335
1790389219,8411036
1790389519,8404466
1790389819,8403103
1790390119,8401889
1790390419,8401500
1790390719,8401264
1790391019,8402621
1790391319,8402116
1790391619,8401341
1790391919,8398756
1790392219,8399615
1790392519,8392600
1790392819,8391804
1790393119,8394295
1790393419,8401206
1790393719,8401101
1790394019,8399528
1790394319,8395371
1790394619,8393739
1790394919,8394044
1790395219,8392987
1790395519,8398257
1790395819,8399163
1790396119,8398370
1790396419,8401628
1790396719,8394582
1790397019,8388805
1790397319,8389711
1790397619,8391106
1790397919,8396044
1790398219,8397194
1790398519,8397282
1790398819,8396722
1790399119,8397786
1790399419,8398492
1790399719,8395378
1790400019,8391665
1790400319,8396974
1790400619,8392592
1790400919,8388836
1790401219,8392759
1790401519,8394875
1790401819,8396595
1790402119,8391023
1790402419,8391095
1790402719,8390280
1790403019,8390812
1790403319,8389720
1790403619,8389182
1790403919,8390681
1790404219,8391860
1790404519,8391781
1790404819,8390896
1790405119,8390369
1790405419,8392211
1790405719,8390897
1790406019,8389404
1790406319,8394620
1790406619,8398750
1790406919,8399233
1790407219,8399912
1790407519,8400611
1790407819,8399873
1790408119,8399973
1790408419,8401760
1790408719,8402608
1790409019,8406138
1790409319,8406645
1790409619,8409925
1790409919,8405118
1790410219,8405649
1790410519,8405362
1790410819,8403640
1790411119,8403228
1790411419,8408292
1790411719,8423698
1790412019,8428102
1790412319,8426544
1790412619,8421523
1790412919,8420923
1790413219,8419850
1790413519,8419260
1790413819,8417280
1790414119,8401434
1790414419,8398004
1790414719,8399212
1790415019,8400533
1790415319,8401603
1790415619,8400497
1790415919,8399998
1790416219,8400915
1790416519,8400213
1790416819,8399345
1790417119,8405774
1790417419,8408857
1790417719,8410307
1790418019,8413594
1790418319,8412995
1790418619,8412351
1790418919,8412088
1790419219,8411973
1790419519,8413210
1790419819,8414109
1790420119,8413924
1790420419,8416608
1790420719,8415882
1790421019,8415314
1790421319,8415331
1790421619,8418191
1790421919,8416387
1790422219,8415196
1790422519,8415634
1790422819,8418508
1790423119,8416663
1790423419,8415665
1790423719,8416817
1790424019,8416274
1790424319,8411827
1790424619,8414273
1790424919,8411949
1790425219,8416701
1790425519,8410500
1790425819,8408734
1790426119,8410463
1790426419,8407386
1790426719,8403688
1790427019,8405462
1790427319,8404990
1790427619,8404549
1790427919,8405512
1790428219,8407409
1790428519,8398399
1790428819,8398196
1790429119,8394948
1790429419,8389925
1790429719,8388885
1790430019,8391574
1790430319,8391028
1790430619,8393968
1790430919,8392967
1790431219,8394076
1790431519,8393780
1790431819,8391528
1790432119,8394084
1790432419,8394881
1790432719,8395689
1790433019,8396774
1790433319,8399618
1790433619,8400033
1790433919,8400786
1790434219,8400495
1790434519,8402780
1790434819,8401282
1790435119,8402162
1790435419,8401097
1790435719,8401093
1790436019,8402461
1790436319,8403378
1790436619,8404469
1790436919,8412806
1790437219,8412703
1790437519,8410216
1790437819,8407769
1790438119,8412461
1790438419,8413886
1790438719,8412278
1790439019,8413232
1790439319,8411507
1790439619,8411602
1790439919,8409841
1790440219,8409333
1790440519,8414362
1790440819,8413824
1790441119,8413889
1790441419,8413522
1790441719,8412165
1790442019,8410244
1790442319,8409567
1790442619,8407154
1790442919,8406435
1790443219,8405911
1790443519,8405432
1790443819,8405413
1790444119,8403703
1790444419,8406461
1790444719,8407719
1790445019,8410153
1790445319,8409763
1790445619,8412256
1790445919,8414124
1790446219,8409837
1790446519,8409297
1790446819,8406870
1790447119,8408134
1790447419,8405575
1790447719,8405288
1790448019,8402890
1790448319,8401564
1790448619,8399413
1790448919,8398775
1790449219,8399156
1790449519,8402911
1790449819,8400776
1790450119,8401204
1790450419,8401477
1790450719,8401932
1790451019,8401666
1790451319,8401340
1790451619,8396821
1790451919,8399313
1790452219,8400775
1790452519,8399419
1790452819,8400600
1790453119,8402310
1790453419,8399651
1790453719,8400022
1790454019,8402959
1790454319,8403872
1790454619,8406695
1790454919,8407760
1790455219,8403476
1790455519,8388678
1790455819,8384982
1790456119,8398487
1790456419,8401393
1790456719,8406132
1790457019,8407846
1790457319,8410266
1790457619,8412867
1790457919,8412277
1790458219,8416202
1790458519,8419521
1790458819,8418539
1790459119,8415447
1790459419,8413753
1790459719,8411453
1790460019,8413824
1790460319,8420464
1790460619,8431407
1790460919,8432695
1790461219,8428152
1790461519,8428476
1790461819,8432814
1790462119,8428143
1790462419,8425611
1790462719,8427356
1790463019,8428420
1790463319,8431066
1790463619,8425788
1790463919,8433615
1790464219,8430498
1790464519,8433527
1790464819,8436297
1790465119,8437292
1790465419,8435787
1790465719,8439167
1790466019,8437926
1790466319,8434802
1790466619,8439965
1790466919,8441756
1790467219,8441412
1790467519,8435304
1790467819,8434216
1790468119,8431512
1790468419,8427093
1790468719,8425296
1790469019,8424650
1790469319,8431853
1790469619,8433259
1790469919,8433131
1790470219,8431301
1790470519,8429147
1790470819,8429020
1790471119,8428102
1790471419,8431443
1790471719,8436953
1790472019,8435029
1790472319,8434600
1790472619,8431919
1790472919,8430565
1790473219,8430590
1790473519,8438344
1790473819,8444106
1790474119,8450621
1790474419,8448455
1790474719,8444470
1790475019,8449361
1790475319,8446640
1790475619,8447325
1790475919,8450315
1790476219,8449248
1790476519,8449683
1790476819,8447294
1790477119,8445842
1790477419,8445582
1790477719,8443503
1790478019,8443587
1790478319,8446227
1790478619,8448375
1790478919,8446617
1790479219,8444166
1790479519,8439223
1790479819,8436490
1790480145,8439200
1790480445,8438926
1790480735,8438691
1790481029,8437423
1790481333,8437041
1790481625,8437765
1790481925,8437598
1790482221,8441580
1790482519,8447141
1790482819,8443352
1790483119,8443807
1790483419,8441502
1790483719,8433167
1790484019,8431385
1790484319,8429355
1790484619,8432669
1790484919,8430684
1790485219,8430963
1790485519,8434887
1790485819,8437150
1790486119,8436065
1790486419,8437749
1790486719,8437997
1790487019,8437616
1790487319,8443581
1790487619,8457364
1790487919,8451868
1790488219,8451275
1790488519,8446807
1790488819,8446446
1790489119,8448519
1790489419,8452643
1790489719,8457645
1790490019,8456000
1790490319,8460225
1790490619,8458449
1790490919,8451306
1790491219,8451776
1790491519,8450270
1790491819,8452233
1790492119,8450730
1790492419,8449121
1790492719,8452330
1790493019,8451011
1790493319,8451641
1790493619,8449373
1790493919,8448211
1790494219,8449785
1790494519,8455087
1790494819,8454917
1790495119,8457797
1790495419,8462798
1790495719,8467023
1790496019,8475115
1790496319,8477754
1790496619,8481381
1790496919,8478821
1790497219,8480388
1790497519,8477354
1790497819,8478431
1790498119,8484066
1790498419,8474651
1790498719,8471737
1790499019,8471631
1790499319,8477940
1790499619,8478474
1790499919,8471965
1790500219,8464120
1790500519,8465136
1790500819,8465055
1790501119,8463970
1790501419,8467989
1790501719,8475817
1790502019,8474355
1790502319,8477137
1790502619,8490953
1790502919,8487825
1790503219,8491402
1790503519,8490973
1790503819,8495248
1790504119,8502413
1790504419,8499263
1790504719,8495486
1790505019,8491358
1790505319,8489455
1790505619,8488409
1790505919,8484741
1790506219,8485156
1790506519,8478726
1790506819,8483672
1790507119,8485081
1790507419,8489984
1790507719,8489811
1790508019,8483828
1790508319,8488860
1790508619,8488808
1790508919,8483427
1790509219,8484638
1790509519,8488158
1790509819,8483553
1790510119,8487723
1790510419,8488496
1790510719,8493483
1790511019,8494957
1790511319,8498333
1790511619,8498365
1790511919,8496672
1790512219,8493933
1790512519,8495837
1790512819,8497320
1790513119,8497443
1790513419,8494648
1790513719,8492797
1790514019,8478697
1790514319,8471676
1790514619,8476731
1790514919,8465991
1790515219,8474328
1790515519,8481909
1790515819,8490113
1790516119,8503776
1790516419,8487994
1790516719,8479627
1790517019,8489735
1790517319,8487992
1790517619,8500462
1790517919,8491351
1790518219,8500457
1790518519,8498635
1790518819,8494334
1790519119,8483521
1790519419,8470616
1790519719,8475094
1790520019,8469786
1790520319,8474161
1790520619,8455688
1790520919,8459905
1790521219,8455172
1790521519,8447300
1790521819,8448546
1790522119,8447788
1790522419,8455267
1790522719,8455385
1790523019,8456258
1790523319,8452860
1790523619,8448112
1790523919,8445387
1790524219,8447837
1790524519,8444167
1790524819,8445086
1790525119,8448394
1790525419,8455085
1790525724,8453947
1790526019,8454287
1790526319,8457750
1790526619,8455618
1790526919,8450410
1790527219,8445199
1790527519,8438203
1790527819,8439559
1790528119,8439856
1790528419,8440450
1790528719,8444250
1790529019,8437867
1790529319,8437779
1790529619,8441838
1790529919,8442518
1790530219,8442130
1790530519,8446644
1790530819,8447266
1790531119,8445839
1790531419,8452278
1790531719,8453975
1790532019,8454871
1790532319,8454723
1790532619,8455752
1790532919,8457723
1790533219,8461934
1790533519,8467105
1790533819,8470724
1790534119,8470436
1790534419,8472159
1790534719,8473829
1790535019,8473932
1790535319,8472436
1790535619,8479073
1790535919,8472145
1790536219,8475300
1790536519,8477839
1790536819,8481353
1790537119,8476278
1790537419,8468425
1790537719,8465935
1790538019,8474024
1790538319,8475685
1790538619,8477808
1790538919,8473587
1790539219,8472535
1790539519,8474070
1790539819,8475172
1790540119,8478572
1790540419,8475892
1790540719,8462204
1790541019,8460454
1790541319,8458324
1790541619,8458764
1790541919,8460894
1790542219,8454821
1790542519,8454948
1790542819,8453876
1790543119,8459092
1790543419,8460753
1790543719,8464662
1790544019,8465888
1790544319,8466523
1790544619,8460611
1790544919,8459106
1790545219,8449198
1790545519,8452950
1790545819,8464909
1790546119,8467122
1790546419,8467140
1790546719,8442504
1790547019,8439337
1790547319,8432978
1790547619,8439262
1790547919,8449165
1790548219,8454227
1790548519,8433524
1790548819,8421036
1790549119,8418019
1790549419,8416597
1790549719,8421455
1790550019,8420151
1790550319,8424813
1790550619,8415102
1790550919,8422328
1790551219,8426260
1790551519,8432236
1790551819,8440509
1790552119,8441315
1790552419,8439274
1790552719,8433455
1790553019,8442728
1790553319,8447272
1790553619,8445539
1790553919,8453066
1790554219,8443106
1790554519,8440772
1790554819,8459147
1790555119,8486632
1790555419,8472458
1790555719,8437624
1790556019,8425476
1790556319,8427047
1790556619,8449528
1790556919,8440693
1790557219,8415523
1790557519,8409025
1790557819,8412307
1790558119,8395765
1790558419,8392271
1790558719,8402775
1790559019,8406256
1790559319,8402829
1790559619,8389047
1790559919,8385428
1790560219,8374536
1790560519,8378370
1790560819,8370180
1790561119,8356464
1790561419,8361831
1790561719,8374041
1790562019,8364501
1790562319,8359231
1790562619,8364169
1790562919,8348882
1790563219,8346137
1790563519,8348112
1790563819,8341861
1790564119,8343084
1790564419,8339946
1790564719,8345591
1790565019,8346622
1790565319,8342561
1790565619,8346696
1790565919,8338579
1790566219,8331429
1790566519,8323221
1790566819,8340424
1790567119,8345220
1790567419,8340840
1790567719,8339353
1790568019,8333138
1790568319,8325269
1790568619,8331977
1790568919,8340056
1790569219,8347171
1790569519,8347196
1790569819,8346287
1790570119,8342418
1790570419,8344148
1790570719,8348253
1790571019,8342893
1790571319,8346629
1790571619,8347928
1790571919,8337256
1790572219,8334725
1790572519,8328611
1790572819,8321785
1790573119,8308103
1790573419,8307310
1790573719,8293434
1790574019,8281616
1790574319,8307685
1790574619,8311722
1790574919,8308046
1790575219,8315949
1790575519,8314551
1790575819,8319724
1790576119,8323606
1790576419,8317629
1790576719,8307591
1790577019,8305363
1790577319,8309793
1790577619,8308533
1790577919,8317446
1790578219,8314860
1790578519,8313175
1790578819,8313154
1790579119,8322441
1790579419,8309509
1790579719,8306421
1790580019,8310545
1790580319,8299665
1790580619,8291600
1790580919,8293875
1790581219,8292955
1790581519,8291002
1790581819,8295041
1790582119,8298184
1790582419,8291671
1790582719,8305544
1790583019,8297672
1790583319,8296499
1790583619,8292898
1790583919,8283890
1790584219,8282051
1790584519,8291186
1790584819,8280532
1790585119,8286038
1790585419,8290685
1790585719,8294996
1790586019,8294289
1790586319,8274158
1790586619,8264026
1790586919,8280577
1790587219,8285236
1790587519,8284763
1790587819,8276389
1790588119,8274339
1790588419,8259036
1790588719,8260632
1790589019,8269916
1790589319,8263125
1790589619,8263420
1790589919,8276808
1790590219,8269596
1790590519,8269024
1790590819,8273993
1790591119,8275913
1790591420,8277544
1790591720,8279960
1790592020,8288400
1790592320,8291131
1790592620,8285471
1790592920,8296831
1790593220,8293790
1790593520,8297129
1790593820,8299021
1790594120,8294940
1790594420,8299660
1790594720,8298721
1790595020,8298528
1790595320,8297636
1790595620,8303374
1790595920,8304838
1790596220,8298428
1790596520,8296658
1790596820,8305103
1790597120,8309048
1790597420,8342001
1790597720,8332776
1790598020,8335329
1790598320,8333583
1790598620,8335157
1790598920,8333951
1790599220,8331278
1790599520,8328834
1790599820,8337343
1790600120,8348932
1790600420,8354981
1790600720,8339313
1790601020,8333851
1790601320,8336622
1790601620,8336858
1790601920,8337723
1790602220,8350569
1790602520,8349740
1790602820,8363611
1790603120,8374174
1790603420,8365103
1790603720,8366795
1790604020,8362757
1790604320,8343849
1790604620,8347421
1790604920,8344970
1790605220,8332156
1790605520,8354786
1790605820,8324524
1790606120,8325667
1790606420,8334214
1790606720,8301054
1790607020,8289372
1790607321,8284903
1790607621,8294561
1790607920,8298292
1790608220,8307408
1790608520,8293920
1790608820,8286482
1790609120,8288549
1790609420,8305563
1790609720,8308170
1790610020,8324909
1790610320,8319395
1790610620,8324891
1790610920,8327860
1790611220,8334598
1790611520,8326563
1790611820,8337819
1790612120,8340227
1790612420,8360705
1790612720,8380284
1790613020,8406413
1790613320,8396582
1790613620,8384818
1790613920,8371655
1790614220,8359582
1790614520,8366030
1790614820,8367147
1790615120,8365181
1790615420,8355166
1790615720,8410779
1790616020,8403728
1790616320,8400199
1790616620,8388222
1790616920,8390820
1790617220,8389017
1790617520,8398126
1790617820,8390987
1790618120,8388288
1790618420,8386759
1790618720,8392128
1790619020,8389773
1790619320,8393474
1790619620,8389825
1790619920,8394201
1790620220,8391778
1790620520,8381698
1790620820,8381057
1790621120,8381825
1790621420,8384791
1790621720,8398061
1790622020,8401196
1790622320,8387593
1790622620,8367518
1790622920,8369902
1790623212,8368338
1790623513,8365215
1790623813,8363258
1790624114,8350850
1790624415,8324940
1790624715,8325737
1790625015,8327184
1790625315,8335045
1790625615,8335699
1790625915,8339158
1790626215,8352491
1790626515,8354247
1790626815,8345996
1790627115,8349207
1790627415,8348650
1790627715,8349611
1790628015,8349889
1790628315,8348182
1790628615,8345175
1790628915,8343828
1790629215,8349924
1790629515,8360152
1790629815,8357594
1790630115,8355509
1790630415,8348264
1790630715,8343753
1790631015,8342129
1790631315,8341263
1790631615,8339928
1790631915,8338755
1790632215,8336441
1790632517,8326661
1790632815,8319247
1790633115,8314875
1790633415,8312825
1790633715,8317368
1790634015,8318816
1790634315,8317568
1790634615,8320121
1790634915,8327820
1790635215,8341725
1790635515,8344696
1790635815,8345953
1790636115,8348152
1790636415,8350555
1790636715,8357207
1790637015,8349684
1790637315,8342797
1790637615,8347826
1790637915,8348892
1790638215,8354362
1790638515,8355200
1790638815,8355832
1790639115,8356038
1790639415,8352393
1790639715,8352542
1790640015,8349391
1790640315,8348183
1790640615,8349566
1790640915,8348381
1790641215,8340044
1790641515,8334020
1790641815,8347208
1790642115,8351668
1790642415,8351727
1790642715,8349548
1790643015,8336582
1790643315,8325059
1790643615,8317458
1790643915,8316848
1790644215,8302703
1790644515,8300810
1790644815,8288193
1790645115,8296529
1790645415,8286255
1790645715,8286103
1790646015,8282582
1790646315,8292205
1790646615,8297513
1790646915,8299550
1790647215,8302200
1790647515,8299908
1790647815,8295759
1790648115,8300132
1790648415,8305083
1790648715,8295888
1790649015,8293018
1790649315,8289836
1790649615,8294588
1790649915,8296955
1790650215,8302539
1790650515,8291693
1790650815,8293315
1790651115,8295317
1790651415,8290047
1790651715,8288477
1790652015,8291933
1790652315,8307550
1790652615,8315748
1790652915,8316158
1790653215,8310831
1790653515,8310705
1790653815,8311803
1790654115,8309706
1790654415,8303231
1790654715,8303223
1790655015,8302539
1790655315,8310689
1790655615,8316941
1790655915,8323340
1790656215,8319518
1790656515,8313569
1790656815,8313008
1790657115,8313841
1790657415,8306543
1790657715,8315559
1790658015,8317059
1790658315,8319996
1790658615,8316511
1790658915,8322268
1790659215,8327174
1790659515,8329082
1790659815,8327953
1790660115,8303820
1790660415,8303510
1790660715,8322971
1790661015,8328901
1790661315,8335133
1790661615,8337927
1790661915,8346554
1790662215,8367647
1790662515,8379418
1790662815,8376723
1790663115,8380953
1790663415,8382203
1790663715,8390149
1790664015,8382836
1790664315,8386347
1790664615,8387625
1790664915,8395481
1790665215,8396605
1790665515,8391182
1790665815,8399583
1790666115,8394357
1790666415,8395200
1790666715,8394419
1790667015,8396187
1790667315,8401293
1790667318,8401293
1790667619,8410517
1790667919,8398980
1790668219,8398479
1790668519,8400418
1790668819,8394248
1790669120,8402021
1790669420,8397998
1790669720,8402013
1790670020,8404178
1790670320,8419526
1790670620,8413139
1790670920,8398333
1790671220,8392421
1790671520,8383257
1790671820,8383078
1790672120,8379610
1790672420,8384634
1790672720,8377299
1790673020,8375663
1790673320,8375646
1790673620,8376947
1790673920,8379657
1790674220,8381073
1790674520,8393457
1790674820,8396775
1790675120,8396774
1790675420,8414876
1790675720,8422130
1790676020,8422206
1790676320,8415568
1790676620,8420779
1790676920,8421260
1790677220,8410325
1790677520,8408219
1790677820,8412315
1790678120,8402669
1790678420,8400000
1790678720,8398462
1790679020,8397836
1790679320,8403203
1790679620,8400867
1790679920,8393143
1790680220,8402727
1790680520,8399984
1790680820,8401147
1790681120,8403486
1790681420,8403415
1790681558,8408598
1790681864,8419991
1790682159,8418864
1790682225,8418185
1790682486,8427929
1790682787,8435990
1790683087,8438582
1790683387,8437739
1790683687,8429819
1790683987,8428577
1790684287,8436680
1790684587,8420895
1790684887,8414388
1790685187,8421504
1790685487,8435969
1790685787,8436743
1790686087,8426530
1790686387,8428797
1790686687,8433667
1790686987,8428434
1790687287,8431543
1790687587,8438004
1790687887,8437953
1790688187,8441628
1790688487,8438448
1790688787,8418548
1790689087,8413816
1790689387,8420128
1790689687,8413476
1790689987,8424241
1790690287,8431862
1790690587,8406888
1790690887,8392580
1790691192,8387595
1790691487,8388221
1790691787,8390036
1790692087,8405094
1790692387,8393273
1790692687,8379315
1790692987,8392544
1790693287,8392141
1790693587,8384412
1790693887,8382157
1790694187,8363259
1790694487,8352504
1790694787,8344991
1790695087,8340943
1790695387,8325185
1790695687,8296762
1790695987,8306022
1790696287,8316616
1790696587,8314476
1790696887,8317506
1790697187,8305740
1790697487,8301469
1790697787,8310489
1790698092,8300611
1790698387,8302903
1790698687,8308275
1790698987,8315013
1790699287,8323346
1790699587,8316245
1790699887,8321502
1790700187,8307196
1790700487,8303444
1790700787,8301196
1790701087,8296838
1790701387,8301402
1790701687,8313460
1790701987,8308731
1790702287,8305026
1790702587,8303276
1790702887,8309661
1790703187,8317806
1790703487,8310806
1790703787,8312605
1790704087,8308324
1790704387,8302028
1790704687,8298339
1790704987,8322391
1790705287,8334936
1790705592,8331188
1790705887,8343861
1790706187,8345164
1790706487,8341115
1790706787,8348450
1790707087,8352200
1790707387,8364773
1790707687,8356229
1790707987,8362671
1790708287,8358132
1790708587,8359543
1790708887,8365556
1790709187,8360031
1790709487,8358331
1790709787,8357366
1790710087,8354996
1790710387,8357332
1790710687,8352620
1790710987,8347257
1790711287,8346824
1790711587,8358930
1790711887,8355667
1790712187,8349840
1790712487,8355602
1790712787,8350431
1790713087,8354141
1790713387,8359259
1790713687,8359405
1790713987,8357275
1790714287,8357871
1790714587,8360421
1790714887,8360220
1790715187,8362912
1790715487,8361438
1790715787,8356097
1790716087,8350153
1790716387,8352018
1790716687,8347651
1790716987,8340798
1790717287,8334404
1790717587,8338400
1790717887,8343126
1790718187,8348835
1790718487,8339475
1790718787,8343314
1790719087,8344637
1790719387,8353021
1790719687,8351751
1790719987,8359063
1790720287,8353889
1790720587,8359117
1790720887,8361002
1790721187,8353198
1790721487,8354917
1790721787,8357155
1790722087,8355361
1790722387,8358081
1790722687,8359478
1790722987,8362525
1790723287,8377336
1790723587,8377006
1790723887,8380378
1790724187,8370265
1790724487,8371558
1790724787,8367829
1790725087,8365787
1790725387,8365376
1790725687,8368119
1790725987,8367246
1790726287,8362858
1790726587,8367633
1790726887,8365720
1790727187,8349422
1790727487,8349034
1790727787,8340719
1790728087,8346110
1790728387,8354146
1790728687,8349457
1790728987,8348799
1790729287,8340360
1790729587,8335478
1790729887,8336825
1790730187,8339467
1790730487,8338762
1790730787,8341061
1790731087,8340736
1790731387,8338515
1790731687,8345423
1790731987,8334103
1790732287,8333149
1790732587,8333927
1790732887,8341956
1790733187,8344300
1790733487,8340795
1790733787,8343226
1790734087,8353416
1790734387,8345947
1790734687,8342813
1790734987,8341830
1790735287,8341225
1790735587,8336431
1790735887,8328198
1790736187,8336127
1790736487,8338016
1790736787,8341229
1790737087,8335816
1790737387,8334150
1790737687,8336198
1790737987,8331654
1790738287,8323212
1790738587,8321406
1790738887,8322238
1790739187,8323476
1790739487,8326223
1790739787,8336675
1790740087,8328436
1790740387,8326538
1790740687,8325597
1790740987,8332275
1790741287,8333674
1790741587,8331094
1790741887,8335907
1790742187,8336227
1790742487,8337076
1790742787,8330288
1790743087,8332289
1790743387,8328810
1790743687,8327895
1790743987,8320365
1790744287,8318547
1790744587,8327863
1790744887,8326688
1790745187,8324908
1790745487,8317849
1790745787,8324353
1790746087,8328541
1790746387,8341797
1790746687,8342467
1790746987,8341400
1790747287,8341823
1790747587,8337121
1790747887,8329851
1790748187,8336774
1790748487,8333061
1790748787,8321950
1790749087,8311636
1790749387,8311005
1790749687,8305892
1790749987,8309445
1790750287,8305810
1790750587,8305316
1790750887,8298714
1790751187,8298309
1790751487,8311222
1790751787,8298884
1790752087,8298927
1790752387,8298944
1790752687,8304896
1790752987,8321735
1790753287,8331500
1790753587,8326635
1790753887,8335838
1790754187,8336791
1790754487,8336522
1790754787,8339923
1790755087,8331542
1790755387,8323141
1790755687,8321752
1790755987,8314627
1790756287,8315495
1790756587,8320809
1790756887,8312596
1790757187,8302199
1790757487,8302776
1790757787,8306646
1790758087,8307363
1790758387,8303972
1790758687,8302471
1790758987,8307553
1790759287,8319527
1790759587,8323978
1790759887,8325267
1790760187,8330609
1790760487,8338178
1790760787,8353327
1790761087,8361097
1790761387,8351681
1790761687,8353927
1790761987,8355774
1790762287,8359368
1790762587,8368043
1790762887,8371266
1790763187,8371211
1790763487,8366876
1790763787,8373168
1790764087,8379891
1790764387,8381590
1790764687,8385086
1790764987,8384503
1790765287,8384915
1790765587,8389536
1790765887,8388668
1790766187,8376500
1790766487,8370409
1790766787,8371230
1790767087,8378472
1790767387,8370049
1790767687,8382268
1790767987,8376252
1790768287,8377736
1790768587,8388668
1790768887,8387924
1790769187,8382546
1790769487,8380905
1790769787,8387408
